[      17ms] [LOG] [Fast Refresh] done in 379ms @ http://localhost:3000/_next/static/chunks/node_modules_next_dist_1e8vcs8._.js:776
[    1191ms] [INFO] %cDownload the React DevTools for a better development experience: https://react.dev/link/react-devtools font-weight:bold @ http://localhost:3000/_next/static/chunks/node_modules_next_dist_1e8vcs8._.js:776
[    1319ms] [LOG] [HMR] connected @ http://localhost:3000/_next/static/chunks/node_modules_next_dist_1e8vcs8._.js:776
[    1886ms] [LOG] [Fast Refresh] rebuilding @ http://localhost:3000/_next/static/chunks/node_modules_next_dist_1e8vcs8._.js:776
[    2009ms] [LOG] [Fast Refresh] done in 230ms @ http://localhost:3000/_next/static/chunks/node_modules_next_dist_1e8vcs8._.js:776
[   56639ms] [LOG] [Fast Refresh] rebuilding @ http://localhost:3000/_next/static/chunks/node_modules_next_dist_1e8vcs8._.js:776
[   56702ms] [LOG] [Fast Refresh] done in 168ms @ http://localhost:3000/_next/static/chunks/node_modules_next_dist_1e8vcs8._.js:776
[  165585ms] [LOG] [Fast Refresh] rebuilding @ http://localhost:3000/_next/static/chunks/node_modules_next_dist_1e8vcs8._.js:776
[  165618ms] [LOG] [Fast Refresh] done in 142ms @ http://localhost:3000/_next/static/chunks/node_modules_next_dist_1e8vcs8._.js:776
[  259720ms] [LOG] [Fast Refresh] rebuilding @ http://localhost:3000/_next/static/chunks/node_modules_next_dist_1e8vcs8._.js:776
[  259722ms] [LOG] [Fast Refresh] done in 102ms @ http://localhost:3000/_next/static/chunks/node_modules_next_dist_1e8vcs8._.js:776
[ 2839441ms] [LOG] [Fast Refresh] rebuilding @ http://localhost:3000/_next/static/chunks/node_modules_next_dist_1e8vcs8._.js:776
[ 2839738ms] [LOG] [Fast Refresh] done in 279ms @ http://localhost:3000/_next/static/chunks/node_modules_next_dist_1e8vcs8._.js:776
[ 2889907ms] [LOG] [Fast Refresh] rebuilding @ http://localhost:3000/_next/static/chunks/node_modules_next_dist_1e8vcs8._.js:776
[ 2890582ms] [LOG] [Fast Refresh] done in 646ms @ http://localhost:3000/_next/static/chunks/node_modules_next_dist_1e8vcs8._.js:776
[ 2890584ms] [LOG] [Fast Refresh] done in 646ms @ http://localhost:3000/_next/static/chunks/node_modules_next_dist_1e8vcs8._.js:776
[ 2890651ms] [LOG] [Fast Refresh] done in 646ms @ http://localhost:3000/_next/static/chunks/node_modules_next_dist_1e8vcs8._.js:776
[ 2890715ms] [LOG] [Fast Refresh] done in 646ms @ http://localhost:3000/_next/static/chunks/node_modules_next_dist_1e8vcs8._.js:776
[ 2890779ms] [LOG] [Fast Refresh] done in 646ms @ http://localhost:3000/_next/static/chunks/node_modules_next_dist_1e8vcs8._.js:776
[ 2890839ms] [LOG] [Fast Refresh] done in 646ms @ http://localhost:3000/_next/static/chunks/node_modules_next_dist_1e8vcs8._.js:776
[ 2890901ms] [LOG] [Fast Refresh] done in 646ms @ http://localhost:3000/_next/static/chunks/node_modules_next_dist_1e8vcs8._.js:776
[ 2890964ms] [LOG] [Fast Refresh] done in 646ms @ http://localhost:3000/_next/static/chunks/node_modules_next_dist_1e8vcs8._.js:776
[ 2891025ms] [LOG] [Fast Refresh] done in 646ms @ http://localhost:3000/_next/static/chunks/node_modules_next_dist_1e8vcs8._.js:776
[ 2891088ms] [LOG] [Fast Refresh] done in 646ms @ http://localhost:3000/_next/static/chunks/node_modules_next_dist_1e8vcs8._.js:776
[ 2891167ms] [LOG] [Fast Refresh] done in 646ms @ http://localhost:3000/_next/static/chunks/node_modules_next_dist_1e8vcs8._.js:776
[ 2891231ms] [LOG] [Fast Refresh] done in 646ms @ http://localhost:3000/_next/static/chunks/node_modules_next_dist_1e8vcs8._.js:776
[ 2891295ms] [LOG] [Fast Refresh] done in 646ms @ http://localhost:3000/_next/static/chunks/node_modules_next_dist_1e8vcs8._.js:776
[ 2891357ms] [LOG] [Fast Refresh] done in 646ms @ http://localhost:3000/_next/static/chunks/node_modules_next_dist_1e8vcs8._.js:776
[ 2891420ms] [LOG] [Fast Refresh] done in 646ms @ http://localhost:3000/_next/static/chunks/node_modules_next_dist_1e8vcs8._.js:776
[ 2891483ms] [LOG] [Fast Refresh] done in 646ms @ http://localhost:3000/_next/static/chunks/node_modules_next_dist_1e8vcs8._.js:776
[ 2891547ms] [LOG] [Fast Refresh] done in 646ms @ http://localhost:3000/_next/static/chunks/node_modules_next_dist_1e8vcs8._.js:776
[ 2891610ms] [LOG] [Fast Refresh] done in 646ms @ http://localhost:3000/_next/static/chunks/node_modules_next_dist_1e8vcs8._.js:776
[ 2891671ms] [LOG] [Fast Refresh] done in 646ms @ http://localhost:3000/_next/static/chunks/node_modules_next_dist_1e8vcs8._.js:776
[ 2891734ms] [LOG] [Fast Refresh] done in 646ms @ http://localhost:3000/_next/static/chunks/node_modules_next_dist_1e8vcs8._.js:776
[ 2891795ms] [LOG] [Fast Refresh] done in 646ms @ http://localhost:3000/_next/static/chunks/node_modules_next_dist_1e8vcs8._.js:776
[ 2891859ms] [LOG] [Fast Refresh] done in 646ms @ http://localhost:3000/_next/static/chunks/node_modules_next_dist_1e8vcs8._.js:776
[ 2891921ms] [LOG] [Fast Refresh] done in 646ms @ http://localhost:3000/_next/static/chunks/node_modules_next_dist_1e8vcs8._.js:776
[ 2891983ms] [LOG] [Fast Refresh] done in 646ms @ http://localhost:3000/_next/static/chunks/node_modules_next_dist_1e8vcs8._.js:776
[ 2892046ms] [LOG] [Fast Refresh] done in 646ms @ http://localhost:3000/_next/static/chunks/node_modules_next_dist_1e8vcs8._.js:776
[ 2892110ms] [LOG] [Fast Refresh] done in 646ms @ http://localhost:3000/_next/static/chunks/node_modules_next_dist_1e8vcs8._.js:776
[ 2892170ms] [LOG] [Fast Refresh] done in 646ms @ http://localhost:3000/_next/static/chunks/node_modules_next_dist_1e8vcs8._.js:776
[ 2892233ms] [LOG] [Fast Refresh] done in 646ms @ http://localhost:3000/_next/static/chunks/node_modules_next_dist_1e8vcs8._.js:776
[ 2892296ms] [LOG] [Fast Refresh] done in 646ms @ http://localhost:3000/_next/static/chunks/node_modules_next_dist_1e8vcs8._.js:776
[ 2892361ms] [LOG] [Fast Refresh] done in 646ms @ http://localhost:3000/_next/static/chunks/node_modules_next_dist_1e8vcs8._.js:776
[ 2892422ms] [LOG] [Fast Refresh] done in 646ms @ http://localhost:3000/_next/static/chunks/node_modules_next_dist_1e8vcs8._.js:776
[ 2892484ms] [LOG] [Fast Refresh] done in 646ms @ http://localhost:3000/_next/static/chunks/node_modules_next_dist_1e8vcs8._.js:776
[ 2892546ms] [LOG] [Fast Refresh] done in 646ms @ http://localhost:3000/_next/static/chunks/node_modules_next_dist_1e8vcs8._.js:776
[ 2892610ms] [LOG] [Fast Refresh] done in 646ms @ http://localhost:3000/_next/static/chunks/node_modules_next_dist_1e8vcs8._.js:776
[ 2892670ms] [LOG] [Fast Refresh] done in 646ms @ http://localhost:3000/_next/static/chunks/node_modules_next_dist_1e8vcs8._.js:776
[ 2892734ms] [LOG] [Fast Refresh] done in 646ms @ http://localhost:3000/_next/static/chunks/node_modules_next_dist_1e8vcs8._.js:776
[ 2892797ms] [LOG] [Fast Refresh] done in 646ms @ http://localhost:3000/_next/static/chunks/node_modules_next_dist_1e8vcs8._.js:776
[ 2892861ms] [LOG] [Fast Refresh] done in 646ms @ http://localhost:3000/_next/static/chunks/node_modules_next_dist_1e8vcs8._.js:776
[ 2892925ms] [LOG] [Fast Refresh] done in 646ms @ http://localhost:3000/_next/static/chunks/node_modules_next_dist_1e8vcs8._.js:776
[ 2892987ms] [LOG] [Fast Refresh] done in 646ms @ http://localhost:3000/_next/static/chunks/node_modules_next_dist_1e8vcs8._.js:776
[ 2893049ms] [LOG] [Fast Refresh] done in 646ms @ http://localhost:3000/_next/static/chunks/node_modules_next_dist_1e8vcs8._.js:776
[ 2893112ms] [LOG] [Fast Refresh] done in 646ms @ http://localhost:3000/_next/static/chunks/node_modules_next_dist_1e8vcs8._.js:776
[ 2893177ms] [LOG] [Fast Refresh] done in 646ms @ http://localhost:3000/_next/static/chunks/node_modules_next_dist_1e8vcs8._.js:776
[ 2893236ms] [LOG] [Fast Refresh] done in 646ms @ http://localhost:3000/_next/static/chunks/node_modules_next_dist_1e8vcs8._.js:776
[ 2893300ms] [LOG] [Fast Refresh] done in 646ms @ http://localhost:3000/_next/static/chunks/node_modules_next_dist_1e8vcs8._.js:776
[ 2893362ms] [LOG] [Fast Refresh] done in 646ms @ http://localhost:3000/_next/static/chunks/node_modules_next_dist_1e8vcs8._.js:776
[ 2893424ms] [LOG] [Fast Refresh] done in 646ms @ http://localhost:3000/_next/static/chunks/node_modules_next_dist_1e8vcs8._.js:776
[ 2893487ms] [LOG] [Fast Refresh] done in 646ms @ http://localhost:3000/_next/static/chunks/node_modules_next_dist_1e8vcs8._.js:776
[ 2893551ms] [LOG] [Fast Refresh] done in 646ms @ http://localhost:3000/_next/static/chunks/node_modules_next_dist_1e8vcs8._.js:776
[ 2893614ms] [LOG] [Fast Refresh] done in 646ms @ http://localhost:3000/_next/static/chunks/node_modules_next_dist_1e8vcs8._.js:776
[ 2893679ms] [LOG] [Fast Refresh] done in 646ms @ http://localhost:3000/_next/static/chunks/node_modules_next_dist_1e8vcs8._.js:776
[ 2893741ms] [LOG] [Fast Refresh] done in 646ms @ http://localhost:3000/_next/static/chunks/node_modules_next_dist_1e8vcs8._.js:776
[ 2893802ms] [LOG] [Fast Refresh] done in 646ms @ http://localhost:3000/_next/static/chunks/node_modules_next_dist_1e8vcs8._.js:776
[ 2893864ms] [LOG] [Fast Refresh] done in 646ms @ http://localhost:3000/_next/static/chunks/node_modules_next_dist_1e8vcs8._.js:776
[ 2893929ms] [LOG] [Fast Refresh] done in 646ms @ http://localhost:3000/_next/static/chunks/node_modules_next_dist_1e8vcs8._.js:776
[ 2893992ms] [LOG] [Fast Refresh] done in 646ms @ http://localhost:3000/_next/static/chunks/node_modules_next_dist_1e8vcs8._.js:776
[ 2894054ms] [LOG] [Fast Refresh] done in 646ms @ http://localhost:3000/_next/static/chunks/node_modules_next_dist_1e8vcs8._.js:776
[ 2894118ms] [LOG] [Fast Refresh] done in 646ms @ http://localhost:3000/_next/static/chunks/node_modules_next_dist_1e8vcs8._.js:776
[ 2894180ms] [LOG] [Fast Refresh] done in 646ms @ http://localhost:3000/_next/static/chunks/node_modules_next_dist_1e8vcs8._.js:776
[ 2894243ms] [LOG] [Fast Refresh] done in 646ms @ http://localhost:3000/_next/static/chunks/node_modules_next_dist_1e8vcs8._.js:776
[ 2894306ms] [LOG] [Fast Refresh] done in 646ms @ http://localhost:3000/_next/static/chunks/node_modules_next_dist_1e8vcs8._.js:776
[ 2894370ms] [LOG] [Fast Refresh] done in 646ms @ http://localhost:3000/_next/static/chunks/node_modules_next_dist_1e8vcs8._.js:776
[ 2894432ms] [LOG] [Fast Refresh] done in 646ms @ http://localhost:3000/_next/static/chunks/node_modules_next_dist_1e8vcs8._.js:776
[ 2894495ms] [LOG] [Fast Refresh] done in 646ms @ http://localhost:3000/_next/static/chunks/node_modules_next_dist_1e8vcs8._.js:776
[ 2894559ms] [LOG] [Fast Refresh] done in 646ms @ http://localhost:3000/_next/static/chunks/node_modules_next_dist_1e8vcs8._.js:776
[ 2894621ms] [LOG] [Fast Refresh] done in 646ms @ http://localhost:3000/_next/static/chunks/node_modules_next_dist_1e8vcs8._.js:776
[ 2894685ms] [LOG] [Fast Refresh] done in 646ms @ http://localhost:3000/_next/static/chunks/node_modules_next_dist_1e8vcs8._.js:776
[ 2894747ms] [LOG] [Fast Refresh] done in 646ms @ http://localhost:3000/_next/static/chunks/node_modules_next_dist_1e8vcs8._.js:776
[ 2894811ms] [LOG] [Fast Refresh] done in 646ms @ http://localhost:3000/_next/static/chunks/node_modules_next_dist_1e8vcs8._.js:776
[ 2894872ms] [LOG] [Fast Refresh] done in 646ms @ http://localhost:3000/_next/static/chunks/node_modules_next_dist_1e8vcs8._.js:776
[ 2894935ms] [LOG] [Fast Refresh] done in 646ms @ http://localhost:3000/_next/static/chunks/node_modules_next_dist_1e8vcs8._.js:776
[ 2894996ms] [LOG] [Fast Refresh] done in 646ms @ http://localhost:3000/_next/static/chunks/node_modules_next_dist_1e8vcs8._.js:776
[ 2895063ms] [LOG] [Fast Refresh] done in 646ms @ http://localhost:3000/_next/static/chunks/node_modules_next_dist_1e8vcs8._.js:776
[ 2895122ms] [LOG] [Fast Refresh] done in 646ms @ http://localhost:3000/_next/static/chunks/node_modules_next_dist_1e8vcs8._.js:776
[ 2895185ms] [LOG] [Fast Refresh] done in 646ms @ http://localhost:3000/_next/static/chunks/node_modules_next_dist_1e8vcs8._.js:776
[ 2895248ms] [LOG] [Fast Refresh] done in 646ms @ http://localhost:3000/_next/static/chunks/node_modules_next_dist_1e8vcs8._.js:776
[ 2895297ms] [LOG] [Fast Refresh] done in 646ms @ http://localhost:3000/_next/static/chunks/node_modules_next_dist_1e8vcs8._.js:776
[ 2895360ms] [LOG] [Fast Refresh] done in 646ms @ http://localhost:3000/_next/static/chunks/node_modules_next_dist_1e8vcs8._.js:776
[ 2895423ms] [LOG] [Fast Refresh] done in 646ms @ http://localhost:3000/_next/static/chunks/node_modules_next_dist_1e8vcs8._.js:776
[ 2895486ms] [LOG] [Fast Refresh] done in 646ms @ http://localhost:3000/_next/static/chunks/node_modules_next_dist_1e8vcs8._.js:776
[ 2895549ms] [LOG] [Fast Refresh] done in 646ms @ http://localhost:3000/_next/static/chunks/node_modules_next_dist_1e8vcs8._.js:776
[ 2895628ms] [LOG] [Fast Refresh] done in 646ms @ http://localhost:3000/_next/static/chunks/node_modules_next_dist_1e8vcs8._.js:776
[ 2895690ms] [LOG] [Fast Refresh] done in 646ms @ http://localhost:3000/_next/static/chunks/node_modules_next_dist_1e8vcs8._.js:776
[ 2895753ms] [LOG] [Fast Refresh] done in 646ms @ http://localhost:3000/_next/static/chunks/node_modules_next_dist_1e8vcs8._.js:776
[ 2895815ms] [LOG] [Fast Refresh] done in 646ms @ http://localhost:3000/_next/static/chunks/node_modules_next_dist_1e8vcs8._.js:776
[ 2895878ms] [LOG] [Fast Refresh] done in 646ms @ http://localhost:3000/_next/static/chunks/node_modules_next_dist_1e8vcs8._.js:776
[ 2895938ms] [LOG] [Fast Refresh] done in 646ms @ http://localhost:3000/_next/static/chunks/node_modules_next_dist_1e8vcs8._.js:776
[ 2896001ms] [LOG] [Fast Refresh] done in 646ms @ http://localhost:3000/_next/static/chunks/node_modules_next_dist_1e8vcs8._.js:776
[ 2896063ms] [LOG] [Fast Refresh] done in 646ms @ http://localhost:3000/_next/static/chunks/node_modules_next_dist_1e8vcs8._.js:776
[ 2896127ms] [LOG] [Fast Refresh] done in 646ms @ http://localhost:3000/_next/static/chunks/node_modules_next_dist_1e8vcs8._.js:776
[ 2896190ms] [LOG] [Fast Refresh] done in 646ms @ http://localhost:3000/_next/static/chunks/node_modules_next_dist_1e8vcs8._.js:776
[ 2896252ms] [LOG] [Fast Refresh] done in 646ms @ http://localhost:3000/_next/static/chunks/node_modules_next_dist_1e8vcs8._.js:776
[ 2896315ms] [LOG] [Fast Refresh] done in 646ms @ http://localhost:3000/_next/static/chunks/node_modules_next_dist_1e8vcs8._.js:776
[ 2896378ms] [LOG] [Fast Refresh] done in 646ms @ http://localhost:3000/_next/static/chunks/node_modules_next_dist_1e8vcs8._.js:776
[ 2896440ms] [LOG] [Fast Refresh] done in 646ms @ http://localhost:3000/_next/static/chunks/node_modules_next_dist_1e8vcs8._.js:776
[ 2896503ms] [LOG] [Fast Refresh] done in 646ms @ http://localhost:3000/_next/static/chunks/node_modules_next_dist_1e8vcs8._.js:776
[ 2896566ms] [LOG] [Fast Refresh] done in 646ms @ http://localhost:3000/_next/static/chunks/node_modules_next_dist_1e8vcs8._.js:776
[ 2896630ms] [LOG] [Fast Refresh] done in 646ms @ http://localhost:3000/_next/static/chunks/node_modules_next_dist_1e8vcs8._.js:776
[ 2896695ms] [LOG] [Fast Refresh] done in 646ms @ http://localhost:3000/_next/static/chunks/node_modules_next_dist_1e8vcs8._.js:776
[ 2896770ms] [LOG] [Fast Refresh] done in 646ms @ http://localhost:3000/_next/static/chunks/node_modules_next_dist_1e8vcs8._.js:776
[ 2896831ms] [LOG] [Fast Refresh] done in 646ms @ http://localhost:3000/_next/static/chunks/node_modules_next_dist_1e8vcs8._.js:776
[ 2896897ms] [LOG] [Fast Refresh] done in 646ms @ http://localhost:3000/_next/static/chunks/node_modules_next_dist_1e8vcs8._.js:776
[ 2896959ms] [LOG] [Fast Refresh] done in 646ms @ http://localhost:3000/_next/static/chunks/node_modules_next_dist_1e8vcs8._.js:776
[ 2897022ms] [LOG] [Fast Refresh] done in 646ms @ http://localhost:3000/_next/static/chunks/node_modules_next_dist_1e8vcs8._.js:776
[ 2897084ms] [LOG] [Fast Refresh] done in 646ms @ http://localhost:3000/_next/static/chunks/node_modules_next_dist_1e8vcs8._.js:776
[ 2897147ms] [LOG] [Fast Refresh] done in 646ms @ http://localhost:3000/_next/static/chunks/node_modules_next_dist_1e8vcs8._.js:776
[ 2897211ms] [LOG] [Fast Refresh] done in 646ms @ http://localhost:3000/_next/static/chunks/node_modules_next_dist_1e8vcs8._.js:776
[ 2897272ms] [LOG] [Fast Refresh] done in 646ms @ http://localhost:3000/_next/static/chunks/node_modules_next_dist_1e8vcs8._.js:776
[ 2897336ms] [LOG] [Fast Refresh] done in 646ms @ http://localhost:3000/_next/static/chunks/node_modules_next_dist_1e8vcs8._.js:776
[ 2897400ms] [LOG] [Fast Refresh] done in 646ms @ http://localhost:3000/_next/static/chunks/node_modules_next_dist_1e8vcs8._.js:776
[ 2897463ms] [LOG] [Fast Refresh] done in 646ms @ http://localhost:3000/_next/static/chunks/node_modules_next_dist_1e8vcs8._.js:776
[ 2897526ms] [LOG] [Fast Refresh] done in 646ms @ http://localhost:3000/_next/static/chunks/node_modules_next_dist_1e8vcs8._.js:776
[ 2897586ms] [LOG] [Fast Refresh] done in 646ms @ http://localhost:3000/_next/static/chunks/node_modules_next_dist_1e8vcs8._.js:776
[ 2897649ms] [LOG] [Fast Refresh] done in 646ms @ http://localhost:3000/_next/static/chunks/node_modules_next_dist_1e8vcs8._.js:776
[ 2897713ms] [LOG] [Fast Refresh] done in 646ms @ http://localhost:3000/_next/static/chunks/node_modules_next_dist_1e8vcs8._.js:776
[ 2897775ms] [LOG] [Fast Refresh] done in 646ms @ http://localhost:3000/_next/static/chunks/node_modules_next_dist_1e8vcs8._.js:776
[ 2897836ms] [LOG] [Fast Refresh] done in 646ms @ http://localhost:3000/_next/static/chunks/node_modules_next_dist_1e8vcs8._.js:776
[ 2897900ms] [LOG] [Fast Refresh] done in 646ms @ http://localhost:3000/_next/static/chunks/node_modules_next_dist_1e8vcs8._.js:776
[ 2897964ms] [LOG] [Fast Refresh] done in 646ms @ http://localhost:3000/_next/static/chunks/node_modules_next_dist_1e8vcs8._.js:776
[ 2898028ms] [LOG] [Fast Refresh] done in 646ms @ http://localhost:3000/_next/static/chunks/node_modules_next_dist_1e8vcs8._.js:776
[ 2898086ms] [LOG] [Fast Refresh] done in 646ms @ http://localhost:3000/_next/static/chunks/node_modules_next_dist_1e8vcs8._.js:776
[ 2898149ms] [LOG] [Fast Refresh] done in 646ms @ http://localhost:3000/_next/static/chunks/node_modules_next_dist_1e8vcs8._.js:776
[ 2898213ms] [LOG] [Fast Refresh] done in 646ms @ http://localhost:3000/_next/static/chunks/node_modules_next_dist_1e8vcs8._.js:776
[ 2898277ms] [LOG] [Fast Refresh] done in 646ms @ http://localhost:3000/_next/static/chunks/node_modules_next_dist_1e8vcs8._.js:776
[ 2898341ms] [LOG] [Fast Refresh] done in 646ms @ http://localhost:3000/_next/static/chunks/node_modules_next_dist_1e8vcs8._.js:776
[ 2898402ms] [LOG] [Fast Refresh] done in 646ms @ http://localhost:3000/_next/static/chunks/node_modules_next_dist_1e8vcs8._.js:776
[ 2898465ms] [LOG] [Fast Refresh] done in 646ms @ http://localhost:3000/_next/static/chunks/node_modules_next_dist_1e8vcs8._.js:776
[ 2898533ms] [LOG] [Fast Refresh] done in 646ms @ http://localhost:3000/_next/static/chunks/node_modules_next_dist_1e8vcs8._.js:776
[ 2898604ms] [LOG] [Fast Refresh] done in 646ms @ http://localhost:3000/_next/static/chunks/node_modules_next_dist_1e8vcs8._.js:776
[ 2898668ms] [LOG] [Fast Refresh] done in 646ms @ http://localhost:3000/_next/static/chunks/node_modules_next_dist_1e8vcs8._.js:776
[ 2898732ms] [LOG] [Fast Refresh] done in 646ms @ http://localhost:3000/_next/static/chunks/node_modules_next_dist_1e8vcs8._.js:776
[ 2898795ms] [LOG] [Fast Refresh] done in 646ms @ http://localhost:3000/_next/static/chunks/node_modules_next_dist_1e8vcs8._.js:776
[ 2898854ms] [LOG] [Fast Refresh] done in 646ms @ http://localhost:3000/_next/static/chunks/node_modules_next_dist_1e8vcs8._.js:776
[ 2898932ms] [LOG] [Fast Refresh] done in 646ms @ http://localhost:3000/_next/static/chunks/node_modules_next_dist_1e8vcs8._.js:776
[ 2898996ms] [LOG] [Fast Refresh] done in 646ms @ http://localhost:3000/_next/static/chunks/node_modules_next_dist_1e8vcs8._.js:776
[ 2899059ms] [LOG] [Fast Refresh] done in 646ms @ http://localhost:3000/_next/static/chunks/node_modules_next_dist_1e8vcs8._.js:776
[ 2899119ms] [LOG] [Fast Refresh] done in 646ms @ http://localhost:3000/_next/static/chunks/node_modules_next_dist_1e8vcs8._.js:776
[ 2899183ms] [LOG] [Fast Refresh] done in 646ms @ http://localhost:3000/_next/static/chunks/node_modules_next_dist_1e8vcs8._.js:776
[ 2899246ms] [LOG] [Fast Refresh] done in 646ms @ http://localhost:3000/_next/static/chunks/node_modules_next_dist_1e8vcs8._.js:776
[ 2899310ms] [LOG] [Fast Refresh] done in 646ms @ http://localhost:3000/_next/static/chunks/node_modules_next_dist_1e8vcs8._.js:776
[ 2899370ms] [LOG] [Fast Refresh] done in 646ms @ http://localhost:3000/_next/static/chunks/node_modules_next_dist_1e8vcs8._.js:776
[ 2899432ms] [LOG] [Fast Refresh] done in 646ms @ http://localhost:3000/_next/static/chunks/node_modules_next_dist_1e8vcs8._.js:776
[ 2899496ms] [LOG] [Fast Refresh] done in 646ms @ http://localhost:3000/_next/static/chunks/node_modules_next_dist_1e8vcs8._.js:776
[ 2899561ms] [LOG] [Fast Refresh] done in 646ms @ http://localhost:3000/_next/static/chunks/node_modules_next_dist_1e8vcs8._.js:776
[ 2899620ms] [LOG] [Fast Refresh] done in 646ms @ http://localhost:3000/_next/static/chunks/node_modules_next_dist_1e8vcs8._.js:776
[ 2899685ms] [LOG] [Fast Refresh] done in 646ms @ http://localhost:3000/_next/static/chunks/node_modules_next_dist_1e8vcs8._.js:776
[ 2899748ms] [LOG] [Fast Refresh] done in 646ms @ http://localhost:3000/_next/static/chunks/node_modules_next_dist_1e8vcs8._.js:776
[ 2899810ms] [LOG] [Fast Refresh] done in 646ms @ http://localhost:3000/_next/static/chunks/node_modules_next_dist_1e8vcs8._.js:776
[ 2899872ms] [LOG] [Fast Refresh] done in 646ms @ http://localhost:3000/_next/static/chunks/node_modules_next_dist_1e8vcs8._.js:776
[ 2899934ms] [LOG] [Fast Refresh] done in 646ms @ http://localhost:3000/_next/static/chunks/node_modules_next_dist_1e8vcs8._.js:776
[ 2899998ms] [LOG] [Fast Refresh] done in 646ms @ http://localhost:3000/_next/static/chunks/node_modules_next_dist_1e8vcs8._.js:776
[ 2900060ms] [LOG] [Fast Refresh] done in 646ms @ http://localhost:3000/_next/static/chunks/node_modules_next_dist_1e8vcs8._.js:776
[ 2900121ms] [LOG] [Fast Refresh] done in 646ms @ http://localhost:3000/_next/static/chunks/node_modules_next_dist_1e8vcs8._.js:776
[ 2900185ms] [LOG] [Fast Refresh] done in 646ms @ http://localhost:3000/_next/static/chunks/node_modules_next_dist_1e8vcs8._.js:776
[ 2900248ms] [LOG] [Fast Refresh] done in 646ms @ http://localhost:3000/_next/static/chunks/node_modules_next_dist_1e8vcs8._.js:776
[ 2900311ms] [LOG] [Fast Refresh] done in 646ms @ http://localhost:3000/_next/static/chunks/node_modules_next_dist_1e8vcs8._.js:776
[ 2900372ms] [LOG] [Fast Refresh] done in 646ms @ http://localhost:3000/_next/static/chunks/node_modules_next_dist_1e8vcs8._.js:776
[ 2900434ms] [LOG] [Fast Refresh] done in 646ms @ http://localhost:3000/_next/static/chunks/node_modules_next_dist_1e8vcs8._.js:776
[ 2900497ms] [LOG] [Fast Refresh] done in 646ms @ http://localhost:3000/_next/static/chunks/node_modules_next_dist_1e8vcs8._.js:776
[ 2900561ms] [LOG] [Fast Refresh] done in 646ms @ http://localhost:3000/_next/static/chunks/node_modules_next_dist_1e8vcs8._.js:776
[ 2900622ms] [LOG] [Fast Refresh] done in 646ms @ http://localhost:3000/_next/static/chunks/node_modules_next_dist_1e8vcs8._.js:776
[ 2900685ms] [LOG] [Fast Refresh] done in 646ms @ http://localhost:3000/_next/static/chunks/node_modules_next_dist_1e8vcs8._.js:776
[ 2900747ms] [LOG] [Fast Refresh] done in 646ms @ http://localhost:3000/_next/static/chunks/node_modules_next_dist_1e8vcs8._.js:776
[ 2900811ms] [LOG] [Fast Refresh] done in 646ms @ http://localhost:3000/_next/static/chunks/node_modules_next_dist_1e8vcs8._.js:776
[ 2900872ms] [LOG] [Fast Refresh] done in 646ms @ http://localhost:3000/_next/static/chunks/node_modules_next_dist_1e8vcs8._.js:776
[ 2900934ms] [LOG] [Fast Refresh] done in 646ms @ http://localhost:3000/_next/static/chunks/node_modules_next_dist_1e8vcs8._.js:776
[ 2900997ms] [LOG] [Fast Refresh] done in 646ms @ http://localhost:3000/_next/static/chunks/node_modules_next_dist_1e8vcs8._.js:776
[ 2901048ms] [LOG] [Fast Refresh] done in 646ms @ http://localhost:3000/_next/static/chunks/node_modules_next_dist_1e8vcs8._.js:776
[ 2901104ms] [LOG] [Fast Refresh] done in 646ms @ http://localhost:3000/_next/static/chunks/node_modules_next_dist_1e8vcs8._.js:776
[ 2901167ms] [LOG] [Fast Refresh] done in 646ms @ http://localhost:3000/_next/static/chunks/node_modules_next_dist_1e8vcs8._.js:776
[ 2901231ms] [LOG] [Fast Refresh] done in 646ms @ http://localhost:3000/_next/static/chunks/node_modules_next_dist_1e8vcs8._.js:776
[ 2901294ms] [LOG] [Fast Refresh] done in 646ms @ http://localhost:3000/_next/static/chunks/node_modules_next_dist_1e8vcs8._.js:776
[ 2901355ms] [LOG] [Fast Refresh] done in 646ms @ http://localhost:3000/_next/static/chunks/node_modules_next_dist_1e8vcs8._.js:776
[ 2901418ms] [LOG] [Fast Refresh] done in 646ms @ http://localhost:3000/_next/static/chunks/node_modules_next_dist_1e8vcs8._.js:776
[ 2901481ms] [LOG] [Fast Refresh] done in 646ms @ http://localhost:3000/_next/static/chunks/node_modules_next_dist_1e8vcs8._.js:776
[ 2901544ms] [LOG] [Fast Refresh] done in 646ms @ http://localhost:3000/_next/static/chunks/node_modules_next_dist_1e8vcs8._.js:776
[ 2901606ms] [LOG] [Fast Refresh] done in 646ms @ http://localhost:3000/_next/static/chunks/node_modules_next_dist_1e8vcs8._.js:776
[ 2901669ms] [LOG] [Fast Refresh] done in 646ms @ http://localhost:3000/_next/static/chunks/node_modules_next_dist_1e8vcs8._.js:776
[ 2901732ms] [LOG] [Fast Refresh] done in 646ms @ http://localhost:3000/_next/static/chunks/node_modules_next_dist_1e8vcs8._.js:776
[ 2901812ms] [LOG] [Fast Refresh] done in 646ms @ http://localhost:3000/_next/static/chunks/node_modules_next_dist_1e8vcs8._.js:776
[ 2901872ms] [LOG] [Fast Refresh] done in 646ms @ http://localhost:3000/_next/static/chunks/node_modules_next_dist_1e8vcs8._.js:776
[ 2901934ms] [LOG] [Fast Refresh] done in 646ms @ http://localhost:3000/_next/static/chunks/node_modules_next_dist_1e8vcs8._.js:776
[ 2901998ms] [LOG] [Fast Refresh] done in 646ms @ http://localhost:3000/_next/static/chunks/node_modules_next_dist_1e8vcs8._.js:776
[ 2902062ms] [LOG] [Fast Refresh] done in 646ms @ http://localhost:3000/_next/static/chunks/node_modules_next_dist_1e8vcs8._.js:776
[ 2902121ms] [LOG] [Fast Refresh] done in 646ms @ http://localhost:3000/_next/static/chunks/node_modules_next_dist_1e8vcs8._.js:776
[ 2902183ms] [LOG] [Fast Refresh] done in 646ms @ http://localhost:3000/_next/static/chunks/node_modules_next_dist_1e8vcs8._.js:776
[ 2902246ms] [LOG] [Fast Refresh] done in 646ms @ http://localhost:3000/_next/static/chunks/node_modules_next_dist_1e8vcs8._.js:776
[ 2902311ms] [LOG] [Fast Refresh] done in 646ms @ http://localhost:3000/_next/static/chunks/node_modules_next_dist_1e8vcs8._.js:776
[ 2902369ms] [LOG] [Fast Refresh] done in 646ms @ http://localhost:3000/_next/static/chunks/node_modules_next_dist_1e8vcs8._.js:776
[ 2902431ms] [LOG] [Fast Refresh] done in 646ms @ http://localhost:3000/_next/static/chunks/node_modules_next_dist_1e8vcs8._.js:776
[ 2902494ms] [LOG] [Fast Refresh] done in 646ms @ http://localhost:3000/_next/static/chunks/node_modules_next_dist_1e8vcs8._.js:776
[ 2902554ms] [LOG] [Fast Refresh] done in 646ms @ http://localhost:3000/_next/static/chunks/node_modules_next_dist_1e8vcs8._.js:776
[ 2902616ms] [LOG] [Fast Refresh] done in 646ms @ http://localhost:3000/_next/static/chunks/node_modules_next_dist_1e8vcs8._.js:776
[ 2902679ms] [LOG] [Fast Refresh] done in 646ms @ http://localhost:3000/_next/static/chunks/node_modules_next_dist_1e8vcs8._.js:776
[ 2902742ms] [LOG] [Fast Refresh] done in 646ms @ http://localhost:3000/_next/static/chunks/node_modules_next_dist_1e8vcs8._.js:776
[ 2902819ms] [LOG] [Fast Refresh] done in 646ms @ http://localhost:3000/_next/static/chunks/node_modules_next_dist_1e8vcs8._.js:776
[ 2902881ms] [LOG] [Fast Refresh] done in 646ms @ http://localhost:3000/_next/static/chunks/node_modules_next_dist_1e8vcs8._.js:776
[ 2902945ms] [LOG] [Fast Refresh] done in 646ms @ http://localhost:3000/_next/static/chunks/node_modules_next_dist_1e8vcs8._.js:776
[ 2903006ms] [LOG] [Fast Refresh] done in 646ms @ http://localhost:3000/_next/static/chunks/node_modules_next_dist_1e8vcs8._.js:776
[ 2903067ms] [LOG] [Fast Refresh] done in 646ms @ http://localhost:3000/_next/static/chunks/node_modules_next_dist_1e8vcs8._.js:776
[ 2903132ms] [LOG] [Fast Refresh] done in 646ms @ http://localhost:3000/_next/static/chunks/node_modules_next_dist_1e8vcs8._.js:776
[ 2903237ms] [LOG] [Fast Refresh] done in 646ms @ http://localhost:3000/_next/static/chunks/node_modules_next_dist_1e8vcs8._.js:776
[ 2903301ms] [LOG] [Fast Refresh] done in 646ms @ http://localhost:3000/_next/static/chunks/node_modules_next_dist_1e8vcs8._.js:776
[ 2903364ms] [LOG] [Fast Refresh] done in 646ms @ http://localhost:3000/_next/static/chunks/node_modules_next_dist_1e8vcs8._.js:776
[ 2903427ms] [LOG] [Fast Refresh] done in 646ms @ http://localhost:3000/_next/static/chunks/node_modules_next_dist_1e8vcs8._.js:776
[ 2903490ms] [LOG] [Fast Refresh] done in 646ms @ http://localhost:3000/_next/static/chunks/node_modules_next_dist_1e8vcs8._.js:776
[ 2903551ms] [LOG] [Fast Refresh] done in 646ms @ http://localhost:3000/_next/static/chunks/node_modules_next_dist_1e8vcs8._.js:776
[ 2903615ms] [LOG] [Fast Refresh] done in 646ms @ http://localhost:3000/_next/static/chunks/node_modules_next_dist_1e8vcs8._.js:776
[ 2903678ms] [LOG] [Fast Refresh] done in 646ms @ http://localhost:3000/_next/static/chunks/node_modules_next_dist_1e8vcs8._.js:776
[ 2903742ms] [LOG] [Fast Refresh] done in 646ms @ http://localhost:3000/_next/static/chunks/node_modules_next_dist_1e8vcs8._.js:776
[ 2903818ms] [LOG] [Fast Refresh] done in 646ms @ http://localhost:3000/_next/static/chunks/node_modules_next_dist_1e8vcs8._.js:776
[ 2903881ms] [LOG] [Fast Refresh] done in 646ms @ http://localhost:3000/_next/static/chunks/node_modules_next_dist_1e8vcs8._.js:776
[ 2903944ms] [LOG] [Fast Refresh] done in 646ms @ http://localhost:3000/_next/static/chunks/node_modules_next_dist_1e8vcs8._.js:776
[ 2904006ms] [LOG] [Fast Refresh] done in 646ms @ http://localhost:3000/_next/static/chunks/node_modules_next_dist_1e8vcs8._.js:776
[ 2904069ms] [LOG] [Fast Refresh] done in 646ms @ http://localhost:3000/_next/static/chunks/node_modules_next_dist_1e8vcs8._.js:776
[ 2904131ms] [LOG] [Fast Refresh] done in 646ms @ http://localhost:3000/_next/static/chunks/node_modules_next_dist_1e8vcs8._.js:776
[ 2904195ms] [LOG] [Fast Refresh] done in 646ms @ http://localhost:3000/_next/static/chunks/node_modules_next_dist_1e8vcs8._.js:776
[ 2904260ms] [LOG] [Fast Refresh] done in 646ms @ http://localhost:3000/_next/static/chunks/node_modules_next_dist_1e8vcs8._.js:776
[ 2904318ms] [LOG] [Fast Refresh] done in 646ms @ http://localhost:3000/_next/static/chunks/node_modules_next_dist_1e8vcs8._.js:776
[ 2904365ms] [LOG] [Fast Refresh] done in 646ms @ http://localhost:3000/_next/static/chunks/node_modules_next_dist_1e8vcs8._.js:776
[ 2904428ms] [LOG] [Fast Refresh] done in 646ms @ http://localhost:3000/_next/static/chunks/node_modules_next_dist_1e8vcs8._.js:776
[ 2904488ms] [LOG] [Fast Refresh] done in 646ms @ http://localhost:3000/_next/static/chunks/node_modules_next_dist_1e8vcs8._.js:776
[ 2904552ms] [LOG] [Fast Refresh] done in 646ms @ http://localhost:3000/_next/static/chunks/node_modules_next_dist_1e8vcs8._.js:776
[ 2904615ms] [LOG] [Fast Refresh] done in 646ms @ http://localhost:3000/_next/static/chunks/node_modules_next_dist_1e8vcs8._.js:776
[ 2904678ms] [LOG] [Fast Refresh] done in 646ms @ http://localhost:3000/_next/static/chunks/node_modules_next_dist_1e8vcs8._.js:776
[ 2904739ms] [LOG] [Fast Refresh] done in 646ms @ http://localhost:3000/_next/static/chunks/node_modules_next_dist_1e8vcs8._.js:776
[ 2904834ms] [LOG] [Fast Refresh] done in 646ms @ http://localhost:3000/_next/static/chunks/node_modules_next_dist_1e8vcs8._.js:776
[ 2904897ms] [LOG] [Fast Refresh] done in 646ms @ http://localhost:3000/_next/static/chunks/node_modules_next_dist_1e8vcs8._.js:776
[ 2904960ms] [LOG] [Fast Refresh] done in 646ms @ http://localhost:3000/_next/static/chunks/node_modules_next_dist_1e8vcs8._.js:776
[ 2905025ms] [LOG] [Fast Refresh] done in 646ms @ http://localhost:3000/_next/static/chunks/node_modules_next_dist_1e8vcs8._.js:776
[ 2905086ms] [LOG] [Fast Refresh] done in 646ms @ http://localhost:3000/_next/static/chunks/node_modules_next_dist_1e8vcs8._.js:776
[ 2905147ms] [LOG] [Fast Refresh] done in 646ms @ http://localhost:3000/_next/static/chunks/node_modules_next_dist_1e8vcs8._.js:776
[ 2905209ms] [LOG] [Fast Refresh] done in 646ms @ http://localhost:3000/_next/static/chunks/node_modules_next_dist_1e8vcs8._.js:776
[ 2905270ms] [LOG] [Fast Refresh] done in 646ms @ http://localhost:3000/_next/static/chunks/node_modules_next_dist_1e8vcs8._.js:776
[ 2905332ms] [LOG] [Fast Refresh] done in 646ms @ http://localhost:3000/_next/static/chunks/node_modules_next_dist_1e8vcs8._.js:776
[ 2905396ms] [LOG] [Fast Refresh] done in 646ms @ http://localhost:3000/_next/static/chunks/node_modules_next_dist_1e8vcs8._.js:776
[ 2905459ms] [LOG] [Fast Refresh] done in 646ms @ http://localhost:3000/_next/static/chunks/node_modules_next_dist_1e8vcs8._.js:776
[ 2905520ms] [LOG] [Fast Refresh] done in 646ms @ http://localhost:3000/_next/static/chunks/node_modules_next_dist_1e8vcs8._.js:776
[ 2905582ms] [LOG] [Fast Refresh] done in 646ms @ http://localhost:3000/_next/static/chunks/node_modules_next_dist_1e8vcs8._.js:776
[ 2905646ms] [LOG] [Fast Refresh] done in 646ms @ http://localhost:3000/_next/static/chunks/node_modules_next_dist_1e8vcs8._.js:776
[ 2905710ms] [LOG] [Fast Refresh] done in 646ms @ http://localhost:3000/_next/static/chunks/node_modules_next_dist_1e8vcs8._.js:776
[ 2905771ms] [LOG] [Fast Refresh] done in 646ms @ http://localhost:3000/_next/static/chunks/node_modules_next_dist_1e8vcs8._.js:776
[ 2905834ms] [LOG] [Fast Refresh] done in 646ms @ http://localhost:3000/_next/static/chunks/node_modules_next_dist_1e8vcs8._.js:776
[ 2905897ms] [LOG] [Fast Refresh] done in 646ms @ http://localhost:3000/_next/static/chunks/node_modules_next_dist_1e8vcs8._.js:776
[ 2905959ms] [LOG] [Fast Refresh] done in 646ms @ http://localhost:3000/_next/static/chunks/node_modules_next_dist_1e8vcs8._.js:776
[ 2906034ms] [LOG] [Fast Refresh] done in 646ms @ http://localhost:3000/_next/static/chunks/node_modules_next_dist_1e8vcs8._.js:776
[ 2906115ms] [LOG] [Fast Refresh] done in 646ms @ http://localhost:3000/_next/static/chunks/node_modules_next_dist_1e8vcs8._.js:776
[ 2906178ms] [LOG] [Fast Refresh] done in 646ms @ http://localhost:3000/_next/static/chunks/node_modules_next_dist_1e8vcs8._.js:776
[ 2906239ms] [LOG] [Fast Refresh] done in 646ms @ http://localhost:3000/_next/static/chunks/node_modules_next_dist_1e8vcs8._.js:776
[ 2906301ms] [LOG] [Fast Refresh] done in 646ms @ http://localhost:3000/_next/static/chunks/node_modules_next_dist_1e8vcs8._.js:776
[ 2906365ms] [LOG] [Fast Refresh] done in 646ms @ http://localhost:3000/_next/static/chunks/node_modules_next_dist_1e8vcs8._.js:776
[ 2906427ms] [LOG] [Fast Refresh] done in 646ms @ http://localhost:3000/_next/static/chunks/node_modules_next_dist_1e8vcs8._.js:776
[ 2906492ms] [LOG] [Fast Refresh] done in 646ms @ http://localhost:3000/_next/static/chunks/node_modules_next_dist_1e8vcs8._.js:776
[ 2906553ms] [LOG] [Fast Refresh] done in 646ms @ http://localhost:3000/_next/static/chunks/node_modules_next_dist_1e8vcs8._.js:776
[ 2906616ms] [LOG] [Fast Refresh] done in 646ms @ http://localhost:3000/_next/static/chunks/node_modules_next_dist_1e8vcs8._.js:776
[ 2906680ms] [LOG] [Fast Refresh] done in 646ms @ http://localhost:3000/_next/static/chunks/node_modules_next_dist_1e8vcs8._.js:776
[ 2906743ms] [LOG] [Fast Refresh] done in 646ms @ http://localhost:3000/_next/static/chunks/node_modules_next_dist_1e8vcs8._.js:776
[ 2906798ms] [LOG] [Fast Refresh] done in 646ms @ http://localhost:3000/_next/static/chunks/node_modules_next_dist_1e8vcs8._.js:776
[ 2906852ms] [LOG] [Fast Refresh] done in 646ms @ http://localhost:3000/_next/static/chunks/node_modules_next_dist_1e8vcs8._.js:776
[ 2906914ms] [LOG] [Fast Refresh] done in 646ms @ http://localhost:3000/_next/static/chunks/node_modules_next_dist_1e8vcs8._.js:776
[ 2906976ms] [LOG] [Fast Refresh] done in 646ms @ http://localhost:3000/_next/static/chunks/node_modules_next_dist_1e8vcs8._.js:776
[ 2907038ms] [LOG] [Fast Refresh] done in 646ms @ http://localhost:3000/_next/static/chunks/node_modules_next_dist_1e8vcs8._.js:776
[ 2907101ms] [LOG] [Fast Refresh] done in 646ms @ http://localhost:3000/_next/static/chunks/node_modules_next_dist_1e8vcs8._.js:776
[ 2907163ms] [LOG] [Fast Refresh] done in 646ms @ http://localhost:3000/_next/static/chunks/node_modules_next_dist_1e8vcs8._.js:776
[ 2907226ms] [LOG] [Fast Refresh] done in 646ms @ http://localhost:3000/_next/static/chunks/node_modules_next_dist_1e8vcs8._.js:776
[ 2907287ms] [LOG] [Fast Refresh] done in 646ms @ http://localhost:3000/_next/static/chunks/node_modules_next_dist_1e8vcs8._.js:776
[ 2907349ms] [LOG] [Fast Refresh] done in 646ms @ http://localhost:3000/_next/static/chunks/node_modules_next_dist_1e8vcs8._.js:776
[ 2907412ms] [LOG] [Fast Refresh] done in 646ms @ http://localhost:3000/_next/static/chunks/node_modules_next_dist_1e8vcs8._.js:776
[ 2907475ms] [LOG] [Fast Refresh] done in 646ms @ http://localhost:3000/_next/static/chunks/node_modules_next_dist_1e8vcs8._.js:776
[ 2907537ms] [LOG] [Fast Refresh] done in 646ms @ http://localhost:3000/_next/static/chunks/node_modules_next_dist_1e8vcs8._.js:776
[ 2907601ms] [LOG] [Fast Refresh] done in 646ms @ http://localhost:3000/_next/static/chunks/node_modules_next_dist_1e8vcs8._.js:776
[ 2907663ms] [LOG] [Fast Refresh] done in 646ms @ http://localhost:3000/_next/static/chunks/node_modules_next_dist_1e8vcs8._.js:776
[ 2907725ms] [LOG] [Fast Refresh] done in 646ms @ http://localhost:3000/_next/static/chunks/node_modules_next_dist_1e8vcs8._.js:776
[ 2907787ms] [LOG] [Fast Refresh] done in 646ms @ http://localhost:3000/_next/static/chunks/node_modules_next_dist_1e8vcs8._.js:776
[ 2907848ms] [LOG] [Fast Refresh] done in 646ms @ http://localhost:3000/_next/static/chunks/node_modules_next_dist_1e8vcs8._.js:776
[ 2907911ms] [LOG] [Fast Refresh] done in 646ms @ http://localhost:3000/_next/static/chunks/node_modules_next_dist_1e8vcs8._.js:776
[ 2907975ms] [LOG] [Fast Refresh] done in 646ms @ http://localhost:3000/_next/static/chunks/node_modules_next_dist_1e8vcs8._.js:776
[ 2908036ms] [LOG] [Fast Refresh] done in 646ms @ http://localhost:3000/_next/static/chunks/node_modules_next_dist_1e8vcs8._.js:776
[ 2908099ms] [LOG] [Fast Refresh] done in 646ms @ http://localhost:3000/_next/static/chunks/node_modules_next_dist_1e8vcs8._.js:776
[ 2908163ms] [LOG] [Fast Refresh] done in 646ms @ http://localhost:3000/_next/static/chunks/node_modules_next_dist_1e8vcs8._.js:776
[ 2908225ms] [LOG] [Fast Refresh] done in 646ms @ http://localhost:3000/_next/static/chunks/node_modules_next_dist_1e8vcs8._.js:776
[ 2908288ms] [LOG] [Fast Refresh] done in 646ms @ http://localhost:3000/_next/static/chunks/node_modules_next_dist_1e8vcs8._.js:776
[ 2908350ms] [LOG] [Fast Refresh] done in 646ms @ http://localhost:3000/_next/static/chunks/node_modules_next_dist_1e8vcs8._.js:776
[ 2908413ms] [LOG] [Fast Refresh] done in 646ms @ http://localhost:3000/_next/static/chunks/node_modules_next_dist_1e8vcs8._.js:776
[ 2908475ms] [LOG] [Fast Refresh] done in 646ms @ http://localhost:3000/_next/static/chunks/node_modules_next_dist_1e8vcs8._.js:776
[ 2908536ms] [LOG] [Fast Refresh] done in 646ms @ http://localhost:3000/_next/static/chunks/node_modules_next_dist_1e8vcs8._.js:776
[ 2908599ms] [LOG] [Fast Refresh] done in 646ms @ http://localhost:3000/_next/static/chunks/node_modules_next_dist_1e8vcs8._.js:776
[ 2908662ms] [LOG] [Fast Refresh] done in 646ms @ http://localhost:3000/_next/static/chunks/node_modules_next_dist_1e8vcs8._.js:776
[ 2908726ms] [LOG] [Fast Refresh] done in 646ms @ http://localhost:3000/_next/static/chunks/node_modules_next_dist_1e8vcs8._.js:776
[ 2908789ms] [LOG] [Fast Refresh] done in 646ms @ http://localhost:3000/_next/static/chunks/node_modules_next_dist_1e8vcs8._.js:776
[ 2908850ms] [LOG] [Fast Refresh] done in 646ms @ http://localhost:3000/_next/static/chunks/node_modules_next_dist_1e8vcs8._.js:776
[ 2908911ms] [LOG] [Fast Refresh] done in 646ms @ http://localhost:3000/_next/static/chunks/node_modules_next_dist_1e8vcs8._.js:776
[ 2908976ms] [LOG] [Fast Refresh] done in 646ms @ http://localhost:3000/_next/static/chunks/node_modules_next_dist_1e8vcs8._.js:776
[ 2909037ms] [LOG] [Fast Refresh] done in 646ms @ http://localhost:3000/_next/static/chunks/node_modules_next_dist_1e8vcs8._.js:776
[ 2909100ms] [LOG] [Fast Refresh] done in 646ms @ http://localhost:3000/_next/static/chunks/node_modules_next_dist_1e8vcs8._.js:776
[ 2909160ms] [LOG] [Fast Refresh] done in 646ms @ http://localhost:3000/_next/static/chunks/node_modules_next_dist_1e8vcs8._.js:776
[ 2909222ms] [LOG] [Fast Refresh] done in 646ms @ http://localhost:3000/_next/static/chunks/node_modules_next_dist_1e8vcs8._.js:776
[ 2909285ms] [LOG] [Fast Refresh] done in 646ms @ http://localhost:3000/_next/static/chunks/node_modules_next_dist_1e8vcs8._.js:776
[ 2909349ms] [LOG] [Fast Refresh] done in 646ms @ http://localhost:3000/_next/static/chunks/node_modules_next_dist_1e8vcs8._.js:776
[ 2909413ms] [LOG] [Fast Refresh] done in 646ms @ http://localhost:3000/_next/static/chunks/node_modules_next_dist_1e8vcs8._.js:776
[ 2909478ms] [LOG] [Fast Refresh] done in 646ms @ http://localhost:3000/_next/static/chunks/node_modules_next_dist_1e8vcs8._.js:776
[ 2909538ms] [LOG] [Fast Refresh] done in 646ms @ http://localhost:3000/_next/static/chunks/node_modules_next_dist_1e8vcs8._.js:776
[ 2909600ms] [LOG] [Fast Refresh] done in 646ms @ http://localhost:3000/_next/static/chunks/node_modules_next_dist_1e8vcs8._.js:776
[ 2909662ms] [LOG] [Fast Refresh] done in 646ms @ http://localhost:3000/_next/static/chunks/node_modules_next_dist_1e8vcs8._.js:776
[ 2909727ms] [LOG] [Fast Refresh] done in 646ms @ http://localhost:3000/_next/static/chunks/node_modules_next_dist_1e8vcs8._.js:776
[ 2909787ms] [LOG] [Fast Refresh] done in 646ms @ http://localhost:3000/_next/static/chunks/node_modules_next_dist_1e8vcs8._.js:776
[ 2909865ms] [LOG] [Fast Refresh] done in 646ms @ http://localhost:3000/_next/static/chunks/node_modules_next_dist_1e8vcs8._.js:776
[ 2909928ms] [LOG] [Fast Refresh] done in 646ms @ http://localhost:3000/_next/static/chunks/node_modules_next_dist_1e8vcs8._.js:776
[ 2909993ms] [LOG] [Fast Refresh] done in 646ms @ http://localhost:3000/_next/static/chunks/node_modules_next_dist_1e8vcs8._.js:776
[ 2910052ms] [LOG] [Fast Refresh] done in 646ms @ http://localhost:3000/_next/static/chunks/node_modules_next_dist_1e8vcs8._.js:776
[ 2910114ms] [LOG] [Fast Refresh] done in 646ms @ http://localhost:3000/_next/static/chunks/node_modules_next_dist_1e8vcs8._.js:776
[ 2910179ms] [LOG] [Fast Refresh] done in 646ms @ http://localhost:3000/_next/static/chunks/node_modules_next_dist_1e8vcs8._.js:776
[ 2910244ms] [LOG] [Fast Refresh] done in 646ms @ http://localhost:3000/_next/static/chunks/node_modules_next_dist_1e8vcs8._.js:776
[ 2910302ms] [LOG] [Fast Refresh] done in 646ms @ http://localhost:3000/_next/static/chunks/node_modules_next_dist_1e8vcs8._.js:776
[ 2910365ms] [LOG] [Fast Refresh] done in 646ms @ http://localhost:3000/_next/static/chunks/node_modules_next_dist_1e8vcs8._.js:776
[ 2910428ms] [LOG] [Fast Refresh] done in 646ms @ http://localhost:3000/_next/static/chunks/node_modules_next_dist_1e8vcs8._.js:776
[ 2910493ms] [LOG] [Fast Refresh] done in 646ms @ http://localhost:3000/_next/static/chunks/node_modules_next_dist_1e8vcs8._.js:776
[ 2910553ms] [LOG] [Fast Refresh] done in 646ms @ http://localhost:3000/_next/static/chunks/node_modules_next_dist_1e8vcs8._.js:776
[ 2910616ms] [LOG] [Fast Refresh] done in 646ms @ http://localhost:3000/_next/static/chunks/node_modules_next_dist_1e8vcs8._.js:776
[ 2910680ms] [LOG] [Fast Refresh] done in 646ms @ http://localhost:3000/_next/static/chunks/node_modules_next_dist_1e8vcs8._.js:776
[ 2910744ms] [LOG] [Fast Refresh] done in 646ms @ http://localhost:3000/_next/static/chunks/node_modules_next_dist_1e8vcs8._.js:776
[ 2910806ms] [LOG] [Fast Refresh] done in 646ms @ http://localhost:3000/_next/static/chunks/node_modules_next_dist_1e8vcs8._.js:776
[ 2910867ms] [LOG] [Fast Refresh] done in 646ms @ http://localhost:3000/_next/static/chunks/node_modules_next_dist_1e8vcs8._.js:776
[ 2910931ms] [LOG] [Fast Refresh] done in 646ms @ http://localhost:3000/_next/static/chunks/node_modules_next_dist_1e8vcs8._.js:776
[ 2910994ms] [LOG] [Fast Refresh] done in 646ms @ http://localhost:3000/_next/static/chunks/node_modules_next_dist_1e8vcs8._.js:776
[ 2911055ms] [LOG] [Fast Refresh] done in 646ms @ http://localhost:3000/_next/static/chunks/node_modules_next_dist_1e8vcs8._.js:776
[ 2911118ms] [LOG] [Fast Refresh] done in 646ms @ http://localhost:3000/_next/static/chunks/node_modules_next_dist_1e8vcs8._.js:776
[ 2911181ms] [LOG] [Fast Refresh] done in 646ms @ http://localhost:3000/_next/static/chunks/node_modules_next_dist_1e8vcs8._.js:776
[ 2911245ms] [LOG] [Fast Refresh] done in 646ms @ http://localhost:3000/_next/static/chunks/node_modules_next_dist_1e8vcs8._.js:776
[ 2911306ms] [LOG] [Fast Refresh] done in 646ms @ http://localhost:3000/_next/static/chunks/node_modules_next_dist_1e8vcs8._.js:776
[ 2911368ms] [LOG] [Fast Refresh] done in 646ms @ http://localhost:3000/_next/static/chunks/node_modules_next_dist_1e8vcs8._.js:776
[ 2911431ms] [LOG] [Fast Refresh] done in 646ms @ http://localhost:3000/_next/static/chunks/node_modules_next_dist_1e8vcs8._.js:776
[ 2911494ms] [LOG] [Fast Refresh] done in 646ms @ http://localhost:3000/_next/static/chunks/node_modules_next_dist_1e8vcs8._.js:776
[ 2911555ms] [LOG] [Fast Refresh] done in 646ms @ http://localhost:3000/_next/static/chunks/node_modules_next_dist_1e8vcs8._.js:776
[ 2911618ms] [LOG] [Fast Refresh] done in 646ms @ http://localhost:3000/_next/static/chunks/node_modules_next_dist_1e8vcs8._.js:776
[ 2911680ms] [LOG] [Fast Refresh] done in 646ms @ http://localhost:3000/_next/static/chunks/node_modules_next_dist_1e8vcs8._.js:776
[ 2911744ms] [LOG] [Fast Refresh] done in 646ms @ http://localhost:3000/_next/static/chunks/node_modules_next_dist_1e8vcs8._.js:776
[ 2911805ms] [LOG] [Fast Refresh] done in 646ms @ http://localhost:3000/_next/static/chunks/node_modules_next_dist_1e8vcs8._.js:776
[ 2911868ms] [LOG] [Fast Refresh] done in 646ms @ http://localhost:3000/_next/static/chunks/node_modules_next_dist_1e8vcs8._.js:776
[ 2911931ms] [LOG] [Fast Refresh] done in 646ms @ http://localhost:3000/_next/static/chunks/node_modules_next_dist_1e8vcs8._.js:776
[ 2911993ms] [LOG] [Fast Refresh] done in 646ms @ http://localhost:3000/_next/static/chunks/node_modules_next_dist_1e8vcs8._.js:776
[ 2912046ms] [LOG] [Fast Refresh] done in 646ms @ http://localhost:3000/_next/static/chunks/node_modules_next_dist_1e8vcs8._.js:776
[ 2912116ms] [LOG] [Fast Refresh] done in 646ms @ http://localhost:3000/_next/static/chunks/node_modules_next_dist_1e8vcs8._.js:776
[ 2912180ms] [LOG] [Fast Refresh] done in 646ms @ http://localhost:3000/_next/static/chunks/node_modules_next_dist_1e8vcs8._.js:776
[ 2912241ms] [LOG] [Fast Refresh] done in 646ms @ http://localhost:3000/_next/static/chunks/node_modules_next_dist_1e8vcs8._.js:776
[ 2912303ms] [LOG] [Fast Refresh] done in 646ms @ http://localhost:3000/_next/static/chunks/node_modules_next_dist_1e8vcs8._.js:776
[ 2912366ms] [LOG] [Fast Refresh] done in 646ms @ http://localhost:3000/_next/static/chunks/node_modules_next_dist_1e8vcs8._.js:776
[ 2912430ms] [LOG] [Fast Refresh] done in 646ms @ http://localhost:3000/_next/static/chunks/node_modules_next_dist_1e8vcs8._.js:776
[ 2912493ms] [LOG] [Fast Refresh] done in 646ms @ http://localhost:3000/_next/static/chunks/node_modules_next_dist_1e8vcs8._.js:776
[ 2912552ms] [LOG] [Fast Refresh] done in 646ms @ http://localhost:3000/_next/static/chunks/node_modules_next_dist_1e8vcs8._.js:776
[ 2912615ms] [LOG] [Fast Refresh] done in 646ms @ http://localhost:3000/_next/static/chunks/node_modules_next_dist_1e8vcs8._.js:776
[ 2912679ms] [LOG] [Fast Refresh] done in 646ms @ http://localhost:3000/_next/static/chunks/node_modules_next_dist_1e8vcs8._.js:776
[ 2912744ms] [LOG] [Fast Refresh] done in 646ms @ http://localhost:3000/_next/static/chunks/node_modules_next_dist_1e8vcs8._.js:776
[ 2912802ms] [LOG] [Fast Refresh] done in 646ms @ http://localhost:3000/_next/static/chunks/node_modules_next_dist_1e8vcs8._.js:776
[ 2912882ms] [LOG] [Fast Refresh] done in 646ms @ http://localhost:3000/_next/static/chunks/node_modules_next_dist_1e8vcs8._.js:776
[ 2912945ms] [LOG] [Fast Refresh] done in 646ms @ http://localhost:3000/_next/static/chunks/node_modules_next_dist_1e8vcs8._.js:776
[ 2913006ms] [LOG] [Fast Refresh] done in 646ms @ http://localhost:3000/_next/static/chunks/node_modules_next_dist_1e8vcs8._.js:776
[ 2913068ms] [LOG] [Fast Refresh] done in 646ms @ http://localhost:3000/_next/static/chunks/node_modules_next_dist_1e8vcs8._.js:776
[ 2913131ms] [LOG] [Fast Refresh] done in 646ms @ http://localhost:3000/_next/static/chunks/node_modules_next_dist_1e8vcs8._.js:776
[ 2913194ms] [LOG] [Fast Refresh] done in 646ms @ http://localhost:3000/_next/static/chunks/node_modules_next_dist_1e8vcs8._.js:776
[ 2913255ms] [LOG] [Fast Refresh] done in 646ms @ http://localhost:3000/_next/static/chunks/node_modules_next_dist_1e8vcs8._.js:776
[ 2913317ms] [LOG] [Fast Refresh] done in 646ms @ http://localhost:3000/_next/static/chunks/node_modules_next_dist_1e8vcs8._.js:776
[ 2913380ms] [LOG] [Fast Refresh] done in 646ms @ http://localhost:3000/_next/static/chunks/node_modules_next_dist_1e8vcs8._.js:776
[ 2913443ms] [LOG] [Fast Refresh] done in 646ms @ http://localhost:3000/_next/static/chunks/node_modules_next_dist_1e8vcs8._.js:776
[ 2913504ms] [LOG] [Fast Refresh] done in 646ms @ http://localhost:3000/_next/static/chunks/node_modules_next_dist_1e8vcs8._.js:776
[ 2913567ms] [LOG] [Fast Refresh] done in 646ms @ http://localhost:3000/_next/static/chunks/node_modules_next_dist_1e8vcs8._.js:776
[ 2913628ms] [LOG] [Fast Refresh] done in 646ms @ http://localhost:3000/_next/static/chunks/node_modules_next_dist_1e8vcs8._.js:776
[ 2913692ms] [LOG] [Fast Refresh] done in 646ms @ http://localhost:3000/_next/static/chunks/node_modules_next_dist_1e8vcs8._.js:776
[ 2913753ms] [LOG] [Fast Refresh] done in 646ms @ http://localhost:3000/_next/static/chunks/node_modules_next_dist_1e8vcs8._.js:776
[ 2913815ms] [LOG] [Fast Refresh] done in 646ms @ http://localhost:3000/_next/static/chunks/node_modules_next_dist_1e8vcs8._.js:776
[ 2936650ms] [LOG] [Fast Refresh] rebuilding @ http://localhost:3000/_next/static/chunks/node_modules_next_dist_1e8vcs8._.js:776
[ 2937350ms] [LOG] [Fast Refresh] done in 599ms @ http://localhost:3000/_next/static/chunks/node_modules_next_dist_1e8vcs8._.js:776
[ 2937461ms] [LOG] [Fast Refresh] done in 599ms @ http://localhost:3000/_next/static/chunks/node_modules_next_dist_1e8vcs8._.js:776
[ 2937868ms] [LOG] [Fast Refresh] done in 599ms @ http://localhost:3000/_next/static/chunks/node_modules_next_dist_1e8vcs8._.js:776
[ 2937949ms] [LOG] [Fast Refresh] done in 599ms @ http://localhost:3000/_next/static/chunks/node_modules_next_dist_1e8vcs8._.js:776
[ 2938030ms] [LOG] [Fast Refresh] done in 599ms @ http://localhost:3000/_next/static/chunks/node_modules_next_dist_1e8vcs8._.js:776
[ 2938107ms] [LOG] [Fast Refresh] done in 599ms @ http://localhost:3000/_next/static/chunks/node_modules_next_dist_1e8vcs8._.js:776
[ 2938171ms] [LOG] [Fast Refresh] done in 599ms @ http://localhost:3000/_next/static/chunks/node_modules_next_dist_1e8vcs8._.js:776
[ 2938233ms] [LOG] [Fast Refresh] done in 599ms @ http://localhost:3000/_next/static/chunks/node_modules_next_dist_1e8vcs8._.js:776
[ 2938297ms] [LOG] [Fast Refresh] done in 599ms @ http://localhost:3000/_next/static/chunks/node_modules_next_dist_1e8vcs8._.js:776
[ 2938360ms] [LOG] [Fast Refresh] done in 599ms @ http://localhost:3000/_next/static/chunks/node_modules_next_dist_1e8vcs8._.js:776
[ 2938425ms] [LOG] [Fast Refresh] done in 599ms @ http://localhost:3000/_next/static/chunks/node_modules_next_dist_1e8vcs8._.js:776
[ 2938488ms] [LOG] [Fast Refresh] done in 599ms @ http://localhost:3000/_next/static/chunks/node_modules_next_dist_1e8vcs8._.js:776
[ 2938540ms] [LOG] [Fast Refresh] done in 599ms @ http://localhost:3000/_next/static/chunks/node_modules_next_dist_1e8vcs8._.js:776
[ 2938612ms] [LOG] [Fast Refresh] done in 599ms @ http://localhost:3000/_next/static/chunks/node_modules_next_dist_1e8vcs8._.js:776
[ 2938675ms] [LOG] [Fast Refresh] done in 599ms @ http://localhost:3000/_next/static/chunks/node_modules_next_dist_1e8vcs8._.js:776
[ 2938737ms] [LOG] [Fast Refresh] done in 599ms @ http://localhost:3000/_next/static/chunks/node_modules_next_dist_1e8vcs8._.js:776
[ 2938799ms] [LOG] [Fast Refresh] done in 599ms @ http://localhost:3000/_next/static/chunks/node_modules_next_dist_1e8vcs8._.js:776
[ 2938861ms] [LOG] [Fast Refresh] done in 599ms @ http://localhost:3000/_next/static/chunks/node_modules_next_dist_1e8vcs8._.js:776
[ 2938921ms] [LOG] [Fast Refresh] done in 599ms @ http://localhost:3000/_next/static/chunks/node_modules_next_dist_1e8vcs8._.js:776
[ 2938984ms] [LOG] [Fast Refresh] done in 599ms @ http://localhost:3000/_next/static/chunks/node_modules_next_dist_1e8vcs8._.js:776
[ 2939047ms] [LOG] [Fast Refresh] done in 599ms @ http://localhost:3000/_next/static/chunks/node_modules_next_dist_1e8vcs8._.js:776
[ 2939119ms] [LOG] [Fast Refresh] done in 599ms @ http://localhost:3000/_next/static/chunks/node_modules_next_dist_1e8vcs8._.js:776
[ 2939186ms] [LOG] [Fast Refresh] done in 599ms @ http://localhost:3000/_next/static/chunks/node_modules_next_dist_1e8vcs8._.js:776
[ 2939249ms] [LOG] [Fast Refresh] done in 599ms @ http://localhost:3000/_next/static/chunks/node_modules_next_dist_1e8vcs8._.js:776
[ 2939311ms] [LOG] [Fast Refresh] done in 599ms @ http://localhost:3000/_next/static/chunks/node_modules_next_dist_1e8vcs8._.js:776
[ 2939376ms] [LOG] [Fast Refresh] done in 599ms @ http://localhost:3000/_next/static/chunks/node_modules_next_dist_1e8vcs8._.js:776
[ 2939438ms] [LOG] [Fast Refresh] done in 599ms @ http://localhost:3000/_next/static/chunks/node_modules_next_dist_1e8vcs8._.js:776
[ 2939501ms] [LOG] [Fast Refresh] done in 599ms @ http://localhost:3000/_next/static/chunks/node_modules_next_dist_1e8vcs8._.js:776
[ 2939563ms] [LOG] [Fast Refresh] done in 599ms @ http://localhost:3000/_next/static/chunks/node_modules_next_dist_1e8vcs8._.js:776
[ 2939626ms] [LOG] [Fast Refresh] done in 599ms @ http://localhost:3000/_next/static/chunks/node_modules_next_dist_1e8vcs8._.js:776
[ 2939687ms] [LOG] [Fast Refresh] done in 599ms @ http://localhost:3000/_next/static/chunks/node_modules_next_dist_1e8vcs8._.js:776
[ 2939750ms] [LOG] [Fast Refresh] done in 599ms @ http://localhost:3000/_next/static/chunks/node_modules_next_dist_1e8vcs8._.js:776
[ 2939812ms] [LOG] [Fast Refresh] done in 599ms @ http://localhost:3000/_next/static/chunks/node_modules_next_dist_1e8vcs8._.js:776
[ 2939901ms] [LOG] [Fast Refresh] done in 599ms @ http://localhost:3000/_next/static/chunks/node_modules_next_dist_1e8vcs8._.js:776
[ 2939952ms] [LOG] [Fast Refresh] done in 599ms @ http://localhost:3000/_next/static/chunks/node_modules_next_dist_1e8vcs8._.js:776
[ 2940015ms] [LOG] [Fast Refresh] done in 599ms @ http://localhost:3000/_next/static/chunks/node_modules_next_dist_1e8vcs8._.js:776
[ 2940077ms] [LOG] [Fast Refresh] done in 599ms @ http://localhost:3000/_next/static/chunks/node_modules_next_dist_1e8vcs8._.js:776
[ 2940139ms] [LOG] [Fast Refresh] done in 599ms @ http://localhost:3000/_next/static/chunks/node_modules_next_dist_1e8vcs8._.js:776
[ 2940201ms] [LOG] [Fast Refresh] done in 599ms @ http://localhost:3000/_next/static/chunks/node_modules_next_dist_1e8vcs8._.js:776
[ 2940265ms] [LOG] [Fast Refresh] done in 599ms @ http://localhost:3000/_next/static/chunks/node_modules_next_dist_1e8vcs8._.js:776
[ 2940327ms] [LOG] [Fast Refresh] done in 599ms @ http://localhost:3000/_next/static/chunks/node_modules_next_dist_1e8vcs8._.js:776
[ 2940389ms] [LOG] [Fast Refresh] done in 599ms @ http://localhost:3000/_next/static/chunks/node_modules_next_dist_1e8vcs8._.js:776
[ 2940452ms] [LOG] [Fast Refresh] done in 599ms @ http://localhost:3000/_next/static/chunks/node_modules_next_dist_1e8vcs8._.js:776
[ 2940515ms] [LOG] [Fast Refresh] done in 599ms @ http://localhost:3000/_next/static/chunks/node_modules_next_dist_1e8vcs8._.js:776
[ 2940580ms] [LOG] [Fast Refresh] done in 599ms @ http://localhost:3000/_next/static/chunks/node_modules_next_dist_1e8vcs8._.js:776
[ 2940643ms] [LOG] [Fast Refresh] done in 599ms @ http://localhost:3000/_next/static/chunks/node_modules_next_dist_1e8vcs8._.js:776
[ 2940704ms] [LOG] [Fast Refresh] done in 599ms @ http://localhost:3000/_next/static/chunks/node_modules_next_dist_1e8vcs8._.js:776
[ 2940766ms] [LOG] [Fast Refresh] done in 599ms @ http://localhost:3000/_next/static/chunks/node_modules_next_dist_1e8vcs8._.js:776
[ 2940829ms] [LOG] [Fast Refresh] done in 599ms @ http://localhost:3000/_next/static/chunks/node_modules_next_dist_1e8vcs8._.js:776
[ 2940893ms] [LOG] [Fast Refresh] done in 599ms @ http://localhost:3000/_next/static/chunks/node_modules_next_dist_1e8vcs8._.js:776
[ 2940953ms] [LOG] [Fast Refresh] done in 599ms @ http://localhost:3000/_next/static/chunks/node_modules_next_dist_1e8vcs8._.js:776
[ 2941016ms] [LOG] [Fast Refresh] done in 599ms @ http://localhost:3000/_next/static/chunks/node_modules_next_dist_1e8vcs8._.js:776
[ 2941080ms] [LOG] [Fast Refresh] done in 599ms @ http://localhost:3000/_next/static/chunks/node_modules_next_dist_1e8vcs8._.js:776
[ 2941144ms] [LOG] [Fast Refresh] done in 599ms @ http://localhost:3000/_next/static/chunks/node_modules_next_dist_1e8vcs8._.js:776
[ 2941203ms] [LOG] [Fast Refresh] done in 599ms @ http://localhost:3000/_next/static/chunks/node_modules_next_dist_1e8vcs8._.js:776
[ 2941266ms] [LOG] [Fast Refresh] done in 599ms @ http://localhost:3000/_next/static/chunks/node_modules_next_dist_1e8vcs8._.js:776
[ 2941331ms] [LOG] [Fast Refresh] done in 599ms @ http://localhost:3000/_next/static/chunks/node_modules_next_dist_1e8vcs8._.js:776
[ 2941394ms] [LOG] [Fast Refresh] done in 599ms @ http://localhost:3000/_next/static/chunks/node_modules_next_dist_1e8vcs8._.js:776
[ 2941458ms] [LOG] [Fast Refresh] done in 599ms @ http://localhost:3000/_next/static/chunks/node_modules_next_dist_1e8vcs8._.js:776
[ 2941520ms] [LOG] [Fast Refresh] done in 599ms @ http://localhost:3000/_next/static/chunks/node_modules_next_dist_1e8vcs8._.js:776
[ 2941584ms] [LOG] [Fast Refresh] done in 599ms @ http://localhost:3000/_next/static/chunks/node_modules_next_dist_1e8vcs8._.js:776
[ 2941648ms] [LOG] [Fast Refresh] done in 599ms @ http://localhost:3000/_next/static/chunks/node_modules_next_dist_1e8vcs8._.js:776
[ 2941711ms] [LOG] [Fast Refresh] done in 599ms @ http://localhost:3000/_next/static/chunks/node_modules_next_dist_1e8vcs8._.js:776
[ 2941776ms] [LOG] [Fast Refresh] done in 599ms @ http://localhost:3000/_next/static/chunks/node_modules_next_dist_1e8vcs8._.js:776
[ 2941837ms] [LOG] [Fast Refresh] done in 599ms @ http://localhost:3000/_next/static/chunks/node_modules_next_dist_1e8vcs8._.js:776
[ 2941900ms] [LOG] [Fast Refresh] done in 599ms @ http://localhost:3000/_next/static/chunks/node_modules_next_dist_1e8vcs8._.js:776
[ 2941964ms] [LOG] [Fast Refresh] done in 599ms @ http://localhost:3000/_next/static/chunks/node_modules_next_dist_1e8vcs8._.js:776
[ 2942026ms] [LOG] [Fast Refresh] done in 599ms @ http://localhost:3000/_next/static/chunks/node_modules_next_dist_1e8vcs8._.js:776
[ 2942088ms] [LOG] [Fast Refresh] done in 599ms @ http://localhost:3000/_next/static/chunks/node_modules_next_dist_1e8vcs8._.js:776
[ 2942150ms] [LOG] [Fast Refresh] done in 599ms @ http://localhost:3000/_next/static/chunks/node_modules_next_dist_1e8vcs8._.js:776
[ 2942214ms] [LOG] [Fast Refresh] done in 599ms @ http://localhost:3000/_next/static/chunks/node_modules_next_dist_1e8vcs8._.js:776
[ 2942276ms] [LOG] [Fast Refresh] done in 599ms @ http://localhost:3000/_next/static/chunks/node_modules_next_dist_1e8vcs8._.js:776
[ 2942343ms] [LOG] [Fast Refresh] done in 599ms @ http://localhost:3000/_next/static/chunks/node_modules_next_dist_1e8vcs8._.js:776
[ 2942403ms] [LOG] [Fast Refresh] done in 599ms @ http://localhost:3000/_next/static/chunks/node_modules_next_dist_1e8vcs8._.js:776
[ 2942466ms] [LOG] [Fast Refresh] done in 599ms @ http://localhost:3000/_next/static/chunks/node_modules_next_dist_1e8vcs8._.js:776
[ 2942529ms] [LOG] [Fast Refresh] done in 599ms @ http://localhost:3000/_next/static/chunks/node_modules_next_dist_1e8vcs8._.js:776
[ 2942593ms] [LOG] [Fast Refresh] done in 599ms @ http://localhost:3000/_next/static/chunks/node_modules_next_dist_1e8vcs8._.js:776
[ 2942654ms] [LOG] [Fast Refresh] done in 599ms @ http://localhost:3000/_next/static/chunks/node_modules_next_dist_1e8vcs8._.js:776
[ 2942717ms] [LOG] [Fast Refresh] done in 599ms @ http://localhost:3000/_next/static/chunks/node_modules_next_dist_1e8vcs8._.js:776
[ 2942781ms] [LOG] [Fast Refresh] done in 599ms @ http://localhost:3000/_next/static/chunks/node_modules_next_dist_1e8vcs8._.js:776
[ 2942843ms] [LOG] [Fast Refresh] done in 599ms @ http://localhost:3000/_next/static/chunks/node_modules_next_dist_1e8vcs8._.js:776
[ 2942904ms] [LOG] [Fast Refresh] done in 599ms @ http://localhost:3000/_next/static/chunks/node_modules_next_dist_1e8vcs8._.js:776
[ 2942966ms] [LOG] [Fast Refresh] done in 599ms @ http://localhost:3000/_next/static/chunks/node_modules_next_dist_1e8vcs8._.js:776
[ 2943030ms] [LOG] [Fast Refresh] done in 599ms @ http://localhost:3000/_next/static/chunks/node_modules_next_dist_1e8vcs8._.js:776
[ 2943094ms] [LOG] [Fast Refresh] done in 599ms @ http://localhost:3000/_next/static/chunks/node_modules_next_dist_1e8vcs8._.js:776
[ 2943155ms] [LOG] [Fast Refresh] done in 599ms @ http://localhost:3000/_next/static/chunks/node_modules_next_dist_1e8vcs8._.js:776
[ 2943216ms] [LOG] [Fast Refresh] done in 599ms @ http://localhost:3000/_next/static/chunks/node_modules_next_dist_1e8vcs8._.js:776
[ 2943280ms] [LOG] [Fast Refresh] done in 599ms @ http://localhost:3000/_next/static/chunks/node_modules_next_dist_1e8vcs8._.js:776
[ 2943343ms] [LOG] [Fast Refresh] done in 599ms @ http://localhost:3000/_next/static/chunks/node_modules_next_dist_1e8vcs8._.js:776
[ 2943404ms] [LOG] [Fast Refresh] done in 599ms @ http://localhost:3000/_next/static/chunks/node_modules_next_dist_1e8vcs8._.js:776
[ 2943467ms] [LOG] [Fast Refresh] done in 599ms @ http://localhost:3000/_next/static/chunks/node_modules_next_dist_1e8vcs8._.js:776
[ 2943531ms] [LOG] [Fast Refresh] done in 599ms @ http://localhost:3000/_next/static/chunks/node_modules_next_dist_1e8vcs8._.js:776
[ 2943594ms] [LOG] [Fast Refresh] done in 599ms @ http://localhost:3000/_next/static/chunks/node_modules_next_dist_1e8vcs8._.js:776
[ 2943655ms] [LOG] [Fast Refresh] done in 599ms @ http://localhost:3000/_next/static/chunks/node_modules_next_dist_1e8vcs8._.js:776
[ 2943718ms] [LOG] [Fast Refresh] done in 599ms @ http://localhost:3000/_next/static/chunks/node_modules_next_dist_1e8vcs8._.js:776
[ 2943782ms] [LOG] [Fast Refresh] done in 599ms @ http://localhost:3000/_next/static/chunks/node_modules_next_dist_1e8vcs8._.js:776
[ 2943915ms] [LOG] [Fast Refresh] done in 599ms @ http://localhost:3000/_next/static/chunks/node_modules_next_dist_1e8vcs8._.js:776
[ 2943982ms] [LOG] [Fast Refresh] done in 599ms @ http://localhost:3000/_next/static/chunks/node_modules_next_dist_1e8vcs8._.js:776
[ 2944045ms] [LOG] [Fast Refresh] done in 599ms @ http://localhost:3000/_next/static/chunks/node_modules_next_dist_1e8vcs8._.js:776
[ 2944110ms] [LOG] [Fast Refresh] done in 599ms @ http://localhost:3000/_next/static/chunks/node_modules_next_dist_1e8vcs8._.js:776
[ 2944170ms] [LOG] [Fast Refresh] done in 599ms @ http://localhost:3000/_next/static/chunks/node_modules_next_dist_1e8vcs8._.js:776
[ 2944233ms] [LOG] [Fast Refresh] done in 599ms @ http://localhost:3000/_next/static/chunks/node_modules_next_dist_1e8vcs8._.js:776
[ 2944294ms] [LOG] [Fast Refresh] done in 599ms @ http://localhost:3000/_next/static/chunks/node_modules_next_dist_1e8vcs8._.js:776
[ 2944359ms] [LOG] [Fast Refresh] done in 599ms @ http://localhost:3000/_next/static/chunks/node_modules_next_dist_1e8vcs8._.js:776
[ 2944419ms] [LOG] [Fast Refresh] done in 599ms @ http://localhost:3000/_next/static/chunks/node_modules_next_dist_1e8vcs8._.js:776
[ 2944482ms] [LOG] [Fast Refresh] done in 599ms @ http://localhost:3000/_next/static/chunks/node_modules_next_dist_1e8vcs8._.js:776
[ 2944545ms] [LOG] [Fast Refresh] done in 599ms @ http://localhost:3000/_next/static/chunks/node_modules_next_dist_1e8vcs8._.js:776
[ 2944609ms] [LOG] [Fast Refresh] done in 599ms @ http://localhost:3000/_next/static/chunks/node_modules_next_dist_1e8vcs8._.js:776
[ 2944671ms] [LOG] [Fast Refresh] done in 599ms @ http://localhost:3000/_next/static/chunks/node_modules_next_dist_1e8vcs8._.js:776
[ 2944733ms] [LOG] [Fast Refresh] done in 599ms @ http://localhost:3000/_next/static/chunks/node_modules_next_dist_1e8vcs8._.js:776
[ 2944795ms] [LOG] [Fast Refresh] done in 599ms @ http://localhost:3000/_next/static/chunks/node_modules_next_dist_1e8vcs8._.js:776
[ 2944860ms] [LOG] [Fast Refresh] done in 599ms @ http://localhost:3000/_next/static/chunks/node_modules_next_dist_1e8vcs8._.js:776
[ 2944922ms] [LOG] [Fast Refresh] done in 599ms @ http://localhost:3000/_next/static/chunks/node_modules_next_dist_1e8vcs8._.js:776
[ 2944984ms] [LOG] [Fast Refresh] done in 599ms @ http://localhost:3000/_next/static/chunks/node_modules_next_dist_1e8vcs8._.js:776
[ 2945049ms] [LOG] [Fast Refresh] done in 599ms @ http://localhost:3000/_next/static/chunks/node_modules_next_dist_1e8vcs8._.js:776
[ 2945113ms] [LOG] [Fast Refresh] done in 599ms @ http://localhost:3000/_next/static/chunks/node_modules_next_dist_1e8vcs8._.js:776
[ 2945176ms] [LOG] [Fast Refresh] done in 599ms @ http://localhost:3000/_next/static/chunks/node_modules_next_dist_1e8vcs8._.js:776
[ 2945237ms] [LOG] [Fast Refresh] done in 599ms @ http://localhost:3000/_next/static/chunks/node_modules_next_dist_1e8vcs8._.js:776
[ 2945299ms] [LOG] [Fast Refresh] done in 599ms @ http://localhost:3000/_next/static/chunks/node_modules_next_dist_1e8vcs8._.js:776
[ 2945362ms] [LOG] [Fast Refresh] done in 599ms @ http://localhost:3000/_next/static/chunks/node_modules_next_dist_1e8vcs8._.js:776
[ 2945426ms] [LOG] [Fast Refresh] done in 599ms @ http://localhost:3000/_next/static/chunks/node_modules_next_dist_1e8vcs8._.js:776
[ 2945486ms] [LOG] [Fast Refresh] done in 599ms @ http://localhost:3000/_next/static/chunks/node_modules_next_dist_1e8vcs8._.js:776
[ 2945548ms] [LOG] [Fast Refresh] done in 599ms @ http://localhost:3000/_next/static/chunks/node_modules_next_dist_1e8vcs8._.js:776
[ 2945610ms] [LOG] [Fast Refresh] done in 599ms @ http://localhost:3000/_next/static/chunks/node_modules_next_dist_1e8vcs8._.js:776
[ 2945672ms] [LOG] [Fast Refresh] done in 599ms @ http://localhost:3000/_next/static/chunks/node_modules_next_dist_1e8vcs8._.js:776
[ 2945734ms] [LOG] [Fast Refresh] done in 599ms @ http://localhost:3000/_next/static/chunks/node_modules_next_dist_1e8vcs8._.js:776
[ 2945798ms] [LOG] [Fast Refresh] done in 599ms @ http://localhost:3000/_next/static/chunks/node_modules_next_dist_1e8vcs8._.js:776
[ 2945860ms] [LOG] [Fast Refresh] done in 599ms @ http://localhost:3000/_next/static/chunks/node_modules_next_dist_1e8vcs8._.js:776
[ 2945922ms] [LOG] [Fast Refresh] done in 599ms @ http://localhost:3000/_next/static/chunks/node_modules_next_dist_1e8vcs8._.js:776
[ 2945985ms] [LOG] [Fast Refresh] done in 599ms @ http://localhost:3000/_next/static/chunks/node_modules_next_dist_1e8vcs8._.js:776
[ 2946048ms] [LOG] [Fast Refresh] done in 599ms @ http://localhost:3000/_next/static/chunks/node_modules_next_dist_1e8vcs8._.js:776
[ 2946110ms] [LOG] [Fast Refresh] done in 599ms @ http://localhost:3000/_next/static/chunks/node_modules_next_dist_1e8vcs8._.js:776
[ 2946176ms] [LOG] [Fast Refresh] done in 599ms @ http://localhost:3000/_next/static/chunks/node_modules_next_dist_1e8vcs8._.js:776
[ 2946236ms] [LOG] [Fast Refresh] done in 599ms @ http://localhost:3000/_next/static/chunks/node_modules_next_dist_1e8vcs8._.js:776
[ 2946298ms] [LOG] [Fast Refresh] done in 599ms @ http://localhost:3000/_next/static/chunks/node_modules_next_dist_1e8vcs8._.js:776
[ 2946361ms] [LOG] [Fast Refresh] done in 599ms @ http://localhost:3000/_next/static/chunks/node_modules_next_dist_1e8vcs8._.js:776
[ 2946428ms] [LOG] [Fast Refresh] done in 599ms @ http://localhost:3000/_next/static/chunks/node_modules_next_dist_1e8vcs8._.js:776
[ 2946501ms] [LOG] [Fast Refresh] done in 599ms @ http://localhost:3000/_next/static/chunks/node_modules_next_dist_1e8vcs8._.js:776
[ 2946565ms] [LOG] [Fast Refresh] done in 599ms @ http://localhost:3000/_next/static/chunks/node_modules_next_dist_1e8vcs8._.js:776
[ 2946627ms] [LOG] [Fast Refresh] done in 599ms @ http://localhost:3000/_next/static/chunks/node_modules_next_dist_1e8vcs8._.js:776
[ 2946689ms] [LOG] [Fast Refresh] done in 599ms @ http://localhost:3000/_next/static/chunks/node_modules_next_dist_1e8vcs8._.js:776
[ 2946751ms] [LOG] [Fast Refresh] done in 599ms @ http://localhost:3000/_next/static/chunks/node_modules_next_dist_1e8vcs8._.js:776
[ 2946814ms] [LOG] [Fast Refresh] done in 599ms @ http://localhost:3000/_next/static/chunks/node_modules_next_dist_1e8vcs8._.js:776
[ 2946877ms] [LOG] [Fast Refresh] done in 599ms @ http://localhost:3000/_next/static/chunks/node_modules_next_dist_1e8vcs8._.js:776
[ 2946938ms] [LOG] [Fast Refresh] done in 599ms @ http://localhost:3000/_next/static/chunks/node_modules_next_dist_1e8vcs8._.js:776
[ 2947000ms] [LOG] [Fast Refresh] done in 599ms @ http://localhost:3000/_next/static/chunks/node_modules_next_dist_1e8vcs8._.js:776
[ 2947064ms] [LOG] [Fast Refresh] done in 599ms @ http://localhost:3000/_next/static/chunks/node_modules_next_dist_1e8vcs8._.js:776
[ 2947128ms] [LOG] [Fast Refresh] done in 599ms @ http://localhost:3000/_next/static/chunks/node_modules_next_dist_1e8vcs8._.js:776
[ 2947189ms] [LOG] [Fast Refresh] done in 599ms @ http://localhost:3000/_next/static/chunks/node_modules_next_dist_1e8vcs8._.js:776
[ 2947251ms] [LOG] [Fast Refresh] done in 599ms @ http://localhost:3000/_next/static/chunks/node_modules_next_dist_1e8vcs8._.js:776
[ 2947315ms] [LOG] [Fast Refresh] done in 599ms @ http://localhost:3000/_next/static/chunks/node_modules_next_dist_1e8vcs8._.js:776
[ 2947378ms] [LOG] [Fast Refresh] done in 599ms @ http://localhost:3000/_next/static/chunks/node_modules_next_dist_1e8vcs8._.js:776
[ 2947442ms] [LOG] [Fast Refresh] done in 599ms @ http://localhost:3000/_next/static/chunks/node_modules_next_dist_1e8vcs8._.js:776
[ 2947504ms] [LOG] [Fast Refresh] done in 599ms @ http://localhost:3000/_next/static/chunks/node_modules_next_dist_1e8vcs8._.js:776
[ 2947567ms] [LOG] [Fast Refresh] done in 599ms @ http://localhost:3000/_next/static/chunks/node_modules_next_dist_1e8vcs8._.js:776
[ 2947629ms] [LOG] [Fast Refresh] done in 599ms @ http://localhost:3000/_next/static/chunks/node_modules_next_dist_1e8vcs8._.js:776
[ 2947693ms] [LOG] [Fast Refresh] done in 599ms @ http://localhost:3000/_next/static/chunks/node_modules_next_dist_1e8vcs8._.js:776
[ 2947755ms] [LOG] [Fast Refresh] done in 599ms @ http://localhost:3000/_next/static/chunks/node_modules_next_dist_1e8vcs8._.js:776
[ 2947816ms] [LOG] [Fast Refresh] done in 599ms @ http://localhost:3000/_next/static/chunks/node_modules_next_dist_1e8vcs8._.js:776
[ 2947878ms] [LOG] [Fast Refresh] done in 599ms @ http://localhost:3000/_next/static/chunks/node_modules_next_dist_1e8vcs8._.js:776
[ 2947939ms] [LOG] [Fast Refresh] done in 599ms @ http://localhost:3000/_next/static/chunks/node_modules_next_dist_1e8vcs8._.js:776
[ 2948001ms] [LOG] [Fast Refresh] done in 599ms @ http://localhost:3000/_next/static/chunks/node_modules_next_dist_1e8vcs8._.js:776
[ 2948065ms] [LOG] [Fast Refresh] done in 599ms @ http://localhost:3000/_next/static/chunks/node_modules_next_dist_1e8vcs8._.js:776
[ 2948127ms] [LOG] [Fast Refresh] done in 599ms @ http://localhost:3000/_next/static/chunks/node_modules_next_dist_1e8vcs8._.js:776
[ 2948187ms] [LOG] [Fast Refresh] done in 599ms @ http://localhost:3000/_next/static/chunks/node_modules_next_dist_1e8vcs8._.js:776
[ 2948250ms] [LOG] [Fast Refresh] done in 599ms @ http://localhost:3000/_next/static/chunks/node_modules_next_dist_1e8vcs8._.js:776
[ 2948313ms] [LOG] [Fast Refresh] done in 599ms @ http://localhost:3000/_next/static/chunks/node_modules_next_dist_1e8vcs8._.js:776
[ 2948379ms] [LOG] [Fast Refresh] done in 599ms @ http://localhost:3000/_next/static/chunks/node_modules_next_dist_1e8vcs8._.js:776
[ 2948435ms] [LOG] [Fast Refresh] done in 599ms @ http://localhost:3000/_next/static/chunks/node_modules_next_dist_1e8vcs8._.js:776
[ 2948498ms] [LOG] [Fast Refresh] done in 599ms @ http://localhost:3000/_next/static/chunks/node_modules_next_dist_1e8vcs8._.js:776
[ 2948562ms] [LOG] [Fast Refresh] done in 599ms @ http://localhost:3000/_next/static/chunks/node_modules_next_dist_1e8vcs8._.js:776
[ 2948628ms] [LOG] [Fast Refresh] done in 599ms @ http://localhost:3000/_next/static/chunks/node_modules_next_dist_1e8vcs8._.js:776
[ 2948686ms] [LOG] [Fast Refresh] done in 599ms @ http://localhost:3000/_next/static/chunks/node_modules_next_dist_1e8vcs8._.js:776
[ 2948750ms] [LOG] [Fast Refresh] done in 599ms @ http://localhost:3000/_next/static/chunks/node_modules_next_dist_1e8vcs8._.js:776
[ 2948812ms] [LOG] [Fast Refresh] done in 599ms @ http://localhost:3000/_next/static/chunks/node_modules_next_dist_1e8vcs8._.js:776
[ 2948872ms] [LOG] [Fast Refresh] done in 599ms @ http://localhost:3000/_next/static/chunks/node_modules_next_dist_1e8vcs8._.js:776
[ 2948933ms] [LOG] [Fast Refresh] done in 599ms @ http://localhost:3000/_next/static/chunks/node_modules_next_dist_1e8vcs8._.js:776
[ 2948997ms] [LOG] [Fast Refresh] done in 599ms @ http://localhost:3000/_next/static/chunks/node_modules_next_dist_1e8vcs8._.js:776
[ 2949085ms] [LOG] [Fast Refresh] done in 599ms @ http://localhost:3000/_next/static/chunks/node_modules_next_dist_1e8vcs8._.js:776
[ 2949232ms] [LOG] [Fast Refresh] done in 599ms @ http://localhost:3000/_next/static/chunks/node_modules_next_dist_1e8vcs8._.js:776
[ 2949295ms] [LOG] [Fast Refresh] done in 599ms @ http://localhost:3000/_next/static/chunks/node_modules_next_dist_1e8vcs8._.js:776
[ 2949354ms] [LOG] [Fast Refresh] done in 599ms @ http://localhost:3000/_next/static/chunks/node_modules_next_dist_1e8vcs8._.js:776
[ 2949417ms] [LOG] [Fast Refresh] done in 599ms @ http://localhost:3000/_next/static/chunks/node_modules_next_dist_1e8vcs8._.js:776
[ 2949480ms] [LOG] [Fast Refresh] done in 599ms @ http://localhost:3000/_next/static/chunks/node_modules_next_dist_1e8vcs8._.js:776
[ 2949546ms] [LOG] [Fast Refresh] done in 599ms @ http://localhost:3000/_next/static/chunks/node_modules_next_dist_1e8vcs8._.js:776
[ 2949604ms] [LOG] [Fast Refresh] done in 599ms @ http://localhost:3000/_next/static/chunks/node_modules_next_dist_1e8vcs8._.js:776
[ 2949665ms] [LOG] [Fast Refresh] done in 599ms @ http://localhost:3000/_next/static/chunks/node_modules_next_dist_1e8vcs8._.js:776
[ 2949731ms] [LOG] [Fast Refresh] done in 599ms @ http://localhost:3000/_next/static/chunks/node_modules_next_dist_1e8vcs8._.js:776
[ 2949793ms] [LOG] [Fast Refresh] done in 599ms @ http://localhost:3000/_next/static/chunks/node_modules_next_dist_1e8vcs8._.js:776
[ 2949854ms] [LOG] [Fast Refresh] done in 599ms @ http://localhost:3000/_next/static/chunks/node_modules_next_dist_1e8vcs8._.js:776
[ 2949916ms] [LOG] [Fast Refresh] done in 599ms @ http://localhost:3000/_next/static/chunks/node_modules_next_dist_1e8vcs8._.js:776
[ 2949980ms] [LOG] [Fast Refresh] done in 599ms @ http://localhost:3000/_next/static/chunks/node_modules_next_dist_1e8vcs8._.js:776
[ 2950045ms] [LOG] [Fast Refresh] done in 599ms @ http://localhost:3000/_next/static/chunks/node_modules_next_dist_1e8vcs8._.js:776
[ 2950102ms] [LOG] [Fast Refresh] done in 599ms @ http://localhost:3000/_next/static/chunks/node_modules_next_dist_1e8vcs8._.js:776
[ 2950164ms] [LOG] [Fast Refresh] done in 599ms @ http://localhost:3000/_next/static/chunks/node_modules_next_dist_1e8vcs8._.js:776
[ 2950228ms] [LOG] [Fast Refresh] done in 599ms @ http://localhost:3000/_next/static/chunks/node_modules_next_dist_1e8vcs8._.js:776
[ 2950289ms] [LOG] [Fast Refresh] done in 599ms @ http://localhost:3000/_next/static/chunks/node_modules_next_dist_1e8vcs8._.js:776
[ 2950351ms] [LOG] [Fast Refresh] done in 599ms @ http://localhost:3000/_next/static/chunks/node_modules_next_dist_1e8vcs8._.js:776
[ 2950415ms] [LOG] [Fast Refresh] done in 599ms @ http://localhost:3000/_next/static/chunks/node_modules_next_dist_1e8vcs8._.js:776
[ 2950481ms] [LOG] [Fast Refresh] done in 599ms @ http://localhost:3000/_next/static/chunks/node_modules_next_dist_1e8vcs8._.js:776
[ 2950543ms] [LOG] [Fast Refresh] done in 599ms @ http://localhost:3000/_next/static/chunks/node_modules_next_dist_1e8vcs8._.js:776
[ 2950604ms] [LOG] [Fast Refresh] done in 599ms @ http://localhost:3000/_next/static/chunks/node_modules_next_dist_1e8vcs8._.js:776
[ 2950667ms] [LOG] [Fast Refresh] done in 599ms @ http://localhost:3000/_next/static/chunks/node_modules_next_dist_1e8vcs8._.js:776
[ 2950731ms] [LOG] [Fast Refresh] done in 599ms @ http://localhost:3000/_next/static/chunks/node_modules_next_dist_1e8vcs8._.js:776
[ 2950793ms] [LOG] [Fast Refresh] done in 599ms @ http://localhost:3000/_next/static/chunks/node_modules_next_dist_1e8vcs8._.js:776
[ 2950852ms] [LOG] [Fast Refresh] done in 599ms @ http://localhost:3000/_next/static/chunks/node_modules_next_dist_1e8vcs8._.js:776
[ 2950915ms] [LOG] [Fast Refresh] done in 599ms @ http://localhost:3000/_next/static/chunks/node_modules_next_dist_1e8vcs8._.js:776
[ 2950979ms] [LOG] [Fast Refresh] done in 599ms @ http://localhost:3000/_next/static/chunks/node_modules_next_dist_1e8vcs8._.js:776
[ 2951041ms] [LOG] [Fast Refresh] done in 599ms @ http://localhost:3000/_next/static/chunks/node_modules_next_dist_1e8vcs8._.js:776
[ 2951102ms] [LOG] [Fast Refresh] done in 599ms @ http://localhost:3000/_next/static/chunks/node_modules_next_dist_1e8vcs8._.js:776
[ 2951165ms] [LOG] [Fast Refresh] done in 599ms @ http://localhost:3000/_next/static/chunks/node_modules_next_dist_1e8vcs8._.js:776
[ 2951229ms] [LOG] [Fast Refresh] done in 599ms @ http://localhost:3000/_next/static/chunks/node_modules_next_dist_1e8vcs8._.js:776
[ 2951289ms] [LOG] [Fast Refresh] done in 599ms @ http://localhost:3000/_next/static/chunks/node_modules_next_dist_1e8vcs8._.js:776
[ 2951351ms] [LOG] [Fast Refresh] done in 599ms @ http://localhost:3000/_next/static/chunks/node_modules_next_dist_1e8vcs8._.js:776
[ 2951416ms] [LOG] [Fast Refresh] done in 599ms @ http://localhost:3000/_next/static/chunks/node_modules_next_dist_1e8vcs8._.js:776
[ 2951478ms] [LOG] [Fast Refresh] done in 599ms @ http://localhost:3000/_next/static/chunks/node_modules_next_dist_1e8vcs8._.js:776
[ 2951545ms] [LOG] [Fast Refresh] done in 599ms @ http://localhost:3000/_next/static/chunks/node_modules_next_dist_1e8vcs8._.js:776
[ 2951602ms] [LOG] [Fast Refresh] done in 599ms @ http://localhost:3000/_next/static/chunks/node_modules_next_dist_1e8vcs8._.js:776
[ 2951664ms] [LOG] [Fast Refresh] done in 599ms @ http://localhost:3000/_next/static/chunks/node_modules_next_dist_1e8vcs8._.js:776
[ 2951728ms] [LOG] [Fast Refresh] done in 599ms @ http://localhost:3000/_next/static/chunks/node_modules_next_dist_1e8vcs8._.js:776
[ 2951793ms] [LOG] [Fast Refresh] done in 599ms @ http://localhost:3000/_next/static/chunks/node_modules_next_dist_1e8vcs8._.js:776
[ 2951852ms] [LOG] [Fast Refresh] done in 599ms @ http://localhost:3000/_next/static/chunks/node_modules_next_dist_1e8vcs8._.js:776
[ 2951915ms] [LOG] [Fast Refresh] done in 599ms @ http://localhost:3000/_next/static/chunks/node_modules_next_dist_1e8vcs8._.js:776
[ 2951977ms] [LOG] [Fast Refresh] done in 599ms @ http://localhost:3000/_next/static/chunks/node_modules_next_dist_1e8vcs8._.js:776
[ 2952038ms] [LOG] [Fast Refresh] done in 599ms @ http://localhost:3000/_next/static/chunks/node_modules_next_dist_1e8vcs8._.js:776
[ 2952100ms] [LOG] [Fast Refresh] done in 599ms @ http://localhost:3000/_next/static/chunks/node_modules_next_dist_1e8vcs8._.js:776
[ 2952164ms] [LOG] [Fast Refresh] done in 599ms @ http://localhost:3000/_next/static/chunks/node_modules_next_dist_1e8vcs8._.js:776
[ 2952228ms] [LOG] [Fast Refresh] done in 599ms @ http://localhost:3000/_next/static/chunks/node_modules_next_dist_1e8vcs8._.js:776
[ 2952289ms] [LOG] [Fast Refresh] done in 599ms @ http://localhost:3000/_next/static/chunks/node_modules_next_dist_1e8vcs8._.js:776
[ 2952352ms] [LOG] [Fast Refresh] done in 599ms @ http://localhost:3000/_next/static/chunks/node_modules_next_dist_1e8vcs8._.js:776
[ 2952415ms] [LOG] [Fast Refresh] done in 599ms @ http://localhost:3000/_next/static/chunks/node_modules_next_dist_1e8vcs8._.js:776
[ 2952479ms] [LOG] [Fast Refresh] done in 599ms @ http://localhost:3000/_next/static/chunks/node_modules_next_dist_1e8vcs8._.js:776
[ 2952539ms] [LOG] [Fast Refresh] done in 599ms @ http://localhost:3000/_next/static/chunks/node_modules_next_dist_1e8vcs8._.js:776
[ 2952601ms] [LOG] [Fast Refresh] done in 599ms @ http://localhost:3000/_next/static/chunks/node_modules_next_dist_1e8vcs8._.js:776
[ 2952662ms] [LOG] [Fast Refresh] done in 599ms @ http://localhost:3000/_next/static/chunks/node_modules_next_dist_1e8vcs8._.js:776
[ 2952727ms] [LOG] [Fast Refresh] done in 599ms @ http://localhost:3000/_next/static/chunks/node_modules_next_dist_1e8vcs8._.js:776
[ 2952786ms] [LOG] [Fast Refresh] done in 599ms @ http://localhost:3000/_next/static/chunks/node_modules_next_dist_1e8vcs8._.js:776
[ 2952849ms] [LOG] [Fast Refresh] done in 599ms @ http://localhost:3000/_next/static/chunks/node_modules_next_dist_1e8vcs8._.js:776
[ 2952912ms] [LOG] [Fast Refresh] done in 599ms @ http://localhost:3000/_next/static/chunks/node_modules_next_dist_1e8vcs8._.js:776
[ 2952980ms] [LOG] [Fast Refresh] done in 599ms @ http://localhost:3000/_next/static/chunks/node_modules_next_dist_1e8vcs8._.js:776
[ 2953035ms] [LOG] [Fast Refresh] done in 599ms @ http://localhost:3000/_next/static/chunks/node_modules_next_dist_1e8vcs8._.js:776
[ 2953099ms] [LOG] [Fast Refresh] done in 599ms @ http://localhost:3000/_next/static/chunks/node_modules_next_dist_1e8vcs8._.js:776
[ 2953163ms] [LOG] [Fast Refresh] done in 599ms @ http://localhost:3000/_next/static/chunks/node_modules_next_dist_1e8vcs8._.js:776
[ 2953227ms] [LOG] [Fast Refresh] done in 599ms @ http://localhost:3000/_next/static/chunks/node_modules_next_dist_1e8vcs8._.js:776
[ 2953286ms] [LOG] [Fast Refresh] done in 599ms @ http://localhost:3000/_next/static/chunks/node_modules_next_dist_1e8vcs8._.js:776
[ 2953347ms] [LOG] [Fast Refresh] done in 599ms @ http://localhost:3000/_next/static/chunks/node_modules_next_dist_1e8vcs8._.js:776
[ 2953414ms] [LOG] [Fast Refresh] done in 599ms @ http://localhost:3000/_next/static/chunks/node_modules_next_dist_1e8vcs8._.js:776
[ 2953471ms] [LOG] [Fast Refresh] done in 599ms @ http://localhost:3000/_next/static/chunks/node_modules_next_dist_1e8vcs8._.js:776
[ 2953533ms] [LOG] [Fast Refresh] done in 599ms @ http://localhost:3000/_next/static/chunks/node_modules_next_dist_1e8vcs8._.js:776
[ 2953597ms] [LOG] [Fast Refresh] done in 599ms @ http://localhost:3000/_next/static/chunks/node_modules_next_dist_1e8vcs8._.js:776
[ 2953662ms] [LOG] [Fast Refresh] done in 599ms @ http://localhost:3000/_next/static/chunks/node_modules_next_dist_1e8vcs8._.js:776
[ 2953722ms] [LOG] [Fast Refresh] done in 599ms @ http://localhost:3000/_next/static/chunks/node_modules_next_dist_1e8vcs8._.js:776
[ 2953784ms] [LOG] [Fast Refresh] done in 599ms @ http://localhost:3000/_next/static/chunks/node_modules_next_dist_1e8vcs8._.js:776
[ 2953847ms] [LOG] [Fast Refresh] done in 599ms @ http://localhost:3000/_next/static/chunks/node_modules_next_dist_1e8vcs8._.js:776
[ 2953910ms] [LOG] [Fast Refresh] done in 599ms @ http://localhost:3000/_next/static/chunks/node_modules_next_dist_1e8vcs8._.js:776
[ 2953971ms] [LOG] [Fast Refresh] done in 599ms @ http://localhost:3000/_next/static/chunks/node_modules_next_dist_1e8vcs8._.js:776
[ 2954034ms] [LOG] [Fast Refresh] done in 599ms @ http://localhost:3000/_next/static/chunks/node_modules_next_dist_1e8vcs8._.js:776
[ 2954099ms] [LOG] [Fast Refresh] done in 599ms @ http://localhost:3000/_next/static/chunks/node_modules_next_dist_1e8vcs8._.js:776
[ 2954163ms] [LOG] [Fast Refresh] done in 599ms @ http://localhost:3000/_next/static/chunks/node_modules_next_dist_1e8vcs8._.js:776
[ 2954234ms] [LOG] [Fast Refresh] done in 599ms @ http://localhost:3000/_next/static/chunks/node_modules_next_dist_1e8vcs8._.js:776
[ 2954302ms] [LOG] [Fast Refresh] done in 599ms @ http://localhost:3000/_next/static/chunks/node_modules_next_dist_1e8vcs8._.js:776
[ 2954363ms] [LOG] [Fast Refresh] done in 599ms @ http://localhost:3000/_next/static/chunks/node_modules_next_dist_1e8vcs8._.js:776
[ 2954431ms] [LOG] [Fast Refresh] done in 599ms @ http://localhost:3000/_next/static/chunks/node_modules_next_dist_1e8vcs8._.js:776
[ 2954486ms] [LOG] [Fast Refresh] done in 599ms @ http://localhost:3000/_next/static/chunks/node_modules_next_dist_1e8vcs8._.js:776
[ 2954549ms] [LOG] [Fast Refresh] done in 599ms @ http://localhost:3000/_next/static/chunks/node_modules_next_dist_1e8vcs8._.js:776
[ 2954615ms] [LOG] [Fast Refresh] done in 599ms @ http://localhost:3000/_next/static/chunks/node_modules_next_dist_1e8vcs8._.js:776
[ 2954671ms] [LOG] [Fast Refresh] done in 599ms @ http://localhost:3000/_next/static/chunks/node_modules_next_dist_1e8vcs8._.js:776
[ 2954734ms] [LOG] [Fast Refresh] done in 599ms @ http://localhost:3000/_next/static/chunks/node_modules_next_dist_1e8vcs8._.js:776
[ 2954797ms] [LOG] [Fast Refresh] done in 599ms @ http://localhost:3000/_next/static/chunks/node_modules_next_dist_1e8vcs8._.js:776
[ 2954863ms] [LOG] [Fast Refresh] done in 599ms @ http://localhost:3000/_next/static/chunks/node_modules_next_dist_1e8vcs8._.js:776
[ 2954921ms] [LOG] [Fast Refresh] done in 599ms @ http://localhost:3000/_next/static/chunks/node_modules_next_dist_1e8vcs8._.js:776
[ 2954984ms] [LOG] [Fast Refresh] done in 599ms @ http://localhost:3000/_next/static/chunks/node_modules_next_dist_1e8vcs8._.js:776
[ 2955048ms] [LOG] [Fast Refresh] done in 599ms @ http://localhost:3000/_next/static/chunks/node_modules_next_dist_1e8vcs8._.js:776
[ 2955115ms] [LOG] [Fast Refresh] done in 599ms @ http://localhost:3000/_next/static/chunks/node_modules_next_dist_1e8vcs8._.js:776
[ 2955170ms] [LOG] [Fast Refresh] done in 599ms @ http://localhost:3000/_next/static/chunks/node_modules_next_dist_1e8vcs8._.js:776
[ 2955233ms] [LOG] [Fast Refresh] done in 599ms @ http://localhost:3000/_next/static/chunks/node_modules_next_dist_1e8vcs8._.js:776
[ 2955296ms] [LOG] [Fast Refresh] done in 599ms @ http://localhost:3000/_next/static/chunks/node_modules_next_dist_1e8vcs8._.js:776
[ 2955356ms] [LOG] [Fast Refresh] done in 599ms @ http://localhost:3000/_next/static/chunks/node_modules_next_dist_1e8vcs8._.js:776
[ 2955420ms] [LOG] [Fast Refresh] done in 599ms @ http://localhost:3000/_next/static/chunks/node_modules_next_dist_1e8vcs8._.js:776
[ 2955483ms] [LOG] [Fast Refresh] done in 599ms @ http://localhost:3000/_next/static/chunks/node_modules_next_dist_1e8vcs8._.js:776
[ 2955545ms] [LOG] [Fast Refresh] done in 599ms @ http://localhost:3000/_next/static/chunks/node_modules_next_dist_1e8vcs8._.js:776
[ 2955611ms] [LOG] [Fast Refresh] done in 599ms @ http://localhost:3000/_next/static/chunks/node_modules_next_dist_1e8vcs8._.js:776
[ 2955670ms] [LOG] [Fast Refresh] done in 599ms @ http://localhost:3000/_next/static/chunks/node_modules_next_dist_1e8vcs8._.js:776
[ 2955733ms] [LOG] [Fast Refresh] done in 599ms @ http://localhost:3000/_next/static/chunks/node_modules_next_dist_1e8vcs8._.js:776
[ 2955796ms] [LOG] [Fast Refresh] done in 599ms @ http://localhost:3000/_next/static/chunks/node_modules_next_dist_1e8vcs8._.js:776
[ 2955860ms] [LOG] [Fast Refresh] done in 599ms @ http://localhost:3000/_next/static/chunks/node_modules_next_dist_1e8vcs8._.js:776
[ 2955921ms] [LOG] [Fast Refresh] done in 599ms @ http://localhost:3000/_next/static/chunks/node_modules_next_dist_1e8vcs8._.js:776
[ 2955983ms] [LOG] [Fast Refresh] done in 599ms @ http://localhost:3000/_next/static/chunks/node_modules_next_dist_1e8vcs8._.js:776
[ 2956047ms] [LOG] [Fast Refresh] done in 599ms @ http://localhost:3000/_next/static/chunks/node_modules_next_dist_1e8vcs8._.js:776
[ 2956110ms] [LOG] [Fast Refresh] done in 599ms @ http://localhost:3000/_next/static/chunks/node_modules_next_dist_1e8vcs8._.js:776
[ 2956174ms] [LOG] [Fast Refresh] done in 599ms @ http://localhost:3000/_next/static/chunks/node_modules_next_dist_1e8vcs8._.js:776
[ 2956232ms] [LOG] [Fast Refresh] done in 599ms @ http://localhost:3000/_next/static/chunks/node_modules_next_dist_1e8vcs8._.js:776
[ 2956295ms] [LOG] [Fast Refresh] done in 599ms @ http://localhost:3000/_next/static/chunks/node_modules_next_dist_1e8vcs8._.js:776
[ 2956360ms] [LOG] [Fast Refresh] done in 599ms @ http://localhost:3000/_next/static/chunks/node_modules_next_dist_1e8vcs8._.js:776
[ 2956418ms] [LOG] [Fast Refresh] done in 599ms @ http://localhost:3000/_next/static/chunks/node_modules_next_dist_1e8vcs8._.js:776
[ 2956482ms] [LOG] [Fast Refresh] done in 599ms @ http://localhost:3000/_next/static/chunks/node_modules_next_dist_1e8vcs8._.js:776
[ 2956544ms] [LOG] [Fast Refresh] done in 599ms @ http://localhost:3000/_next/static/chunks/node_modules_next_dist_1e8vcs8._.js:776
[ 2956607ms] [LOG] [Fast Refresh] done in 599ms @ http://localhost:3000/_next/static/chunks/node_modules_next_dist_1e8vcs8._.js:776
[ 2956667ms] [LOG] [Fast Refresh] done in 599ms @ http://localhost:3000/_next/static/chunks/node_modules_next_dist_1e8vcs8._.js:776
[ 2956730ms] [LOG] [Fast Refresh] done in 599ms @ http://localhost:3000/_next/static/chunks/node_modules_next_dist_1e8vcs8._.js:776
[ 2956794ms] [LOG] [Fast Refresh] done in 599ms @ http://localhost:3000/_next/static/chunks/node_modules_next_dist_1e8vcs8._.js:776
[ 2956852ms] [LOG] [Fast Refresh] done in 599ms @ http://localhost:3000/_next/static/chunks/node_modules_next_dist_1e8vcs8._.js:776
[ 2956915ms] [LOG] [Fast Refresh] done in 599ms @ http://localhost:3000/_next/static/chunks/node_modules_next_dist_1e8vcs8._.js:776
[ 2956979ms] [LOG] [Fast Refresh] done in 599ms @ http://localhost:3000/_next/static/chunks/node_modules_next_dist_1e8vcs8._.js:776
[ 2957044ms] [LOG] [Fast Refresh] done in 599ms @ http://localhost:3000/_next/static/chunks/node_modules_next_dist_1e8vcs8._.js:776
[ 2957103ms] [LOG] [Fast Refresh] done in 599ms @ http://localhost:3000/_next/static/chunks/node_modules_next_dist_1e8vcs8._.js:776
[ 2957164ms] [LOG] [Fast Refresh] done in 599ms @ http://localhost:3000/_next/static/chunks/node_modules_next_dist_1e8vcs8._.js:776
[ 2957229ms] [LOG] [Fast Refresh] done in 599ms @ http://localhost:3000/_next/static/chunks/node_modules_next_dist_1e8vcs8._.js:776
[ 2957294ms] [LOG] [Fast Refresh] done in 599ms @ http://localhost:3000/_next/static/chunks/node_modules_next_dist_1e8vcs8._.js:776
[ 2957351ms] [LOG] [Fast Refresh] done in 599ms @ http://localhost:3000/_next/static/chunks/node_modules_next_dist_1e8vcs8._.js:776
[ 2957415ms] [LOG] [Fast Refresh] done in 599ms @ http://localhost:3000/_next/static/chunks/node_modules_next_dist_1e8vcs8._.js:776
[ 2957478ms] [LOG] [Fast Refresh] done in 599ms @ http://localhost:3000/_next/static/chunks/node_modules_next_dist_1e8vcs8._.js:776
[ 2957542ms] [LOG] [Fast Refresh] done in 599ms @ http://localhost:3000/_next/static/chunks/node_modules_next_dist_1e8vcs8._.js:776
[ 2957604ms] [LOG] [Fast Refresh] done in 599ms @ http://localhost:3000/_next/static/chunks/node_modules_next_dist_1e8vcs8._.js:776
[ 2957666ms] [LOG] [Fast Refresh] done in 599ms @ http://localhost:3000/_next/static/chunks/node_modules_next_dist_1e8vcs8._.js:776
[ 2957730ms] [LOG] [Fast Refresh] done in 599ms @ http://localhost:3000/_next/static/chunks/node_modules_next_dist_1e8vcs8._.js:776
[ 2957794ms] [LOG] [Fast Refresh] done in 599ms @ http://localhost:3000/_next/static/chunks/node_modules_next_dist_1e8vcs8._.js:776
[ 2957854ms] [LOG] [Fast Refresh] done in 599ms @ http://localhost:3000/_next/static/chunks/node_modules_next_dist_1e8vcs8._.js:776
[ 2957918ms] [LOG] [Fast Refresh] done in 599ms @ http://localhost:3000/_next/static/chunks/node_modules_next_dist_1e8vcs8._.js:776
[ 2957981ms] [LOG] [Fast Refresh] done in 599ms @ http://localhost:3000/_next/static/chunks/node_modules_next_dist_1e8vcs8._.js:776
[ 2958044ms] [LOG] [Fast Refresh] done in 599ms @ http://localhost:3000/_next/static/chunks/node_modules_next_dist_1e8vcs8._.js:776
[ 2958106ms] [LOG] [Fast Refresh] done in 599ms @ http://localhost:3000/_next/static/chunks/node_modules_next_dist_1e8vcs8._.js:776
[ 2958167ms] [LOG] [Fast Refresh] done in 599ms @ http://localhost:3000/_next/static/chunks/node_modules_next_dist_1e8vcs8._.js:776
[ 2958231ms] [LOG] [Fast Refresh] done in 599ms @ http://localhost:3000/_next/static/chunks/node_modules_next_dist_1e8vcs8._.js:776
[ 2958294ms] [LOG] [Fast Refresh] done in 599ms @ http://localhost:3000/_next/static/chunks/node_modules_next_dist_1e8vcs8._.js:776
[ 2958355ms] [LOG] [Fast Refresh] done in 599ms @ http://localhost:3000/_next/static/chunks/node_modules_next_dist_1e8vcs8._.js:776
[ 2958417ms] [LOG] [Fast Refresh] done in 599ms @ http://localhost:3000/_next/static/chunks/node_modules_next_dist_1e8vcs8._.js:776
[ 2958478ms] [LOG] [Fast Refresh] done in 599ms @ http://localhost:3000/_next/static/chunks/node_modules_next_dist_1e8vcs8._.js:776
[ 2958544ms] [LOG] [Fast Refresh] done in 599ms @ http://localhost:3000/_next/static/chunks/node_modules_next_dist_1e8vcs8._.js:776
[ 2958604ms] [LOG] [Fast Refresh] done in 599ms @ http://localhost:3000/_next/static/chunks/node_modules_next_dist_1e8vcs8._.js:776
[ 2958666ms] [LOG] [Fast Refresh] done in 599ms @ http://localhost:3000/_next/static/chunks/node_modules_next_dist_1e8vcs8._.js:776
[ 2958730ms] [LOG] [Fast Refresh] done in 599ms @ http://localhost:3000/_next/static/chunks/node_modules_next_dist_1e8vcs8._.js:776
[ 2958794ms] [LOG] [Fast Refresh] done in 599ms @ http://localhost:3000/_next/static/chunks/node_modules_next_dist_1e8vcs8._.js:776
[ 2958854ms] [LOG] [Fast Refresh] done in 599ms @ http://localhost:3000/_next/static/chunks/node_modules_next_dist_1e8vcs8._.js:776
[ 2958917ms] [LOG] [Fast Refresh] done in 599ms @ http://localhost:3000/_next/static/chunks/node_modules_next_dist_1e8vcs8._.js:776
[ 2958980ms] [LOG] [Fast Refresh] done in 599ms @ http://localhost:3000/_next/static/chunks/node_modules_next_dist_1e8vcs8._.js:776
[ 2959044ms] [LOG] [Fast Refresh] done in 599ms @ http://localhost:3000/_next/static/chunks/node_modules_next_dist_1e8vcs8._.js:776
[ 2959104ms] [LOG] [Fast Refresh] done in 599ms @ http://localhost:3000/_next/static/chunks/node_modules_next_dist_1e8vcs8._.js:776
[ 2959166ms] [LOG] [Fast Refresh] done in 599ms @ http://localhost:3000/_next/static/chunks/node_modules_next_dist_1e8vcs8._.js:776
[ 2959229ms] [LOG] [Fast Refresh] done in 599ms @ http://localhost:3000/_next/static/chunks/node_modules_next_dist_1e8vcs8._.js:776
[ 2959294ms] [LOG] [Fast Refresh] done in 599ms @ http://localhost:3000/_next/static/chunks/node_modules_next_dist_1e8vcs8._.js:776
[ 2959353ms] [LOG] [Fast Refresh] done in 599ms @ http://localhost:3000/_next/static/chunks/node_modules_next_dist_1e8vcs8._.js:776
[ 2959415ms] [LOG] [Fast Refresh] done in 599ms @ http://localhost:3000/_next/static/chunks/node_modules_next_dist_1e8vcs8._.js:776
[ 2959482ms] [LOG] [Fast Refresh] done in 599ms @ http://localhost:3000/_next/static/chunks/node_modules_next_dist_1e8vcs8._.js:776
[ 2959573ms] [LOG] [Fast Refresh] done in 599ms @ http://localhost:3000/_next/static/chunks/node_modules_next_dist_1e8vcs8._.js:776
[ 2959633ms] [LOG] [Fast Refresh] done in 599ms @ http://localhost:3000/_next/static/chunks/node_modules_next_dist_1e8vcs8._.js:776
[ 2959699ms] [LOG] [Fast Refresh] done in 599ms @ http://localhost:3000/_next/static/chunks/node_modules_next_dist_1e8vcs8._.js:776
[ 2959762ms] [LOG] [Fast Refresh] done in 599ms @ http://localhost:3000/_next/static/chunks/node_modules_next_dist_1e8vcs8._.js:776
[ 2959830ms] [LOG] [Fast Refresh] done in 599ms @ http://localhost:3000/_next/static/chunks/node_modules_next_dist_1e8vcs8._.js:776
[ 2959886ms] [LOG] [Fast Refresh] done in 599ms @ http://localhost:3000/_next/static/chunks/node_modules_next_dist_1e8vcs8._.js:776
[ 2959948ms] [LOG] [Fast Refresh] done in 599ms @ http://localhost:3000/_next/static/chunks/node_modules_next_dist_1e8vcs8._.js:776
[ 2960013ms] [LOG] [Fast Refresh] done in 599ms @ http://localhost:3000/_next/static/chunks/node_modules_next_dist_1e8vcs8._.js:776
[ 2960071ms] [LOG] [Fast Refresh] done in 599ms @ http://localhost:3000/_next/static/chunks/node_modules_next_dist_1e8vcs8._.js:776
[ 2960134ms] [LOG] [Fast Refresh] done in 599ms @ http://localhost:3000/_next/static/chunks/node_modules_next_dist_1e8vcs8._.js:776
[ 2960213ms] [LOG] [Fast Refresh] done in 599ms @ http://localhost:3000/_next/static/chunks/node_modules_next_dist_1e8vcs8._.js:776
[ 2960276ms] [LOG] [Fast Refresh] done in 599ms @ http://localhost:3000/_next/static/chunks/node_modules_next_dist_1e8vcs8._.js:776
[ 2960337ms] [LOG] [Fast Refresh] done in 599ms @ http://localhost:3000/_next/static/chunks/node_modules_next_dist_1e8vcs8._.js:776
[ 2960400ms] [LOG] [Fast Refresh] done in 599ms @ http://localhost:3000/_next/static/chunks/node_modules_next_dist_1e8vcs8._.js:776
[ 2960463ms] [LOG] [Fast Refresh] done in 599ms @ http://localhost:3000/_next/static/chunks/node_modules_next_dist_1e8vcs8._.js:776
[ 2960527ms] [LOG] [Fast Refresh] done in 599ms @ http://localhost:3000/_next/static/chunks/node_modules_next_dist_1e8vcs8._.js:776
[ 2960588ms] [LOG] [Fast Refresh] done in 599ms @ http://localhost:3000/_next/static/chunks/node_modules_next_dist_1e8vcs8._.js:776
[ 2960650ms] [LOG] [Fast Refresh] done in 599ms @ http://localhost:3000/_next/static/chunks/node_modules_next_dist_1e8vcs8._.js:776
[ 2960714ms] [LOG] [Fast Refresh] done in 599ms @ http://localhost:3000/_next/static/chunks/node_modules_next_dist_1e8vcs8._.js:776
[ 2960777ms] [LOG] [Fast Refresh] done in 599ms @ http://localhost:3000/_next/static/chunks/node_modules_next_dist_1e8vcs8._.js:776
[ 2960838ms] [LOG] [Fast Refresh] done in 599ms @ http://localhost:3000/_next/static/chunks/node_modules_next_dist_1e8vcs8._.js:776
[ 2960900ms] [LOG] [Fast Refresh] done in 599ms @ http://localhost:3000/_next/static/chunks/node_modules_next_dist_1e8vcs8._.js:776
[ 2960963ms] [LOG] [Fast Refresh] done in 599ms @ http://localhost:3000/_next/static/chunks/node_modules_next_dist_1e8vcs8._.js:776
[ 2961028ms] [LOG] [Fast Refresh] done in 599ms @ http://localhost:3000/_next/static/chunks/node_modules_next_dist_1e8vcs8._.js:776
[ 2961089ms] [LOG] [Fast Refresh] done in 599ms @ http://localhost:3000/_next/static/chunks/node_modules_next_dist_1e8vcs8._.js:776
[ 2961151ms] [LOG] [Fast Refresh] done in 599ms @ http://localhost:3000/_next/static/chunks/node_modules_next_dist_1e8vcs8._.js:776
[ 2961214ms] [LOG] [Fast Refresh] done in 599ms @ http://localhost:3000/_next/static/chunks/node_modules_next_dist_1e8vcs8._.js:776
[ 2961280ms] [LOG] [Fast Refresh] done in 599ms @ http://localhost:3000/_next/static/chunks/node_modules_next_dist_1e8vcs8._.js:776
[ 2961344ms] [LOG] [Fast Refresh] done in 599ms @ http://localhost:3000/_next/static/chunks/node_modules_next_dist_1e8vcs8._.js:776
[ 2961402ms] [LOG] [Fast Refresh] done in 599ms @ http://localhost:3000/_next/static/chunks/node_modules_next_dist_1e8vcs8._.js:776
[ 2961465ms] [LOG] [Fast Refresh] done in 599ms @ http://localhost:3000/_next/static/chunks/node_modules_next_dist_1e8vcs8._.js:776
[ 2961528ms] [LOG] [Fast Refresh] done in 599ms @ http://localhost:3000/_next/static/chunks/node_modules_next_dist_1e8vcs8._.js:776
[ 2961579ms] [LOG] [Fast Refresh] done in 599ms @ http://localhost:3000/_next/static/chunks/node_modules_next_dist_1e8vcs8._.js:776
[ 2961637ms] [LOG] [Fast Refresh] done in 599ms @ http://localhost:3000/_next/static/chunks/node_modules_next_dist_1e8vcs8._.js:776
[ 2961699ms] [LOG] [Fast Refresh] done in 599ms @ http://localhost:3000/_next/static/chunks/node_modules_next_dist_1e8vcs8._.js:776
[ 2961765ms] [LOG] [Fast Refresh] done in 599ms @ http://localhost:3000/_next/static/chunks/node_modules_next_dist_1e8vcs8._.js:776
[ 2961827ms] [LOG] [Fast Refresh] done in 599ms @ http://localhost:3000/_next/static/chunks/node_modules_next_dist_1e8vcs8._.js:776
[ 2961888ms] [LOG] [Fast Refresh] done in 599ms @ http://localhost:3000/_next/static/chunks/node_modules_next_dist_1e8vcs8._.js:776
[ 2961950ms] [LOG] [Fast Refresh] done in 599ms @ http://localhost:3000/_next/static/chunks/node_modules_next_dist_1e8vcs8._.js:776
[ 2962014ms] [LOG] [Fast Refresh] done in 599ms @ http://localhost:3000/_next/static/chunks/node_modules_next_dist_1e8vcs8._.js:776
[ 2962077ms] [LOG] [Fast Refresh] done in 599ms @ http://localhost:3000/_next/static/chunks/node_modules_next_dist_1e8vcs8._.js:776
[ 2962139ms] [LOG] [Fast Refresh] done in 599ms @ http://localhost:3000/_next/static/chunks/node_modules_next_dist_1e8vcs8._.js:776
[ 2962202ms] [LOG] [Fast Refresh] done in 599ms @ http://localhost:3000/_next/static/chunks/node_modules_next_dist_1e8vcs8._.js:776
[ 2962266ms] [LOG] [Fast Refresh] done in 599ms @ http://localhost:3000/_next/static/chunks/node_modules_next_dist_1e8vcs8._.js:776
[ 2962330ms] [LOG] [Fast Refresh] done in 599ms @ http://localhost:3000/_next/static/chunks/node_modules_next_dist_1e8vcs8._.js:776
[ 2962394ms] [LOG] [Fast Refresh] done in 599ms @ http://localhost:3000/_next/static/chunks/node_modules_next_dist_1e8vcs8._.js:776
[ 2962452ms] [LOG] [Fast Refresh] done in 599ms @ http://localhost:3000/_next/static/chunks/node_modules_next_dist_1e8vcs8._.js:776
[ 2962516ms] [LOG] [Fast Refresh] done in 599ms @ http://localhost:3000/_next/static/chunks/node_modules_next_dist_1e8vcs8._.js:776
[ 2962579ms] [LOG] [Fast Refresh] done in 599ms @ http://localhost:3000/_next/static/chunks/node_modules_next_dist_1e8vcs8._.js:776
[ 2962643ms] [LOG] [Fast Refresh] done in 599ms @ http://localhost:3000/_next/static/chunks/node_modules_next_dist_1e8vcs8._.js:776
[ 2962705ms] [LOG] [Fast Refresh] done in 599ms @ http://localhost:3000/_next/static/chunks/node_modules_next_dist_1e8vcs8._.js:776
[ 2962767ms] [LOG] [Fast Refresh] done in 599ms @ http://localhost:3000/_next/static/chunks/node_modules_next_dist_1e8vcs8._.js:776
[ 2962830ms] [LOG] [Fast Refresh] done in 599ms @ http://localhost:3000/_next/static/chunks/node_modules_next_dist_1e8vcs8._.js:776
[ 2962894ms] [LOG] [Fast Refresh] done in 599ms @ http://localhost:3000/_next/static/chunks/node_modules_next_dist_1e8vcs8._.js:776
[ 2962954ms] [LOG] [Fast Refresh] done in 599ms @ http://localhost:3000/_next/static/chunks/node_modules_next_dist_1e8vcs8._.js:776
[ 2963017ms] [LOG] [Fast Refresh] done in 599ms @ http://localhost:3000/_next/static/chunks/node_modules_next_dist_1e8vcs8._.js:776
[ 2963080ms] [LOG] [Fast Refresh] done in 599ms @ http://localhost:3000/_next/static/chunks/node_modules_next_dist_1e8vcs8._.js:776
[ 2963144ms] [LOG] [Fast Refresh] done in 599ms @ http://localhost:3000/_next/static/chunks/node_modules_next_dist_1e8vcs8._.js:776
[ 2963250ms] [LOG] [Fast Refresh] done in 599ms @ http://localhost:3000/_next/static/chunks/node_modules_next_dist_1e8vcs8._.js:776
[ 2963315ms] [LOG] [Fast Refresh] done in 599ms @ http://localhost:3000/_next/static/chunks/node_modules_next_dist_1e8vcs8._.js:776
[ 2963378ms] [LOG] [Fast Refresh] done in 599ms @ http://localhost:3000/_next/static/chunks/node_modules_next_dist_1e8vcs8._.js:776
[ 2963437ms] [LOG] [Fast Refresh] done in 599ms @ http://localhost:3000/_next/static/chunks/node_modules_next_dist_1e8vcs8._.js:776
[ 2963500ms] [LOG] [Fast Refresh] done in 599ms @ http://localhost:3000/_next/static/chunks/node_modules_next_dist_1e8vcs8._.js:776
[ 2963562ms] [LOG] [Fast Refresh] done in 599ms @ http://localhost:3000/_next/static/chunks/node_modules_next_dist_1e8vcs8._.js:776
[ 2963626ms] [LOG] [Fast Refresh] done in 599ms @ http://localhost:3000/_next/static/chunks/node_modules_next_dist_1e8vcs8._.js:776
[ 2963684ms] [LOG] [Fast Refresh] done in 599ms @ http://localhost:3000/_next/static/chunks/node_modules_next_dist_1e8vcs8._.js:776
[ 2963748ms] [LOG] [Fast Refresh] done in 599ms @ http://localhost:3000/_next/static/chunks/node_modules_next_dist_1e8vcs8._.js:776
[ 2963812ms] [LOG] [Fast Refresh] done in 599ms @ http://localhost:3000/_next/static/chunks/node_modules_next_dist_1e8vcs8._.js:776
[ 2963872ms] [LOG] [Fast Refresh] done in 599ms @ http://localhost:3000/_next/static/chunks/node_modules_next_dist_1e8vcs8._.js:776
[ 2963937ms] [LOG] [Fast Refresh] done in 599ms @ http://localhost:3000/_next/static/chunks/node_modules_next_dist_1e8vcs8._.js:776
[ 2963998ms] [LOG] [Fast Refresh] done in 599ms @ http://localhost:3000/_next/static/chunks/node_modules_next_dist_1e8vcs8._.js:776
[ 2964060ms] [LOG] [Fast Refresh] done in 599ms @ http://localhost:3000/_next/static/chunks/node_modules_next_dist_1e8vcs8._.js:776
[ 2964121ms] [LOG] [Fast Refresh] done in 599ms @ http://localhost:3000/_next/static/chunks/node_modules_next_dist_1e8vcs8._.js:776
[ 2964184ms] [LOG] [Fast Refresh] done in 599ms @ http://localhost:3000/_next/static/chunks/node_modules_next_dist_1e8vcs8._.js:776
[ 2964247ms] [LOG] [Fast Refresh] done in 599ms @ http://localhost:3000/_next/static/chunks/node_modules_next_dist_1e8vcs8._.js:776
[ 2964317ms] [LOG] [Fast Refresh] done in 599ms @ http://localhost:3000/_next/static/chunks/node_modules_next_dist_1e8vcs8._.js:776
[ 2964387ms] [LOG] [Fast Refresh] done in 599ms @ http://localhost:3000/_next/static/chunks/node_modules_next_dist_1e8vcs8._.js:776
[ 2964449ms] [LOG] [Fast Refresh] done in 599ms @ http://localhost:3000/_next/static/chunks/node_modules_next_dist_1e8vcs8._.js:776
[ 2964511ms] [LOG] [Fast Refresh] done in 599ms @ http://localhost:3000/_next/static/chunks/node_modules_next_dist_1e8vcs8._.js:776
[ 2964573ms] [LOG] [Fast Refresh] done in 599ms @ http://localhost:3000/_next/static/chunks/node_modules_next_dist_1e8vcs8._.js:776
[ 2964635ms] [LOG] [Fast Refresh] done in 599ms @ http://localhost:3000/_next/static/chunks/node_modules_next_dist_1e8vcs8._.js:776
[ 2964698ms] [LOG] [Fast Refresh] done in 599ms @ http://localhost:3000/_next/static/chunks/node_modules_next_dist_1e8vcs8._.js:776
[ 2964762ms] [LOG] [Fast Refresh] done in 599ms @ http://localhost:3000/_next/static/chunks/node_modules_next_dist_1e8vcs8._.js:776
[ 2964826ms] [LOG] [Fast Refresh] done in 599ms @ http://localhost:3000/_next/static/chunks/node_modules_next_dist_1e8vcs8._.js:776
[ 2964885ms] [LOG] [Fast Refresh] done in 599ms @ http://localhost:3000/_next/static/chunks/node_modules_next_dist_1e8vcs8._.js:776
[ 2964949ms] [LOG] [Fast Refresh] done in 599ms @ http://localhost:3000/_next/static/chunks/node_modules_next_dist_1e8vcs8._.js:776
[ 2965012ms] [LOG] [Fast Refresh] done in 599ms @ http://localhost:3000/_next/static/chunks/node_modules_next_dist_1e8vcs8._.js:776
[ 2965076ms] [LOG] [Fast Refresh] done in 599ms @ http://localhost:3000/_next/static/chunks/node_modules_next_dist_1e8vcs8._.js:776
[ 2965135ms] [LOG] [Fast Refresh] done in 599ms @ http://localhost:3000/_next/static/chunks/node_modules_next_dist_1e8vcs8._.js:776
[ 2965198ms] [LOG] [Fast Refresh] done in 599ms @ http://localhost:3000/_next/static/chunks/node_modules_next_dist_1e8vcs8._.js:776
[ 2965261ms] [LOG] [Fast Refresh] done in 599ms @ http://localhost:3000/_next/static/chunks/node_modules_next_dist_1e8vcs8._.js:776
[ 2965322ms] [LOG] [Fast Refresh] done in 599ms @ http://localhost:3000/_next/static/chunks/node_modules_next_dist_1e8vcs8._.js:776
[ 2965384ms] [LOG] [Fast Refresh] done in 599ms @ http://localhost:3000/_next/static/chunks/node_modules_next_dist_1e8vcs8._.js:776
[ 2965445ms] [LOG] [Fast Refresh] done in 599ms @ http://localhost:3000/_next/static/chunks/node_modules_next_dist_1e8vcs8._.js:776
[ 2965510ms] [LOG] [Fast Refresh] done in 599ms @ http://localhost:3000/_next/static/chunks/node_modules_next_dist_1e8vcs8._.js:776
[ 2965571ms] [LOG] [Fast Refresh] done in 599ms @ http://localhost:3000/_next/static/chunks/node_modules_next_dist_1e8vcs8._.js:776
[ 2965634ms] [LOG] [Fast Refresh] done in 599ms @ http://localhost:3000/_next/static/chunks/node_modules_next_dist_1e8vcs8._.js:776
[ 2965695ms] [LOG] [Fast Refresh] done in 599ms @ http://localhost:3000/_next/static/chunks/node_modules_next_dist_1e8vcs8._.js:776
[ 2965743ms] [LOG] [Fast Refresh] done in 599ms @ http://localhost:3000/_next/static/chunks/node_modules_next_dist_1e8vcs8._.js:776
[ 2965804ms] [LOG] [Fast Refresh] done in 599ms @ http://localhost:3000/_next/static/chunks/node_modules_next_dist_1e8vcs8._.js:776
[ 2965867ms] [LOG] [Fast Refresh] done in 599ms @ http://localhost:3000/_next/static/chunks/node_modules_next_dist_1e8vcs8._.js:776
[ 2965930ms] [LOG] [Fast Refresh] done in 599ms @ http://localhost:3000/_next/static/chunks/node_modules_next_dist_1e8vcs8._.js:776
[ 2965994ms] [LOG] [Fast Refresh] done in 599ms @ http://localhost:3000/_next/static/chunks/node_modules_next_dist_1e8vcs8._.js:776
[ 2966055ms] [LOG] [Fast Refresh] done in 599ms @ http://localhost:3000/_next/static/chunks/node_modules_next_dist_1e8vcs8._.js:776
[ 2966118ms] [LOG] [Fast Refresh] done in 599ms @ http://localhost:3000/_next/static/chunks/node_modules_next_dist_1e8vcs8._.js:776
[ 2966181ms] [LOG] [Fast Refresh] done in 599ms @ http://localhost:3000/_next/static/chunks/node_modules_next_dist_1e8vcs8._.js:776
[ 2966245ms] [LOG] [Fast Refresh] done in 599ms @ http://localhost:3000/_next/static/chunks/node_modules_next_dist_1e8vcs8._.js:776
[ 2966307ms] [LOG] [Fast Refresh] done in 599ms @ http://localhost:3000/_next/static/chunks/node_modules_next_dist_1e8vcs8._.js:776
[ 2966368ms] [LOG] [Fast Refresh] done in 599ms @ http://localhost:3000/_next/static/chunks/node_modules_next_dist_1e8vcs8._.js:776
[ 2966431ms] [LOG] [Fast Refresh] done in 599ms @ http://localhost:3000/_next/static/chunks/node_modules_next_dist_1e8vcs8._.js:776
[ 2966494ms] [LOG] [Fast Refresh] done in 599ms @ http://localhost:3000/_next/static/chunks/node_modules_next_dist_1e8vcs8._.js:776
[ 2966555ms] [LOG] [Fast Refresh] done in 599ms @ http://localhost:3000/_next/static/chunks/node_modules_next_dist_1e8vcs8._.js:776
[ 2966617ms] [LOG] [Fast Refresh] done in 599ms @ http://localhost:3000/_next/static/chunks/node_modules_next_dist_1e8vcs8._.js:776
[ 2966681ms] [LOG] [Fast Refresh] done in 599ms @ http://localhost:3000/_next/static/chunks/node_modules_next_dist_1e8vcs8._.js:776
[ 2966745ms] [LOG] [Fast Refresh] done in 599ms @ http://localhost:3000/_next/static/chunks/node_modules_next_dist_1e8vcs8._.js:776
[ 2966810ms] [LOG] [Fast Refresh] done in 599ms @ http://localhost:3000/_next/static/chunks/node_modules_next_dist_1e8vcs8._.js:776
[ 2966871ms] [LOG] [Fast Refresh] done in 599ms @ http://localhost:3000/_next/static/chunks/node_modules_next_dist_1e8vcs8._.js:776
[ 2966934ms] [LOG] [Fast Refresh] done in 599ms @ http://localhost:3000/_next/static/chunks/node_modules_next_dist_1e8vcs8._.js:776
[ 2966981ms] [LOG] [Fast Refresh] done in 599ms @ http://localhost:3000/_next/static/chunks/node_modules_next_dist_1e8vcs8._.js:776
[ 2967045ms] [LOG] [Fast Refresh] done in 599ms @ http://localhost:3000/_next/static/chunks/node_modules_next_dist_1e8vcs8._.js:776
[ 2967109ms] [LOG] [Fast Refresh] done in 599ms @ http://localhost:3000/_next/static/chunks/node_modules_next_dist_1e8vcs8._.js:776
[ 2967170ms] [LOG] [Fast Refresh] done in 599ms @ http://localhost:3000/_next/static/chunks/node_modules_next_dist_1e8vcs8._.js:776
[ 2967233ms] [LOG] [Fast Refresh] done in 599ms @ http://localhost:3000/_next/static/chunks/node_modules_next_dist_1e8vcs8._.js:776
[ 2967297ms] [LOG] [Fast Refresh] done in 599ms @ http://localhost:3000/_next/static/chunks/node_modules_next_dist_1e8vcs8._.js:776
[ 2967359ms] [LOG] [Fast Refresh] done in 599ms @ http://localhost:3000/_next/static/chunks/node_modules_next_dist_1e8vcs8._.js:776
[ 2967420ms] [LOG] [Fast Refresh] done in 599ms @ http://localhost:3000/_next/static/chunks/node_modules_next_dist_1e8vcs8._.js:776
[ 2967481ms] [LOG] [Fast Refresh] done in 599ms @ http://localhost:3000/_next/static/chunks/node_modules_next_dist_1e8vcs8._.js:776
[ 2967545ms] [LOG] [Fast Refresh] done in 599ms @ http://localhost:3000/_next/static/chunks/node_modules_next_dist_1e8vcs8._.js:776
[ 2967607ms] [LOG] [Fast Refresh] done in 599ms @ http://localhost:3000/_next/static/chunks/node_modules_next_dist_1e8vcs8._.js:776
[ 2967669ms] [LOG] [Fast Refresh] done in 599ms @ http://localhost:3000/_next/static/chunks/node_modules_next_dist_1e8vcs8._.js:776
[ 2967730ms] [LOG] [Fast Refresh] done in 599ms @ http://localhost:3000/_next/static/chunks/node_modules_next_dist_1e8vcs8._.js:776
[ 2967794ms] [LOG] [Fast Refresh] done in 599ms @ http://localhost:3000/_next/static/chunks/node_modules_next_dist_1e8vcs8._.js:776
[ 2967859ms] [LOG] [Fast Refresh] done in 599ms @ http://localhost:3000/_next/static/chunks/node_modules_next_dist_1e8vcs8._.js:776
[ 2967919ms] [LOG] [Fast Refresh] done in 599ms @ http://localhost:3000/_next/static/chunks/node_modules_next_dist_1e8vcs8._.js:776
[ 2967983ms] [LOG] [Fast Refresh] done in 599ms @ http://localhost:3000/_next/static/chunks/node_modules_next_dist_1e8vcs8._.js:776
[ 2968046ms] [LOG] [Fast Refresh] done in 599ms @ http://localhost:3000/_next/static/chunks/node_modules_next_dist_1e8vcs8._.js:776
[ 2968109ms] [LOG] [Fast Refresh] done in 599ms @ http://localhost:3000/_next/static/chunks/node_modules_next_dist_1e8vcs8._.js:776
[ 2968171ms] [LOG] [Fast Refresh] done in 599ms @ http://localhost:3000/_next/static/chunks/node_modules_next_dist_1e8vcs8._.js:776
[ 2968234ms] [LOG] [Fast Refresh] done in 599ms @ http://localhost:3000/_next/static/chunks/node_modules_next_dist_1e8vcs8._.js:776
[ 2968296ms] [LOG] [Fast Refresh] done in 599ms @ http://localhost:3000/_next/static/chunks/node_modules_next_dist_1e8vcs8._.js:776
[ 2968359ms] [LOG] [Fast Refresh] done in 599ms @ http://localhost:3000/_next/static/chunks/node_modules_next_dist_1e8vcs8._.js:776
[ 2968419ms] [LOG] [Fast Refresh] done in 599ms @ http://localhost:3000/_next/static/chunks/node_modules_next_dist_1e8vcs8._.js:776
[ 2968482ms] [LOG] [Fast Refresh] done in 599ms @ http://localhost:3000/_next/static/chunks/node_modules_next_dist_1e8vcs8._.js:776
[ 2968545ms] [LOG] [Fast Refresh] done in 599ms @ http://localhost:3000/_next/static/chunks/node_modules_next_dist_1e8vcs8._.js:776
[ 2968611ms] [LOG] [Fast Refresh] done in 599ms @ http://localhost:3000/_next/static/chunks/node_modules_next_dist_1e8vcs8._.js:776
[ 2968669ms] [LOG] [Fast Refresh] done in 599ms @ http://localhost:3000/_next/static/chunks/node_modules_next_dist_1e8vcs8._.js:776
[ 2968733ms] [LOG] [Fast Refresh] done in 599ms @ http://localhost:3000/_next/static/chunks/node_modules_next_dist_1e8vcs8._.js:776
[ 2968797ms] [LOG] [Fast Refresh] done in 599ms @ http://localhost:3000/_next/static/chunks/node_modules_next_dist_1e8vcs8._.js:776
[ 2968860ms] [LOG] [Fast Refresh] done in 599ms @ http://localhost:3000/_next/static/chunks/node_modules_next_dist_1e8vcs8._.js:776
[ 2968920ms] [LOG] [Fast Refresh] done in 599ms @ http://localhost:3000/_next/static/chunks/node_modules_next_dist_1e8vcs8._.js:776
[ 2968983ms] [LOG] [Fast Refresh] done in 599ms @ http://localhost:3000/_next/static/chunks/node_modules_next_dist_1e8vcs8._.js:776
[ 2969047ms] [LOG] [Fast Refresh] done in 599ms @ http://localhost:3000/_next/static/chunks/node_modules_next_dist_1e8vcs8._.js:776
[ 2969110ms] [LOG] [Fast Refresh] done in 599ms @ http://localhost:3000/_next/static/chunks/node_modules_next_dist_1e8vcs8._.js:776
[ 2969172ms] [LOG] [Fast Refresh] done in 599ms @ http://localhost:3000/_next/static/chunks/node_modules_next_dist_1e8vcs8._.js:776
[ 2969235ms] [LOG] [Fast Refresh] done in 599ms @ http://localhost:3000/_next/static/chunks/node_modules_next_dist_1e8vcs8._.js:776
[ 2969298ms] [LOG] [Fast Refresh] done in 599ms @ http://localhost:3000/_next/static/chunks/node_modules_next_dist_1e8vcs8._.js:776
[ 2969361ms] [LOG] [Fast Refresh] done in 599ms @ http://localhost:3000/_next/static/chunks/node_modules_next_dist_1e8vcs8._.js:776
[ 2969421ms] [LOG] [Fast Refresh] done in 599ms @ http://localhost:3000/_next/static/chunks/node_modules_next_dist_1e8vcs8._.js:776
[ 2969484ms] [LOG] [Fast Refresh] done in 599ms @ http://localhost:3000/_next/static/chunks/node_modules_next_dist_1e8vcs8._.js:776
[ 2969547ms] [LOG] [Fast Refresh] done in 599ms @ http://localhost:3000/_next/static/chunks/node_modules_next_dist_1e8vcs8._.js:776
[ 2969611ms] [LOG] [Fast Refresh] done in 599ms @ http://localhost:3000/_next/static/chunks/node_modules_next_dist_1e8vcs8._.js:776
[ 2969671ms] [LOG] [Fast Refresh] done in 599ms @ http://localhost:3000/_next/static/chunks/node_modules_next_dist_1e8vcs8._.js:776
[ 2969733ms] [LOG] [Fast Refresh] done in 599ms @ http://localhost:3000/_next/static/chunks/node_modules_next_dist_1e8vcs8._.js:776
[ 2969799ms] [LOG] [Fast Refresh] done in 599ms @ http://localhost:3000/_next/static/chunks/node_modules_next_dist_1e8vcs8._.js:776
[ 2969860ms] [LOG] [Fast Refresh] done in 599ms @ http://localhost:3000/_next/static/chunks/node_modules_next_dist_1e8vcs8._.js:776
[ 2969919ms] [LOG] [Fast Refresh] done in 599ms @ http://localhost:3000/_next/static/chunks/node_modules_next_dist_1e8vcs8._.js:776
[ 2969967ms] [LOG] [Fast Refresh] done in 599ms @ http://localhost:3000/_next/static/chunks/node_modules_next_dist_1e8vcs8._.js:776
[ 2970031ms] [LOG] [Fast Refresh] done in 599ms @ http://localhost:3000/_next/static/chunks/node_modules_next_dist_1e8vcs8._.js:776
[ 2970094ms] [LOG] [Fast Refresh] done in 599ms @ http://localhost:3000/_next/static/chunks/node_modules_next_dist_1e8vcs8._.js:776
[ 2970153ms] [LOG] [Fast Refresh] done in 599ms @ http://localhost:3000/_next/static/chunks/node_modules_next_dist_1e8vcs8._.js:776
[ 2970215ms] [LOG] [Fast Refresh] done in 599ms @ http://localhost:3000/_next/static/chunks/node_modules_next_dist_1e8vcs8._.js:776
[ 2970280ms] [LOG] [Fast Refresh] done in 599ms @ http://localhost:3000/_next/static/chunks/node_modules_next_dist_1e8vcs8._.js:776
[ 2970343ms] [LOG] [Fast Refresh] done in 599ms @ http://localhost:3000/_next/static/chunks/node_modules_next_dist_1e8vcs8._.js:776
[ 2970404ms] [LOG] [Fast Refresh] done in 599ms @ http://localhost:3000/_next/static/chunks/node_modules_next_dist_1e8vcs8._.js:776
[ 2970466ms] [LOG] [Fast Refresh] done in 599ms @ http://localhost:3000/_next/static/chunks/node_modules_next_dist_1e8vcs8._.js:776
[ 2970530ms] [LOG] [Fast Refresh] done in 599ms @ http://localhost:3000/_next/static/chunks/node_modules_next_dist_1e8vcs8._.js:776
[ 2970594ms] [LOG] [Fast Refresh] done in 599ms @ http://localhost:3000/_next/static/chunks/node_modules_next_dist_1e8vcs8._.js:776
[ 2970655ms] [LOG] [Fast Refresh] done in 599ms @ http://localhost:3000/_next/static/chunks/node_modules_next_dist_1e8vcs8._.js:776
[ 2970717ms] [LOG] [Fast Refresh] done in 599ms @ http://localhost:3000/_next/static/chunks/node_modules_next_dist_1e8vcs8._.js:776
[ 2970782ms] [LOG] [Fast Refresh] done in 599ms @ http://localhost:3000/_next/static/chunks/node_modules_next_dist_1e8vcs8._.js:776
[ 2970845ms] [LOG] [Fast Refresh] done in 599ms @ http://localhost:3000/_next/static/chunks/node_modules_next_dist_1e8vcs8._.js:776
[ 2970911ms] [LOG] [Fast Refresh] done in 599ms @ http://localhost:3000/_next/static/chunks/node_modules_next_dist_1e8vcs8._.js:776
[ 2970969ms] [LOG] [Fast Refresh] done in 599ms @ http://localhost:3000/_next/static/chunks/node_modules_next_dist_1e8vcs8._.js:776
[ 2971032ms] [LOG] [Fast Refresh] done in 599ms @ http://localhost:3000/_next/static/chunks/node_modules_next_dist_1e8vcs8._.js:776
[ 2971094ms] [LOG] [Fast Refresh] done in 599ms @ http://localhost:3000/_next/static/chunks/node_modules_next_dist_1e8vcs8._.js:776
[ 2971161ms] [LOG] [Fast Refresh] done in 599ms @ http://localhost:3000/_next/static/chunks/node_modules_next_dist_1e8vcs8._.js:776
[ 2971220ms] [LOG] [Fast Refresh] done in 599ms @ http://localhost:3000/_next/static/chunks/node_modules_next_dist_1e8vcs8._.js:776
[ 2971282ms] [LOG] [Fast Refresh] done in 599ms @ http://localhost:3000/_next/static/chunks/node_modules_next_dist_1e8vcs8._.js:776
[ 2971345ms] [LOG] [Fast Refresh] done in 599ms @ http://localhost:3000/_next/static/chunks/node_modules_next_dist_1e8vcs8._.js:776
[ 2971410ms] [LOG] [Fast Refresh] done in 599ms @ http://localhost:3000/_next/static/chunks/node_modules_next_dist_1e8vcs8._.js:776
[ 2971471ms] [LOG] [Fast Refresh] done in 599ms @ http://localhost:3000/_next/static/chunks/node_modules_next_dist_1e8vcs8._.js:776
[ 2971534ms] [LOG] [Fast Refresh] done in 599ms @ http://localhost:3000/_next/static/chunks/node_modules_next_dist_1e8vcs8._.js:776
[ 2971597ms] [LOG] [Fast Refresh] done in 599ms @ http://localhost:3000/_next/static/chunks/node_modules_next_dist_1e8vcs8._.js:776
[ 2971661ms] [LOG] [Fast Refresh] done in 599ms @ http://localhost:3000/_next/static/chunks/node_modules_next_dist_1e8vcs8._.js:776
[ 2971726ms] [LOG] [Fast Refresh] done in 599ms @ http://localhost:3000/_next/static/chunks/node_modules_next_dist_1e8vcs8._.js:776
[ 2971786ms] [LOG] [Fast Refresh] done in 599ms @ http://localhost:3000/_next/static/chunks/node_modules_next_dist_1e8vcs8._.js:776
[ 2971849ms] [LOG] [Fast Refresh] done in 599ms @ http://localhost:3000/_next/static/chunks/node_modules_next_dist_1e8vcs8._.js:776
[ 2971912ms] [LOG] [Fast Refresh] done in 599ms @ http://localhost:3000/_next/static/chunks/node_modules_next_dist_1e8vcs8._.js:776
[ 2971978ms] [LOG] [Fast Refresh] done in 599ms @ http://localhost:3000/_next/static/chunks/node_modules_next_dist_1e8vcs8._.js:776
[ 2972038ms] [LOG] [Fast Refresh] done in 599ms @ http://localhost:3000/_next/static/chunks/node_modules_next_dist_1e8vcs8._.js:776
[ 2972100ms] [LOG] [Fast Refresh] done in 599ms @ http://localhost:3000/_next/static/chunks/node_modules_next_dist_1e8vcs8._.js:776
[ 2972164ms] [LOG] [Fast Refresh] done in 599ms @ http://localhost:3000/_next/static/chunks/node_modules_next_dist_1e8vcs8._.js:776
[ 2972226ms] [LOG] [Fast Refresh] done in 599ms @ http://localhost:3000/_next/static/chunks/node_modules_next_dist_1e8vcs8._.js:776
[ 2972287ms] [LOG] [Fast Refresh] done in 599ms @ http://localhost:3000/_next/static/chunks/node_modules_next_dist_1e8vcs8._.js:776
[ 2972350ms] [LOG] [Fast Refresh] done in 599ms @ http://localhost:3000/_next/static/chunks/node_modules_next_dist_1e8vcs8._.js:776
[ 2972413ms] [LOG] [Fast Refresh] done in 599ms @ http://localhost:3000/_next/static/chunks/node_modules_next_dist_1e8vcs8._.js:776
[ 2972477ms] [LOG] [Fast Refresh] done in 599ms @ http://localhost:3000/_next/static/chunks/node_modules_next_dist_1e8vcs8._.js:776
[ 2972537ms] [LOG] [Fast Refresh] done in 599ms @ http://localhost:3000/_next/static/chunks/node_modules_next_dist_1e8vcs8._.js:776
[ 2972598ms] [LOG] [Fast Refresh] done in 599ms @ http://localhost:3000/_next/static/chunks/node_modules_next_dist_1e8vcs8._.js:776
[ 2972661ms] [LOG] [Fast Refresh] done in 599ms @ http://localhost:3000/_next/static/chunks/node_modules_next_dist_1e8vcs8._.js:776
[ 2972726ms] [LOG] [Fast Refresh] done in 599ms @ http://localhost:3000/_next/static/chunks/node_modules_next_dist_1e8vcs8._.js:776
[ 2972786ms] [LOG] [Fast Refresh] done in 599ms @ http://localhost:3000/_next/static/chunks/node_modules_next_dist_1e8vcs8._.js:776
[ 2972850ms] [LOG] [Fast Refresh] done in 599ms @ http://localhost:3000/_next/static/chunks/node_modules_next_dist_1e8vcs8._.js:776
[ 2972913ms] [LOG] [Fast Refresh] done in 599ms @ http://localhost:3000/_next/static/chunks/node_modules_next_dist_1e8vcs8._.js:776
[ 2972976ms] [LOG] [Fast Refresh] done in 599ms @ http://localhost:3000/_next/static/chunks/node_modules_next_dist_1e8vcs8._.js:776
[ 2973038ms] [LOG] [Fast Refresh] done in 599ms @ http://localhost:3000/_next/static/chunks/node_modules_next_dist_1e8vcs8._.js:776
[ 2973100ms] [LOG] [Fast Refresh] done in 599ms @ http://localhost:3000/_next/static/chunks/node_modules_next_dist_1e8vcs8._.js:776
[ 2973164ms] [LOG] [Fast Refresh] done in 599ms @ http://localhost:3000/_next/static/chunks/node_modules_next_dist_1e8vcs8._.js:776
[ 2973226ms] [LOG] [Fast Refresh] done in 599ms @ http://localhost:3000/_next/static/chunks/node_modules_next_dist_1e8vcs8._.js:776
[ 2973287ms] [LOG] [Fast Refresh] done in 599ms @ http://localhost:3000/_next/static/chunks/node_modules_next_dist_1e8vcs8._.js:776
[ 2973349ms] [LOG] [Fast Refresh] done in 599ms @ http://localhost:3000/_next/static/chunks/node_modules_next_dist_1e8vcs8._.js:776
[ 2973412ms] [LOG] [Fast Refresh] done in 599ms @ http://localhost:3000/_next/static/chunks/node_modules_next_dist_1e8vcs8._.js:776
[ 2973477ms] [LOG] [Fast Refresh] done in 599ms @ http://localhost:3000/_next/static/chunks/node_modules_next_dist_1e8vcs8._.js:776
[ 2973537ms] [LOG] [Fast Refresh] done in 599ms @ http://localhost:3000/_next/static/chunks/node_modules_next_dist_1e8vcs8._.js:776
[ 2973599ms] [LOG] [Fast Refresh] done in 599ms @ http://localhost:3000/_next/static/chunks/node_modules_next_dist_1e8vcs8._.js:776
[ 2973663ms] [LOG] [Fast Refresh] done in 599ms @ http://localhost:3000/_next/static/chunks/node_modules_next_dist_1e8vcs8._.js:776
[ 2973728ms] [LOG] [Fast Refresh] done in 599ms @ http://localhost:3000/_next/static/chunks/node_modules_next_dist_1e8vcs8._.js:776
[ 2973794ms] [LOG] [Fast Refresh] done in 599ms @ http://localhost:3000/_next/static/chunks/node_modules_next_dist_1e8vcs8._.js:776
[ 2973853ms] [LOG] [Fast Refresh] done in 599ms @ http://localhost:3000/_next/static/chunks/node_modules_next_dist_1e8vcs8._.js:776
[ 2973915ms] [LOG] [Fast Refresh] done in 599ms @ http://localhost:3000/_next/static/chunks/node_modules_next_dist_1e8vcs8._.js:776
[ 2973980ms] [LOG] [Fast Refresh] done in 599ms @ http://localhost:3000/_next/static/chunks/node_modules_next_dist_1e8vcs8._.js:776
[ 2974044ms] [LOG] [Fast Refresh] done in 599ms @ http://localhost:3000/_next/static/chunks/node_modules_next_dist_1e8vcs8._.js:776
[ 2974103ms] [LOG] [Fast Refresh] done in 599ms @ http://localhost:3000/_next/static/chunks/node_modules_next_dist_1e8vcs8._.js:776
[ 2974165ms] [LOG] [Fast Refresh] done in 599ms @ http://localhost:3000/_next/static/chunks/node_modules_next_dist_1e8vcs8._.js:776
[ 2974228ms] [LOG] [Fast Refresh] done in 599ms @ http://localhost:3000/_next/static/chunks/node_modules_next_dist_1e8vcs8._.js:776
[ 2974294ms] [LOG] [Fast Refresh] done in 599ms @ http://localhost:3000/_next/static/chunks/node_modules_next_dist_1e8vcs8._.js:776
[ 2974353ms] [LOG] [Fast Refresh] done in 599ms @ http://localhost:3000/_next/static/chunks/node_modules_next_dist_1e8vcs8._.js:776
[ 2974416ms] [LOG] [Fast Refresh] done in 599ms @ http://localhost:3000/_next/static/chunks/node_modules_next_dist_1e8vcs8._.js:776
[ 2974479ms] [LOG] [Fast Refresh] done in 599ms @ http://localhost:3000/_next/static/chunks/node_modules_next_dist_1e8vcs8._.js:776
[ 2974546ms] [LOG] [Fast Refresh] done in 599ms @ http://localhost:3000/_next/static/chunks/node_modules_next_dist_1e8vcs8._.js:776
[ 2974693ms] [LOG] [Fast Refresh] done in 599ms @ http://localhost:3000/_next/static/chunks/node_modules_next_dist_1e8vcs8._.js:776
[ 2974761ms] [LOG] [Fast Refresh] done in 599ms @ http://localhost:3000/_next/static/chunks/node_modules_next_dist_1e8vcs8._.js:776
[ 2974822ms] [LOG] [Fast Refresh] done in 599ms @ http://localhost:3000/_next/static/chunks/node_modules_next_dist_1e8vcs8._.js:776
[ 2974885ms] [LOG] [Fast Refresh] done in 599ms @ http://localhost:3000/_next/static/chunks/node_modules_next_dist_1e8vcs8._.js:776
[ 2974948ms] [LOG] [Fast Refresh] done in 599ms @ http://localhost:3000/_next/static/chunks/node_modules_next_dist_1e8vcs8._.js:776
[ 2975011ms] [LOG] [Fast Refresh] done in 599ms @ http://localhost:3000/_next/static/chunks/node_modules_next_dist_1e8vcs8._.js:776
[ 2975076ms] [LOG] [Fast Refresh] done in 599ms @ http://localhost:3000/_next/static/chunks/node_modules_next_dist_1e8vcs8._.js:776
[ 2975136ms] [LOG] [Fast Refresh] done in 599ms @ http://localhost:3000/_next/static/chunks/node_modules_next_dist_1e8vcs8._.js:776
[ 2975199ms] [LOG] [Fast Refresh] done in 599ms @ http://localhost:3000/_next/static/chunks/node_modules_next_dist_1e8vcs8._.js:776
[ 2975262ms] [LOG] [Fast Refresh] done in 599ms @ http://localhost:3000/_next/static/chunks/node_modules_next_dist_1e8vcs8._.js:776
[ 2975326ms] [LOG] [Fast Refresh] done in 599ms @ http://localhost:3000/_next/static/chunks/node_modules_next_dist_1e8vcs8._.js:776
[ 2975388ms] [LOG] [Fast Refresh] done in 599ms @ http://localhost:3000/_next/static/chunks/node_modules_next_dist_1e8vcs8._.js:776
[ 2975450ms] [LOG] [Fast Refresh] done in 599ms @ http://localhost:3000/_next/static/chunks/node_modules_next_dist_1e8vcs8._.js:776
[ 2975514ms] [LOG] [Fast Refresh] done in 599ms @ http://localhost:3000/_next/static/chunks/node_modules_next_dist_1e8vcs8._.js:776
[ 2975577ms] [LOG] [Fast Refresh] done in 599ms @ http://localhost:3000/_next/static/chunks/node_modules_next_dist_1e8vcs8._.js:776
[ 2975638ms] [LOG] [Fast Refresh] done in 599ms @ http://localhost:3000/_next/static/chunks/node_modules_next_dist_1e8vcs8._.js:776
[ 2975699ms] [LOG] [Fast Refresh] done in 599ms @ http://localhost:3000/_next/static/chunks/node_modules_next_dist_1e8vcs8._.js:776
[ 2975762ms] [LOG] [Fast Refresh] done in 599ms @ http://localhost:3000/_next/static/chunks/node_modules_next_dist_1e8vcs8._.js:776
[ 2975826ms] [LOG] [Fast Refresh] done in 599ms @ http://localhost:3000/_next/static/chunks/node_modules_next_dist_1e8vcs8._.js:776
[ 2975885ms] [LOG] [Fast Refresh] done in 599ms @ http://localhost:3000/_next/static/chunks/node_modules_next_dist_1e8vcs8._.js:776
[ 2975948ms] [LOG] [Fast Refresh] done in 599ms @ http://localhost:3000/_next/static/chunks/node_modules_next_dist_1e8vcs8._.js:776
[ 2976012ms] [LOG] [Fast Refresh] done in 599ms @ http://localhost:3000/_next/static/chunks/node_modules_next_dist_1e8vcs8._.js:776
[ 2976078ms] [LOG] [Fast Refresh] done in 599ms @ http://localhost:3000/_next/static/chunks/node_modules_next_dist_1e8vcs8._.js:776
[ 2976137ms] [LOG] [Fast Refresh] done in 599ms @ http://localhost:3000/_next/static/chunks/node_modules_next_dist_1e8vcs8._.js:776
[ 2976200ms] [LOG] [Fast Refresh] done in 599ms @ http://localhost:3000/_next/static/chunks/node_modules_next_dist_1e8vcs8._.js:776
[ 2976263ms] [LOG] [Fast Refresh] done in 599ms @ http://localhost:3000/_next/static/chunks/node_modules_next_dist_1e8vcs8._.js:776
[ 2976328ms] [LOG] [Fast Refresh] done in 599ms @ http://localhost:3000/_next/static/chunks/node_modules_next_dist_1e8vcs8._.js:776
[ 2976392ms] [LOG] [Fast Refresh] done in 599ms @ http://localhost:3000/_next/static/chunks/node_modules_next_dist_1e8vcs8._.js:776
[ 2976453ms] [LOG] [Fast Refresh] done in 599ms @ http://localhost:3000/_next/static/chunks/node_modules_next_dist_1e8vcs8._.js:776
[ 2976516ms] [LOG] [Fast Refresh] done in 599ms @ http://localhost:3000/_next/static/chunks/node_modules_next_dist_1e8vcs8._.js:776
[ 2976578ms] [LOG] [Fast Refresh] done in 599ms @ http://localhost:3000/_next/static/chunks/node_modules_next_dist_1e8vcs8._.js:776
[ 2976645ms] [LOG] [Fast Refresh] done in 599ms @ http://localhost:3000/_next/static/chunks/node_modules_next_dist_1e8vcs8._.js:776
[ 2976705ms] [LOG] [Fast Refresh] done in 599ms @ http://localhost:3000/_next/static/chunks/node_modules_next_dist_1e8vcs8._.js:776
[ 2976767ms] [LOG] [Fast Refresh] done in 599ms @ http://localhost:3000/_next/static/chunks/node_modules_next_dist_1e8vcs8._.js:776
[ 2976830ms] [LOG] [Fast Refresh] done in 599ms @ http://localhost:3000/_next/static/chunks/node_modules_next_dist_1e8vcs8._.js:776
[ 2976894ms] [LOG] [Fast Refresh] done in 599ms @ http://localhost:3000/_next/static/chunks/node_modules_next_dist_1e8vcs8._.js:776
[ 2976955ms] [LOG] [Fast Refresh] done in 599ms @ http://localhost:3000/_next/static/chunks/node_modules_next_dist_1e8vcs8._.js:776
[ 2977018ms] [LOG] [Fast Refresh] done in 599ms @ http://localhost:3000/_next/static/chunks/node_modules_next_dist_1e8vcs8._.js:776
[ 2977081ms] [LOG] [Fast Refresh] done in 599ms @ http://localhost:3000/_next/static/chunks/node_modules_next_dist_1e8vcs8._.js:776
[ 2977144ms] [LOG] [Fast Refresh] done in 599ms @ http://localhost:3000/_next/static/chunks/node_modules_next_dist_1e8vcs8._.js:776
[ 2977207ms] [LOG] [Fast Refresh] done in 599ms @ http://localhost:3000/_next/static/chunks/node_modules_next_dist_1e8vcs8._.js:776
[ 2977269ms] [LOG] [Fast Refresh] done in 599ms @ http://localhost:3000/_next/static/chunks/node_modules_next_dist_1e8vcs8._.js:776
[ 2977332ms] [LOG] [Fast Refresh] done in 599ms @ http://localhost:3000/_next/static/chunks/node_modules_next_dist_1e8vcs8._.js:776
[ 2977395ms] [LOG] [Fast Refresh] done in 599ms @ http://localhost:3000/_next/static/chunks/node_modules_next_dist_1e8vcs8._.js:776
[ 2977461ms] [LOG] [Fast Refresh] done in 599ms @ http://localhost:3000/_next/static/chunks/node_modules_next_dist_1e8vcs8._.js:776
[ 2977519ms] [LOG] [Fast Refresh] done in 599ms @ http://localhost:3000/_next/static/chunks/node_modules_next_dist_1e8vcs8._.js:776
[ 2977583ms] [LOG] [Fast Refresh] done in 599ms @ http://localhost:3000/_next/static/chunks/node_modules_next_dist_1e8vcs8._.js:776
[ 2977647ms] [LOG] [Fast Refresh] done in 599ms @ http://localhost:3000/_next/static/chunks/node_modules_next_dist_1e8vcs8._.js:776
[ 2977714ms] [LOG] [Fast Refresh] done in 599ms @ http://localhost:3000/_next/static/chunks/node_modules_next_dist_1e8vcs8._.js:776
[ 2977770ms] [LOG] [Fast Refresh] done in 599ms @ http://localhost:3000/_next/static/chunks/node_modules_next_dist_1e8vcs8._.js:776
[ 2977833ms] [LOG] [Fast Refresh] done in 599ms @ http://localhost:3000/_next/static/chunks/node_modules_next_dist_1e8vcs8._.js:776
[ 2977897ms] [LOG] [Fast Refresh] done in 599ms @ http://localhost:3000/_next/static/chunks/node_modules_next_dist_1e8vcs8._.js:776
[ 2977961ms] [LOG] [Fast Refresh] done in 599ms @ http://localhost:3000/_next/static/chunks/node_modules_next_dist_1e8vcs8._.js:776
[ 2978022ms] [LOG] [Fast Refresh] done in 599ms @ http://localhost:3000/_next/static/chunks/node_modules_next_dist_1e8vcs8._.js:776
[ 2978093ms] [LOG] [Fast Refresh] done in 599ms @ http://localhost:3000/_next/static/chunks/node_modules_next_dist_1e8vcs8._.js:776
[ 2978164ms] [LOG] [Fast Refresh] done in 599ms @ http://localhost:3000/_next/static/chunks/node_modules_next_dist_1e8vcs8._.js:776
[ 2978228ms] [LOG] [Fast Refresh] done in 599ms @ http://localhost:3000/_next/static/chunks/node_modules_next_dist_1e8vcs8._.js:776
[ 2978288ms] [LOG] [Fast Refresh] done in 599ms @ http://localhost:3000/_next/static/chunks/node_modules_next_dist_1e8vcs8._.js:776
[ 2978351ms] [LOG] [Fast Refresh] done in 599ms @ http://localhost:3000/_next/static/chunks/node_modules_next_dist_1e8vcs8._.js:776
[ 2978414ms] [LOG] [Fast Refresh] done in 599ms @ http://localhost:3000/_next/static/chunks/node_modules_next_dist_1e8vcs8._.js:776
[ 2978479ms] [LOG] [Fast Refresh] done in 599ms @ http://localhost:3000/_next/static/chunks/node_modules_next_dist_1e8vcs8._.js:776
[ 2978536ms] [LOG] [Fast Refresh] done in 599ms @ http://localhost:3000/_next/static/chunks/node_modules_next_dist_1e8vcs8._.js:776
[ 2978599ms] [LOG] [Fast Refresh] done in 599ms @ http://localhost:3000/_next/static/chunks/node_modules_next_dist_1e8vcs8._.js:776
[ 2978663ms] [LOG] [Fast Refresh] done in 599ms @ http://localhost:3000/_next/static/chunks/node_modules_next_dist_1e8vcs8._.js:776
[ 2978728ms] [LOG] [Fast Refresh] done in 599ms @ http://localhost:3000/_next/static/chunks/node_modules_next_dist_1e8vcs8._.js:776
[ 2978788ms] [LOG] [Fast Refresh] done in 599ms @ http://localhost:3000/_next/static/chunks/node_modules_next_dist_1e8vcs8._.js:776
[ 2978850ms] [LOG] [Fast Refresh] done in 599ms @ http://localhost:3000/_next/static/chunks/node_modules_next_dist_1e8vcs8._.js:776
[ 2978913ms] [LOG] [Fast Refresh] done in 599ms @ http://localhost:3000/_next/static/chunks/node_modules_next_dist_1e8vcs8._.js:776
[ 2978981ms] [LOG] [Fast Refresh] done in 599ms @ http://localhost:3000/_next/static/chunks/node_modules_next_dist_1e8vcs8._.js:776
[ 2979037ms] [LOG] [Fast Refresh] done in 599ms @ http://localhost:3000/_next/static/chunks/node_modules_next_dist_1e8vcs8._.js:776
[ 2979099ms] [LOG] [Fast Refresh] done in 599ms @ http://localhost:3000/_next/static/chunks/node_modules_next_dist_1e8vcs8._.js:776
[ 2979162ms] [LOG] [Fast Refresh] done in 599ms @ http://localhost:3000/_next/static/chunks/node_modules_next_dist_1e8vcs8._.js:776
[ 2979230ms] [LOG] [Fast Refresh] done in 599ms @ http://localhost:3000/_next/static/chunks/node_modules_next_dist_1e8vcs8._.js:776
[ 2979288ms] [LOG] [Fast Refresh] done in 599ms @ http://localhost:3000/_next/static/chunks/node_modules_next_dist_1e8vcs8._.js:776
[ 2979349ms] [LOG] [Fast Refresh] done in 599ms @ http://localhost:3000/_next/static/chunks/node_modules_next_dist_1e8vcs8._.js:776
[ 2979413ms] [LOG] [Fast Refresh] done in 599ms @ http://localhost:3000/_next/static/chunks/node_modules_next_dist_1e8vcs8._.js:776
[ 2979477ms] [LOG] [Fast Refresh] done in 599ms @ http://localhost:3000/_next/static/chunks/node_modules_next_dist_1e8vcs8._.js:776
[ 2979538ms] [LOG] [Fast Refresh] done in 599ms @ http://localhost:3000/_next/static/chunks/node_modules_next_dist_1e8vcs8._.js:776
[ 2979600ms] [LOG] [Fast Refresh] done in 599ms @ http://localhost:3000/_next/static/chunks/node_modules_next_dist_1e8vcs8._.js:776
[ 2979664ms] [LOG] [Fast Refresh] done in 599ms @ http://localhost:3000/_next/static/chunks/node_modules_next_dist_1e8vcs8._.js:776
[ 2979728ms] [LOG] [Fast Refresh] done in 599ms @ http://localhost:3000/_next/static/chunks/node_modules_next_dist_1e8vcs8._.js:776
[ 2979790ms] [LOG] [Fast Refresh] done in 599ms @ http://localhost:3000/_next/static/chunks/node_modules_next_dist_1e8vcs8._.js:776
[ 2979852ms] [LOG] [Fast Refresh] done in 599ms @ http://localhost:3000/_next/static/chunks/node_modules_next_dist_1e8vcs8._.js:776
[ 2979916ms] [LOG] [Fast Refresh] done in 599ms @ http://localhost:3000/_next/static/chunks/node_modules_next_dist_1e8vcs8._.js:776
[ 2979981ms] [LOG] [Fast Refresh] done in 599ms @ http://localhost:3000/_next/static/chunks/node_modules_next_dist_1e8vcs8._.js:776
[ 2980044ms] [LOG] [Fast Refresh] done in 599ms @ http://localhost:3000/_next/static/chunks/node_modules_next_dist_1e8vcs8._.js:776
[ 2980105ms] [LOG] [Fast Refresh] done in 599ms @ http://localhost:3000/_next/static/chunks/node_modules_next_dist_1e8vcs8._.js:776
[ 2980167ms] [LOG] [Fast Refresh] done in 599ms @ http://localhost:3000/_next/static/chunks/node_modules_next_dist_1e8vcs8._.js:776
[ 2980231ms] [LOG] [Fast Refresh] done in 599ms @ http://localhost:3000/_next/static/chunks/node_modules_next_dist_1e8vcs8._.js:776
[ 2980281ms] [LOG] [Fast Refresh] done in 599ms @ http://localhost:3000/_next/static/chunks/node_modules_next_dist_1e8vcs8._.js:776
[ 2980346ms] [LOG] [Fast Refresh] done in 599ms @ http://localhost:3000/_next/static/chunks/node_modules_next_dist_1e8vcs8._.js:776
[ 2980406ms] [LOG] [Fast Refresh] done in 599ms @ http://localhost:3000/_next/static/chunks/node_modules_next_dist_1e8vcs8._.js:776
[ 2980466ms] [LOG] [Fast Refresh] done in 599ms @ http://localhost:3000/_next/static/chunks/node_modules_next_dist_1e8vcs8._.js:776
[ 2980531ms] [LOG] [Fast Refresh] done in 599ms @ http://localhost:3000/_next/static/chunks/node_modules_next_dist_1e8vcs8._.js:776
[ 2980596ms] [LOG] [Fast Refresh] done in 599ms @ http://localhost:3000/_next/static/chunks/node_modules_next_dist_1e8vcs8._.js:776
[ 2980655ms] [LOG] [Fast Refresh] done in 599ms @ http://localhost:3000/_next/static/chunks/node_modules_next_dist_1e8vcs8._.js:776
[ 2980718ms] [LOG] [Fast Refresh] done in 599ms @ http://localhost:3000/_next/static/chunks/node_modules_next_dist_1e8vcs8._.js:776
[ 2980780ms] [LOG] [Fast Refresh] done in 599ms @ http://localhost:3000/_next/static/chunks/node_modules_next_dist_1e8vcs8._.js:776
[ 2980844ms] [LOG] [Fast Refresh] done in 599ms @ http://localhost:3000/_next/static/chunks/node_modules_next_dist_1e8vcs8._.js:776
[ 2980906ms] [LOG] [Fast Refresh] done in 599ms @ http://localhost:3000/_next/static/chunks/node_modules_next_dist_1e8vcs8._.js:776
[ 2980968ms] [LOG] [Fast Refresh] done in 599ms @ http://localhost:3000/_next/static/chunks/node_modules_next_dist_1e8vcs8._.js:776
[ 2981031ms] [LOG] [Fast Refresh] done in 599ms @ http://localhost:3000/_next/static/chunks/node_modules_next_dist_1e8vcs8._.js:776
[ 2981094ms] [LOG] [Fast Refresh] done in 599ms @ http://localhost:3000/_next/static/chunks/node_modules_next_dist_1e8vcs8._.js:776
[ 2981155ms] [LOG] [Fast Refresh] done in 599ms @ http://localhost:3000/_next/static/chunks/node_modules_next_dist_1e8vcs8._.js:776
[ 2981218ms] [LOG] [Fast Refresh] done in 599ms @ http://localhost:3000/_next/static/chunks/node_modules_next_dist_1e8vcs8._.js:776
[ 2981281ms] [LOG] [Fast Refresh] done in 599ms @ http://localhost:3000/_next/static/chunks/node_modules_next_dist_1e8vcs8._.js:776
[ 2981346ms] [LOG] [Fast Refresh] done in 599ms @ http://localhost:3000/_next/static/chunks/node_modules_next_dist_1e8vcs8._.js:776
[ 2981404ms] [LOG] [Fast Refresh] done in 599ms @ http://localhost:3000/_next/static/chunks/node_modules_next_dist_1e8vcs8._.js:776
[ 2981466ms] [LOG] [Fast Refresh] done in 599ms @ http://localhost:3000/_next/static/chunks/node_modules_next_dist_1e8vcs8._.js:776
[ 2981528ms] [LOG] [Fast Refresh] done in 599ms @ http://localhost:3000/_next/static/chunks/node_modules_next_dist_1e8vcs8._.js:776
[ 2981589ms] [LOG] [Fast Refresh] done in 599ms @ http://localhost:3000/_next/static/chunks/node_modules_next_dist_1e8vcs8._.js:776
[ 2981703ms] [LOG] [Fast Refresh] done in 599ms @ http://localhost:3000/_next/static/chunks/node_modules_next_dist_1e8vcs8._.js:776
[ 2981781ms] [LOG] [Fast Refresh] done in 599ms @ http://localhost:3000/_next/static/chunks/node_modules_next_dist_1e8vcs8._.js:776
[ 2981840ms] [LOG] [Fast Refresh] done in 599ms @ http://localhost:3000/_next/static/chunks/node_modules_next_dist_1e8vcs8._.js:776
[ 2981902ms] [LOG] [Fast Refresh] done in 599ms @ http://localhost:3000/_next/static/chunks/node_modules_next_dist_1e8vcs8._.js:776
[ 2981966ms] [LOG] [Fast Refresh] done in 599ms @ http://localhost:3000/_next/static/chunks/node_modules_next_dist_1e8vcs8._.js:776
[ 2982028ms] [LOG] [Fast Refresh] done in 599ms @ http://localhost:3000/_next/static/chunks/node_modules_next_dist_1e8vcs8._.js:776
[ 2982093ms] [LOG] [Fast Refresh] done in 599ms @ http://localhost:3000/_next/static/chunks/node_modules_next_dist_1e8vcs8._.js:776
[ 2982154ms] [LOG] [Fast Refresh] done in 599ms @ http://localhost:3000/_next/static/chunks/node_modules_next_dist_1e8vcs8._.js:776
[ 2982216ms] [LOG] [Fast Refresh] done in 599ms @ http://localhost:3000/_next/static/chunks/node_modules_next_dist_1e8vcs8._.js:776
[ 2982280ms] [LOG] [Fast Refresh] done in 599ms @ http://localhost:3000/_next/static/chunks/node_modules_next_dist_1e8vcs8._.js:776
[ 2982351ms] [LOG] [Fast Refresh] done in 599ms @ http://localhost:3000/_next/static/chunks/node_modules_next_dist_1e8vcs8._.js:776
[ 2982403ms] [LOG] [Fast Refresh] done in 599ms @ http://localhost:3000/_next/static/chunks/node_modules_next_dist_1e8vcs8._.js:776
[ 2982464ms] [LOG] [Fast Refresh] done in 599ms @ http://localhost:3000/_next/static/chunks/node_modules_next_dist_1e8vcs8._.js:776
[ 2982527ms] [LOG] [Fast Refresh] done in 599ms @ http://localhost:3000/_next/static/chunks/node_modules_next_dist_1e8vcs8._.js:776
[ 2982589ms] [LOG] [Fast Refresh] done in 599ms @ http://localhost:3000/_next/static/chunks/node_modules_next_dist_1e8vcs8._.js:776
[ 2982652ms] [LOG] [Fast Refresh] done in 599ms @ http://localhost:3000/_next/static/chunks/node_modules_next_dist_1e8vcs8._.js:776
[ 2982715ms] [LOG] [Fast Refresh] done in 599ms @ http://localhost:3000/_next/static/chunks/node_modules_next_dist_1e8vcs8._.js:776
[ 2982778ms] [LOG] [Fast Refresh] done in 599ms @ http://localhost:3000/_next/static/chunks/node_modules_next_dist_1e8vcs8._.js:776
[ 2982838ms] [LOG] [Fast Refresh] done in 599ms @ http://localhost:3000/_next/static/chunks/node_modules_next_dist_1e8vcs8._.js:776
[ 2982902ms] [LOG] [Fast Refresh] done in 599ms @ http://localhost:3000/_next/static/chunks/node_modules_next_dist_1e8vcs8._.js:776
[ 2982965ms] [LOG] [Fast Refresh] done in 599ms @ http://localhost:3000/_next/static/chunks/node_modules_next_dist_1e8vcs8._.js:776
[ 2983028ms] [LOG] [Fast Refresh] done in 599ms @ http://localhost:3000/_next/static/chunks/node_modules_next_dist_1e8vcs8._.js:776
[ 2983092ms] [LOG] [Fast Refresh] done in 599ms @ http://localhost:3000/_next/static/chunks/node_modules_next_dist_1e8vcs8._.js:776
[ 2983153ms] [LOG] [Fast Refresh] done in 599ms @ http://localhost:3000/_next/static/chunks/node_modules_next_dist_1e8vcs8._.js:776
[ 2983214ms] [LOG] [Fast Refresh] done in 599ms @ http://localhost:3000/_next/static/chunks/node_modules_next_dist_1e8vcs8._.js:776
[ 2983278ms] [LOG] [Fast Refresh] done in 599ms @ http://localhost:3000/_next/static/chunks/node_modules_next_dist_1e8vcs8._.js:776
[ 2983343ms] [LOG] [Fast Refresh] done in 599ms @ http://localhost:3000/_next/static/chunks/node_modules_next_dist_1e8vcs8._.js:776
[ 2983402ms] [LOG] [Fast Refresh] done in 599ms @ http://localhost:3000/_next/static/chunks/node_modules_next_dist_1e8vcs8._.js:776
[ 2983464ms] [LOG] [Fast Refresh] done in 599ms @ http://localhost:3000/_next/static/chunks/node_modules_next_dist_1e8vcs8._.js:776
[ 2983528ms] [LOG] [Fast Refresh] done in 599ms @ http://localhost:3000/_next/static/chunks/node_modules_next_dist_1e8vcs8._.js:776
[ 2983586ms] [LOG] [Fast Refresh] done in 599ms @ http://localhost:3000/_next/static/chunks/node_modules_next_dist_1e8vcs8._.js:776
[ 2983649ms] [LOG] [Fast Refresh] done in 599ms @ http://localhost:3000/_next/static/chunks/node_modules_next_dist_1e8vcs8._.js:776
[ 2983712ms] [LOG] [Fast Refresh] done in 599ms @ http://localhost:3000/_next/static/chunks/node_modules_next_dist_1e8vcs8._.js:776
[ 2983778ms] [LOG] [Fast Refresh] done in 599ms @ http://localhost:3000/_next/static/chunks/node_modules_next_dist_1e8vcs8._.js:776
[ 2983838ms] [LOG] [Fast Refresh] done in 599ms @ http://localhost:3000/_next/static/chunks/node_modules_next_dist_1e8vcs8._.js:776
[ 2983900ms] [LOG] [Fast Refresh] done in 599ms @ http://localhost:3000/_next/static/chunks/node_modules_next_dist_1e8vcs8._.js:776
[ 2983963ms] [LOG] [Fast Refresh] done in 599ms @ http://localhost:3000/_next/static/chunks/node_modules_next_dist_1e8vcs8._.js:776
[ 2984029ms] [LOG] [Fast Refresh] done in 599ms @ http://localhost:3000/_next/static/chunks/node_modules_next_dist_1e8vcs8._.js:776
[ 2984087ms] [LOG] [Fast Refresh] done in 599ms @ http://localhost:3000/_next/static/chunks/node_modules_next_dist_1e8vcs8._.js:776
[ 2984150ms] [LOG] [Fast Refresh] done in 599ms @ http://localhost:3000/_next/static/chunks/node_modules_next_dist_1e8vcs8._.js:776
[ 2984214ms] [LOG] [Fast Refresh] done in 599ms @ http://localhost:3000/_next/static/chunks/node_modules_next_dist_1e8vcs8._.js:776
[ 2984281ms] [LOG] [Fast Refresh] done in 599ms @ http://localhost:3000/_next/static/chunks/node_modules_next_dist_1e8vcs8._.js:776
[ 2984337ms] [LOG] [Fast Refresh] done in 599ms @ http://localhost:3000/_next/static/chunks/node_modules_next_dist_1e8vcs8._.js:776
[ 2984401ms] [LOG] [Fast Refresh] done in 599ms @ http://localhost:3000/_next/static/chunks/node_modules_next_dist_1e8vcs8._.js:776
[ 2984464ms] [LOG] [Fast Refresh] done in 599ms @ http://localhost:3000/_next/static/chunks/node_modules_next_dist_1e8vcs8._.js:776
[ 2984527ms] [LOG] [Fast Refresh] done in 599ms @ http://localhost:3000/_next/static/chunks/node_modules_next_dist_1e8vcs8._.js:776
[ 2984588ms] [LOG] [Fast Refresh] done in 599ms @ http://localhost:3000/_next/static/chunks/node_modules_next_dist_1e8vcs8._.js:776
[ 2984650ms] [LOG] [Fast Refresh] done in 599ms @ http://localhost:3000/_next/static/chunks/node_modules_next_dist_1e8vcs8._.js:776
[ 2984714ms] [LOG] [Fast Refresh] done in 599ms @ http://localhost:3000/_next/static/chunks/node_modules_next_dist_1e8vcs8._.js:776
[ 2984777ms] [LOG] [Fast Refresh] done in 599ms @ http://localhost:3000/_next/static/chunks/node_modules_next_dist_1e8vcs8._.js:776
[ 2984839ms] [LOG] [Fast Refresh] done in 599ms @ http://localhost:3000/_next/static/chunks/node_modules_next_dist_1e8vcs8._.js:776
[ 2984902ms] [LOG] [Fast Refresh] done in 599ms @ http://localhost:3000/_next/static/chunks/node_modules_next_dist_1e8vcs8._.js:776
[ 2984965ms] [LOG] [Fast Refresh] done in 599ms @ http://localhost:3000/_next/static/chunks/node_modules_next_dist_1e8vcs8._.js:776
[ 2985028ms] [LOG] [Fast Refresh] done in 599ms @ http://localhost:3000/_next/static/chunks/node_modules_next_dist_1e8vcs8._.js:776
[ 2985092ms] [LOG] [Fast Refresh] done in 599ms @ http://localhost:3000/_next/static/chunks/node_modules_next_dist_1e8vcs8._.js:776
[ 2985152ms] [LOG] [Fast Refresh] done in 599ms @ http://localhost:3000/_next/static/chunks/node_modules_next_dist_1e8vcs8._.js:776
[ 2985215ms] [LOG] [Fast Refresh] done in 599ms @ http://localhost:3000/_next/static/chunks/node_modules_next_dist_1e8vcs8._.js:776
[ 2985279ms] [LOG] [Fast Refresh] done in 599ms @ http://localhost:3000/_next/static/chunks/node_modules_next_dist_1e8vcs8._.js:776
[ 2985340ms] [LOG] [Fast Refresh] done in 599ms @ http://localhost:3000/_next/static/chunks/node_modules_next_dist_1e8vcs8._.js:776
[ 2985402ms] [LOG] [Fast Refresh] done in 599ms @ http://localhost:3000/_next/static/chunks/node_modules_next_dist_1e8vcs8._.js:776
[ 2985465ms] [LOG] [Fast Refresh] done in 599ms @ http://localhost:3000/_next/static/chunks/node_modules_next_dist_1e8vcs8._.js:776
[ 2985528ms] [LOG] [Fast Refresh] done in 599ms @ http://localhost:3000/_next/static/chunks/node_modules_next_dist_1e8vcs8._.js:776
[ 2985593ms] [LOG] [Fast Refresh] done in 599ms @ http://localhost:3000/_next/static/chunks/node_modules_next_dist_1e8vcs8._.js:776
[ 2985653ms] [LOG] [Fast Refresh] done in 599ms @ http://localhost:3000/_next/static/chunks/node_modules_next_dist_1e8vcs8._.js:776
[ 2985716ms] [LOG] [Fast Refresh] done in 599ms @ http://localhost:3000/_next/static/chunks/node_modules_next_dist_1e8vcs8._.js:776
[ 2985779ms] [LOG] [Fast Refresh] done in 599ms @ http://localhost:3000/_next/static/chunks/node_modules_next_dist_1e8vcs8._.js:776
[ 2985843ms] [LOG] [Fast Refresh] done in 599ms @ http://localhost:3000/_next/static/chunks/node_modules_next_dist_1e8vcs8._.js:776
[ 2985904ms] [LOG] [Fast Refresh] done in 599ms @ http://localhost:3000/_next/static/chunks/node_modules_next_dist_1e8vcs8._.js:776
[ 2985966ms] [LOG] [Fast Refresh] done in 599ms @ http://localhost:3000/_next/static/chunks/node_modules_next_dist_1e8vcs8._.js:776
[ 2986029ms] [LOG] [Fast Refresh] done in 599ms @ http://localhost:3000/_next/static/chunks/node_modules_next_dist_1e8vcs8._.js:776
[ 2986095ms] [LOG] [Fast Refresh] done in 599ms @ http://localhost:3000/_next/static/chunks/node_modules_next_dist_1e8vcs8._.js:776
[ 2986154ms] [LOG] [Fast Refresh] done in 599ms @ http://localhost:3000/_next/static/chunks/node_modules_next_dist_1e8vcs8._.js:776
[ 2986216ms] [LOG] [Fast Refresh] done in 599ms @ http://localhost:3000/_next/static/chunks/node_modules_next_dist_1e8vcs8._.js:776
[ 2986280ms] [LOG] [Fast Refresh] done in 599ms @ http://localhost:3000/_next/static/chunks/node_modules_next_dist_1e8vcs8._.js:776
[ 2986344ms] [LOG] [Fast Refresh] done in 599ms @ http://localhost:3000/_next/static/chunks/node_modules_next_dist_1e8vcs8._.js:776
[ 2986405ms] [LOG] [Fast Refresh] done in 599ms @ http://localhost:3000/_next/static/chunks/node_modules_next_dist_1e8vcs8._.js:776
[ 2986467ms] [LOG] [Fast Refresh] done in 599ms @ http://localhost:3000/_next/static/chunks/node_modules_next_dist_1e8vcs8._.js:776
[ 2986531ms] [LOG] [Fast Refresh] done in 599ms @ http://localhost:3000/_next/static/chunks/node_modules_next_dist_1e8vcs8._.js:776
[ 2986593ms] [LOG] [Fast Refresh] done in 599ms @ http://localhost:3000/_next/static/chunks/node_modules_next_dist_1e8vcs8._.js:776
[ 2986655ms] [LOG] [Fast Refresh] done in 599ms @ http://localhost:3000/_next/static/chunks/node_modules_next_dist_1e8vcs8._.js:776
[ 2986719ms] [LOG] [Fast Refresh] done in 599ms @ http://localhost:3000/_next/static/chunks/node_modules_next_dist_1e8vcs8._.js:776
[ 2986783ms] [LOG] [Fast Refresh] done in 599ms @ http://localhost:3000/_next/static/chunks/node_modules_next_dist_1e8vcs8._.js:776
[ 2986846ms] [LOG] [Fast Refresh] done in 599ms @ http://localhost:3000/_next/static/chunks/node_modules_next_dist_1e8vcs8._.js:776
[ 2986910ms] [LOG] [Fast Refresh] done in 599ms @ http://localhost:3000/_next/static/chunks/node_modules_next_dist_1e8vcs8._.js:776
[ 2986970ms] [LOG] [Fast Refresh] done in 599ms @ http://localhost:3000/_next/static/chunks/node_modules_next_dist_1e8vcs8._.js:776
[ 2987034ms] [LOG] [Fast Refresh] done in 599ms @ http://localhost:3000/_next/static/chunks/node_modules_next_dist_1e8vcs8._.js:776
[ 2987097ms] [LOG] [Fast Refresh] done in 599ms @ http://localhost:3000/_next/static/chunks/node_modules_next_dist_1e8vcs8._.js:776
[ 2987160ms] [LOG] [Fast Refresh] done in 599ms @ http://localhost:3000/_next/static/chunks/node_modules_next_dist_1e8vcs8._.js:776
[ 2987222ms] [LOG] [Fast Refresh] done in 599ms @ http://localhost:3000/_next/static/chunks/node_modules_next_dist_1e8vcs8._.js:776
[ 2987284ms] [LOG] [Fast Refresh] done in 599ms @ http://localhost:3000/_next/static/chunks/node_modules_next_dist_1e8vcs8._.js:776
[ 2987347ms] [LOG] [Fast Refresh] done in 599ms @ http://localhost:3000/_next/static/chunks/node_modules_next_dist_1e8vcs8._.js:776
[ 2987410ms] [LOG] [Fast Refresh] done in 599ms @ http://localhost:3000/_next/static/chunks/node_modules_next_dist_1e8vcs8._.js:776
[ 2987473ms] [LOG] [Fast Refresh] done in 599ms @ http://localhost:3000/_next/static/chunks/node_modules_next_dist_1e8vcs8._.js:776
[ 2987536ms] [LOG] [Fast Refresh] done in 599ms @ http://localhost:3000/_next/static/chunks/node_modules_next_dist_1e8vcs8._.js:776
[ 2987599ms] [LOG] [Fast Refresh] done in 599ms @ http://localhost:3000/_next/static/chunks/node_modules_next_dist_1e8vcs8._.js:776
[ 2987662ms] [LOG] [Fast Refresh] done in 599ms @ http://localhost:3000/_next/static/chunks/node_modules_next_dist_1e8vcs8._.js:776
[ 2987726ms] [LOG] [Fast Refresh] done in 599ms @ http://localhost:3000/_next/static/chunks/node_modules_next_dist_1e8vcs8._.js:776
[ 2987786ms] [LOG] [Fast Refresh] done in 599ms @ http://localhost:3000/_next/static/chunks/node_modules_next_dist_1e8vcs8._.js:776
[ 2987848ms] [LOG] [Fast Refresh] done in 599ms @ http://localhost:3000/_next/static/chunks/node_modules_next_dist_1e8vcs8._.js:776
[ 2987913ms] [LOG] [Fast Refresh] done in 599ms @ http://localhost:3000/_next/static/chunks/node_modules_next_dist_1e8vcs8._.js:776
[ 2987976ms] [LOG] [Fast Refresh] done in 599ms @ http://localhost:3000/_next/static/chunks/node_modules_next_dist_1e8vcs8._.js:776
[ 2988037ms] [LOG] [Fast Refresh] done in 599ms @ http://localhost:3000/_next/static/chunks/node_modules_next_dist_1e8vcs8._.js:776
[ 2988097ms] [LOG] [Fast Refresh] done in 599ms @ http://localhost:3000/_next/static/chunks/node_modules_next_dist_1e8vcs8._.js:776
[ 2988162ms] [LOG] [Fast Refresh] done in 599ms @ http://localhost:3000/_next/static/chunks/node_modules_next_dist_1e8vcs8._.js:776
[ 2988225ms] [LOG] [Fast Refresh] done in 599ms @ http://localhost:3000/_next/static/chunks/node_modules_next_dist_1e8vcs8._.js:776
[ 2988287ms] [LOG] [Fast Refresh] done in 599ms @ http://localhost:3000/_next/static/chunks/node_modules_next_dist_1e8vcs8._.js:776
[ 2988349ms] [LOG] [Fast Refresh] done in 599ms @ http://localhost:3000/_next/static/chunks/node_modules_next_dist_1e8vcs8._.js:776
[ 2988413ms] [LOG] [Fast Refresh] done in 599ms @ http://localhost:3000/_next/static/chunks/node_modules_next_dist_1e8vcs8._.js:776
[ 2988476ms] [LOG] [Fast Refresh] done in 599ms @ http://localhost:3000/_next/static/chunks/node_modules_next_dist_1e8vcs8._.js:776
[ 2988538ms] [LOG] [Fast Refresh] done in 599ms @ http://localhost:3000/_next/static/chunks/node_modules_next_dist_1e8vcs8._.js:776
[ 2988599ms] [LOG] [Fast Refresh] done in 599ms @ http://localhost:3000/_next/static/chunks/node_modules_next_dist_1e8vcs8._.js:776
[ 2988663ms] [LOG] [Fast Refresh] done in 599ms @ http://localhost:3000/_next/static/chunks/node_modules_next_dist_1e8vcs8._.js:776
[ 2988726ms] [LOG] [Fast Refresh] done in 599ms @ http://localhost:3000/_next/static/chunks/node_modules_next_dist_1e8vcs8._.js:776
[ 2988788ms] [LOG] [Fast Refresh] done in 599ms @ http://localhost:3000/_next/static/chunks/node_modules_next_dist_1e8vcs8._.js:776
[ 2988850ms] [LOG] [Fast Refresh] done in 599ms @ http://localhost:3000/_next/static/chunks/node_modules_next_dist_1e8vcs8._.js:776
[ 2988913ms] [LOG] [Fast Refresh] done in 599ms @ http://localhost:3000/_next/static/chunks/node_modules_next_dist_1e8vcs8._.js:776
[ 2988977ms] [LOG] [Fast Refresh] done in 599ms @ http://localhost:3000/_next/static/chunks/node_modules_next_dist_1e8vcs8._.js:776
[ 2989037ms] [LOG] [Fast Refresh] done in 599ms @ http://localhost:3000/_next/static/chunks/node_modules_next_dist_1e8vcs8._.js:776
[ 2989100ms] [LOG] [Fast Refresh] done in 599ms @ http://localhost:3000/_next/static/chunks/node_modules_next_dist_1e8vcs8._.js:776
[ 2989161ms] [LOG] [Fast Refresh] done in 599ms @ http://localhost:3000/_next/static/chunks/node_modules_next_dist_1e8vcs8._.js:776
[ 2989226ms] [LOG] [Fast Refresh] done in 599ms @ http://localhost:3000/_next/static/chunks/node_modules_next_dist_1e8vcs8._.js:776
[ 2989287ms] [LOG] [Fast Refresh] done in 599ms @ http://localhost:3000/_next/static/chunks/node_modules_next_dist_1e8vcs8._.js:776
[ 2989350ms] [LOG] [Fast Refresh] done in 599ms @ http://localhost:3000/_next/static/chunks/node_modules_next_dist_1e8vcs8._.js:776
[ 2989414ms] [LOG] [Fast Refresh] done in 599ms @ http://localhost:3000/_next/static/chunks/node_modules_next_dist_1e8vcs8._.js:776
[ 2989479ms] [LOG] [Fast Refresh] done in 599ms @ http://localhost:3000/_next/static/chunks/node_modules_next_dist_1e8vcs8._.js:776
[ 2989537ms] [LOG] [Fast Refresh] done in 599ms @ http://localhost:3000/_next/static/chunks/node_modules_next_dist_1e8vcs8._.js:776
[ 2989599ms] [LOG] [Fast Refresh] done in 599ms @ http://localhost:3000/_next/static/chunks/node_modules_next_dist_1e8vcs8._.js:776
[ 2989681ms] [LOG] [Fast Refresh] done in 599ms @ http://localhost:3000/_next/static/chunks/node_modules_next_dist_1e8vcs8._.js:776
[ 2989754ms] [LOG] [Fast Refresh] done in 599ms @ http://localhost:3000/_next/static/chunks/node_modules_next_dist_1e8vcs8._.js:776
[ 2989816ms] [LOG] [Fast Refresh] done in 599ms @ http://localhost:3000/_next/static/chunks/node_modules_next_dist_1e8vcs8._.js:776
[ 2989880ms] [LOG] [Fast Refresh] done in 599ms @ http://localhost:3000/_next/static/chunks/node_modules_next_dist_1e8vcs8._.js:776
[ 2989944ms] [LOG] [Fast Refresh] done in 599ms @ http://localhost:3000/_next/static/chunks/node_modules_next_dist_1e8vcs8._.js:776
[ 2990004ms] [LOG] [Fast Refresh] done in 599ms @ http://localhost:3000/_next/static/chunks/node_modules_next_dist_1e8vcs8._.js:776
[ 2990067ms] [LOG] [Fast Refresh] done in 599ms @ http://localhost:3000/_next/static/chunks/node_modules_next_dist_1e8vcs8._.js:776
[ 2990131ms] [LOG] [Fast Refresh] done in 599ms @ http://localhost:3000/_next/static/chunks/node_modules_next_dist_1e8vcs8._.js:776
[ 2990194ms] [LOG] [Fast Refresh] done in 599ms @ http://localhost:3000/_next/static/chunks/node_modules_next_dist_1e8vcs8._.js:776
[ 2990258ms] [LOG] [Fast Refresh] done in 599ms @ http://localhost:3000/_next/static/chunks/node_modules_next_dist_1e8vcs8._.js:776
[ 2990320ms] [LOG] [Fast Refresh] done in 599ms @ http://localhost:3000/_next/static/chunks/node_modules_next_dist_1e8vcs8._.js:776
[ 2990382ms] [LOG] [Fast Refresh] done in 599ms @ http://localhost:3000/_next/static/chunks/node_modules_next_dist_1e8vcs8._.js:776
[ 2990446ms] [LOG] [Fast Refresh] done in 599ms @ http://localhost:3000/_next/static/chunks/node_modules_next_dist_1e8vcs8._.js:776
[ 2990510ms] [LOG] [Fast Refresh] done in 599ms @ http://localhost:3000/_next/static/chunks/node_modules_next_dist_1e8vcs8._.js:776
[ 2990571ms] [LOG] [Fast Refresh] done in 599ms @ http://localhost:3000/_next/static/chunks/node_modules_next_dist_1e8vcs8._.js:776
[ 2990633ms] [LOG] [Fast Refresh] done in 599ms @ http://localhost:3000/_next/static/chunks/node_modules_next_dist_1e8vcs8._.js:776
[ 2990696ms] [LOG] [Fast Refresh] done in 599ms @ http://localhost:3000/_next/static/chunks/node_modules_next_dist_1e8vcs8._.js:776
[ 2990759ms] [LOG] [Fast Refresh] done in 599ms @ http://localhost:3000/_next/static/chunks/node_modules_next_dist_1e8vcs8._.js:776
[ 2990819ms] [LOG] [Fast Refresh] done in 599ms @ http://localhost:3000/_next/static/chunks/node_modules_next_dist_1e8vcs8._.js:776
[ 2990866ms] [LOG] [Fast Refresh] done in 599ms @ http://localhost:3000/_next/static/chunks/node_modules_next_dist_1e8vcs8._.js:776
[ 2990930ms] [LOG] [Fast Refresh] done in 599ms @ http://localhost:3000/_next/static/chunks/node_modules_next_dist_1e8vcs8._.js:776
[ 2990993ms] [LOG] [Fast Refresh] done in 599ms @ http://localhost:3000/_next/static/chunks/node_modules_next_dist_1e8vcs8._.js:776
[ 2991054ms] [LOG] [Fast Refresh] done in 599ms @ http://localhost:3000/_next/static/chunks/node_modules_next_dist_1e8vcs8._.js:776
[ 2991119ms] [LOG] [Fast Refresh] done in 599ms @ http://localhost:3000/_next/static/chunks/node_modules_next_dist_1e8vcs8._.js:776
[ 2991182ms] [LOG] [Fast Refresh] done in 599ms @ http://localhost:3000/_next/static/chunks/node_modules_next_dist_1e8vcs8._.js:776
[ 2991246ms] [LOG] [Fast Refresh] done in 599ms @ http://localhost:3000/_next/static/chunks/node_modules_next_dist_1e8vcs8._.js:776
[ 2991310ms] [LOG] [Fast Refresh] done in 599ms @ http://localhost:3000/_next/static/chunks/node_modules_next_dist_1e8vcs8._.js:776
[ 2991370ms] [LOG] [Fast Refresh] done in 599ms @ http://localhost:3000/_next/static/chunks/node_modules_next_dist_1e8vcs8._.js:776
[ 2991433ms] [LOG] [Fast Refresh] done in 599ms @ http://localhost:3000/_next/static/chunks/node_modules_next_dist_1e8vcs8._.js:776
[ 2991496ms] [LOG] [Fast Refresh] done in 599ms @ http://localhost:3000/_next/static/chunks/node_modules_next_dist_1e8vcs8._.js:776
[ 2991560ms] [LOG] [Fast Refresh] done in 599ms @ http://localhost:3000/_next/static/chunks/node_modules_next_dist_1e8vcs8._.js:776
[ 2991620ms] [LOG] [Fast Refresh] done in 599ms @ http://localhost:3000/_next/static/chunks/node_modules_next_dist_1e8vcs8._.js:776
[ 2991683ms] [LOG] [Fast Refresh] done in 599ms @ http://localhost:3000/_next/static/chunks/node_modules_next_dist_1e8vcs8._.js:776
[ 2991731ms] [LOG] [Fast Refresh] done in 599ms @ http://localhost:3000/_next/static/chunks/node_modules_next_dist_1e8vcs8._.js:776
[ 2991795ms] [LOG] [Fast Refresh] done in 599ms @ http://localhost:3000/_next/static/chunks/node_modules_next_dist_1e8vcs8._.js:776
[ 2991860ms] [LOG] [Fast Refresh] done in 599ms @ http://localhost:3000/_next/static/chunks/node_modules_next_dist_1e8vcs8._.js:776
[ 2991920ms] [LOG] [Fast Refresh] done in 599ms @ http://localhost:3000/_next/static/chunks/node_modules_next_dist_1e8vcs8._.js:776
[ 2991983ms] [LOG] [Fast Refresh] done in 599ms @ http://localhost:3000/_next/static/chunks/node_modules_next_dist_1e8vcs8._.js:776
[ 2992045ms] [LOG] [Fast Refresh] done in 599ms @ http://localhost:3000/_next/static/chunks/node_modules_next_dist_1e8vcs8._.js:776
[ 2992106ms] [LOG] [Fast Refresh] done in 599ms @ http://localhost:3000/_next/static/chunks/node_modules_next_dist_1e8vcs8._.js:776
[ 2992168ms] [LOG] [Fast Refresh] done in 599ms @ http://localhost:3000/_next/static/chunks/node_modules_next_dist_1e8vcs8._.js:776
[ 2992230ms] [LOG] [Fast Refresh] done in 599ms @ http://localhost:3000/_next/static/chunks/node_modules_next_dist_1e8vcs8._.js:776
[ 2992294ms] [LOG] [Fast Refresh] done in 599ms @ http://localhost:3000/_next/static/chunks/node_modules_next_dist_1e8vcs8._.js:776
[ 2992360ms] [LOG] [Fast Refresh] done in 599ms @ http://localhost:3000/_next/static/chunks/node_modules_next_dist_1e8vcs8._.js:776
[ 2992420ms] [LOG] [Fast Refresh] done in 599ms @ http://localhost:3000/_next/static/chunks/node_modules_next_dist_1e8vcs8._.js:776
[ 2992482ms] [LOG] [Fast Refresh] done in 599ms @ http://localhost:3000/_next/static/chunks/node_modules_next_dist_1e8vcs8._.js:776
[ 2992545ms] [LOG] [Fast Refresh] done in 599ms @ http://localhost:3000/_next/static/chunks/node_modules_next_dist_1e8vcs8._.js:776
[ 2992606ms] [LOG] [Fast Refresh] done in 599ms @ http://localhost:3000/_next/static/chunks/node_modules_next_dist_1e8vcs8._.js:776
[ 2992667ms] [LOG] [Fast Refresh] done in 599ms @ http://localhost:3000/_next/static/chunks/node_modules_next_dist_1e8vcs8._.js:776
[ 2992729ms] [LOG] [Fast Refresh] done in 599ms @ http://localhost:3000/_next/static/chunks/node_modules_next_dist_1e8vcs8._.js:776
[ 2992792ms] [LOG] [Fast Refresh] done in 599ms @ http://localhost:3000/_next/static/chunks/node_modules_next_dist_1e8vcs8._.js:776
[ 2992852ms] [LOG] [Fast Refresh] done in 599ms @ http://localhost:3000/_next/static/chunks/node_modules_next_dist_1e8vcs8._.js:776
[ 2992915ms] [LOG] [Fast Refresh] done in 599ms @ http://localhost:3000/_next/static/chunks/node_modules_next_dist_1e8vcs8._.js:776
[ 2992979ms] [LOG] [Fast Refresh] done in 599ms @ http://localhost:3000/_next/static/chunks/node_modules_next_dist_1e8vcs8._.js:776
[ 2993042ms] [LOG] [Fast Refresh] done in 599ms @ http://localhost:3000/_next/static/chunks/node_modules_next_dist_1e8vcs8._.js:776
[ 2993104ms] [LOG] [Fast Refresh] done in 599ms @ http://localhost:3000/_next/static/chunks/node_modules_next_dist_1e8vcs8._.js:776
[ 2993166ms] [LOG] [Fast Refresh] done in 599ms @ http://localhost:3000/_next/static/chunks/node_modules_next_dist_1e8vcs8._.js:776
[ 2993230ms] [LOG] [Fast Refresh] done in 599ms @ http://localhost:3000/_next/static/chunks/node_modules_next_dist_1e8vcs8._.js:776
[ 2993293ms] [LOG] [Fast Refresh] done in 599ms @ http://localhost:3000/_next/static/chunks/node_modules_next_dist_1e8vcs8._.js:776
[ 2993353ms] [LOG] [Fast Refresh] done in 599ms @ http://localhost:3000/_next/static/chunks/node_modules_next_dist_1e8vcs8._.js:776
[ 2993418ms] [LOG] [Fast Refresh] done in 599ms @ http://localhost:3000/_next/static/chunks/node_modules_next_dist_1e8vcs8._.js:776
[ 2993481ms] [LOG] [Fast Refresh] done in 599ms @ http://localhost:3000/_next/static/chunks/node_modules_next_dist_1e8vcs8._.js:776
[ 2993544ms] [LOG] [Fast Refresh] done in 599ms @ http://localhost:3000/_next/static/chunks/node_modules_next_dist_1e8vcs8._.js:776
[ 2993605ms] [LOG] [Fast Refresh] done in 599ms @ http://localhost:3000/_next/static/chunks/node_modules_next_dist_1e8vcs8._.js:776
[ 2993667ms] [LOG] [Fast Refresh] done in 599ms @ http://localhost:3000/_next/static/chunks/node_modules_next_dist_1e8vcs8._.js:776
[ 2993730ms] [LOG] [Fast Refresh] done in 599ms @ http://localhost:3000/_next/static/chunks/node_modules_next_dist_1e8vcs8._.js:776
[ 2993794ms] [LOG] [Fast Refresh] done in 599ms @ http://localhost:3000/_next/static/chunks/node_modules_next_dist_1e8vcs8._.js:776
[ 2993855ms] [LOG] [Fast Refresh] done in 599ms @ http://localhost:3000/_next/static/chunks/node_modules_next_dist_1e8vcs8._.js:776
[ 2993918ms] [LOG] [Fast Refresh] done in 599ms @ http://localhost:3000/_next/static/chunks/node_modules_next_dist_1e8vcs8._.js:776
[ 2993966ms] [LOG] [Fast Refresh] done in 599ms @ http://localhost:3000/_next/static/chunks/node_modules_next_dist_1e8vcs8._.js:776
[ 2994029ms] [LOG] [Fast Refresh] done in 599ms @ http://localhost:3000/_next/static/chunks/node_modules_next_dist_1e8vcs8._.js:776
[ 2994090ms] [LOG] [Fast Refresh] done in 599ms @ http://localhost:3000/_next/static/chunks/node_modules_next_dist_1e8vcs8._.js:776
[ 2994152ms] [LOG] [Fast Refresh] done in 599ms @ http://localhost:3000/_next/static/chunks/node_modules_next_dist_1e8vcs8._.js:776
[ 2994215ms] [LOG] [Fast Refresh] done in 599ms @ http://localhost:3000/_next/static/chunks/node_modules_next_dist_1e8vcs8._.js:776
[ 2994278ms] [LOG] [Fast Refresh] done in 599ms @ http://localhost:3000/_next/static/chunks/node_modules_next_dist_1e8vcs8._.js:776
[ 2994338ms] [LOG] [Fast Refresh] done in 599ms @ http://localhost:3000/_next/static/chunks/node_modules_next_dist_1e8vcs8._.js:776
[ 2994401ms] [LOG] [Fast Refresh] done in 599ms @ http://localhost:3000/_next/static/chunks/node_modules_next_dist_1e8vcs8._.js:776
[ 2994463ms] [LOG] [Fast Refresh] done in 599ms @ http://localhost:3000/_next/static/chunks/node_modules_next_dist_1e8vcs8._.js:776
[ 2994527ms] [LOG] [Fast Refresh] done in 599ms @ http://localhost:3000/_next/static/chunks/node_modules_next_dist_1e8vcs8._.js:776
[ 2994587ms] [LOG] [Fast Refresh] done in 599ms @ http://localhost:3000/_next/static/chunks/node_modules_next_dist_1e8vcs8._.js:776
[ 2994650ms] [LOG] [Fast Refresh] done in 599ms @ http://localhost:3000/_next/static/chunks/node_modules_next_dist_1e8vcs8._.js:776
[ 2994714ms] [LOG] [Fast Refresh] done in 599ms @ http://localhost:3000/_next/static/chunks/node_modules_next_dist_1e8vcs8._.js:776
[ 2994778ms] [LOG] [Fast Refresh] done in 599ms @ http://localhost:3000/_next/static/chunks/node_modules_next_dist_1e8vcs8._.js:776
[ 2994837ms] [LOG] [Fast Refresh] done in 599ms @ http://localhost:3000/_next/static/chunks/node_modules_next_dist_1e8vcs8._.js:776
[ 2994901ms] [LOG] [Fast Refresh] done in 599ms @ http://localhost:3000/_next/static/chunks/node_modules_next_dist_1e8vcs8._.js:776
[ 2994964ms] [LOG] [Fast Refresh] done in 599ms @ http://localhost:3000/_next/static/chunks/node_modules_next_dist_1e8vcs8._.js:776
[ 2995027ms] [LOG] [Fast Refresh] done in 599ms @ http://localhost:3000/_next/static/chunks/node_modules_next_dist_1e8vcs8._.js:776
[ 2995090ms] [LOG] [Fast Refresh] done in 599ms @ http://localhost:3000/_next/static/chunks/node_modules_next_dist_1e8vcs8._.js:776
[ 2995154ms] [LOG] [Fast Refresh] done in 599ms @ http://localhost:3000/_next/static/chunks/node_modules_next_dist_1e8vcs8._.js:776
[ 2995217ms] [LOG] [Fast Refresh] done in 599ms @ http://localhost:3000/_next/static/chunks/node_modules_next_dist_1e8vcs8._.js:776
[ 2995281ms] [LOG] [Fast Refresh] done in 599ms @ http://localhost:3000/_next/static/chunks/node_modules_next_dist_1e8vcs8._.js:776
[ 2995344ms] [LOG] [Fast Refresh] done in 599ms @ http://localhost:3000/_next/static/chunks/node_modules_next_dist_1e8vcs8._.js:776
[ 2995405ms] [LOG] [Fast Refresh] done in 599ms @ http://localhost:3000/_next/static/chunks/node_modules_next_dist_1e8vcs8._.js:776
[ 2995468ms] [LOG] [Fast Refresh] done in 599ms @ http://localhost:3000/_next/static/chunks/node_modules_next_dist_1e8vcs8._.js:776
[ 2995531ms] [LOG] [Fast Refresh] done in 599ms @ http://localhost:3000/_next/static/chunks/node_modules_next_dist_1e8vcs8._.js:776
[ 2995595ms] [LOG] [Fast Refresh] done in 599ms @ http://localhost:3000/_next/static/chunks/node_modules_next_dist_1e8vcs8._.js:776
[ 2995661ms] [LOG] [Fast Refresh] done in 599ms @ http://localhost:3000/_next/static/chunks/node_modules_next_dist_1e8vcs8._.js:776
[ 2995720ms] [LOG] [Fast Refresh] done in 599ms @ http://localhost:3000/_next/static/chunks/node_modules_next_dist_1e8vcs8._.js:776
[ 2995782ms] [LOG] [Fast Refresh] done in 599ms @ http://localhost:3000/_next/static/chunks/node_modules_next_dist_1e8vcs8._.js:776
[ 2995845ms] [LOG] [Fast Refresh] done in 599ms @ http://localhost:3000/_next/static/chunks/node_modules_next_dist_1e8vcs8._.js:776
[ 2995909ms] [LOG] [Fast Refresh] done in 599ms @ http://localhost:3000/_next/static/chunks/node_modules_next_dist_1e8vcs8._.js:776
[ 2995970ms] [LOG] [Fast Refresh] done in 599ms @ http://localhost:3000/_next/static/chunks/node_modules_next_dist_1e8vcs8._.js:776
[ 2996033ms] [LOG] [Fast Refresh] done in 599ms @ http://localhost:3000/_next/static/chunks/node_modules_next_dist_1e8vcs8._.js:776
[ 2996095ms] [LOG] [Fast Refresh] done in 599ms @ http://localhost:3000/_next/static/chunks/node_modules_next_dist_1e8vcs8._.js:776
[ 2996160ms] [LOG] [Fast Refresh] done in 599ms @ http://localhost:3000/_next/static/chunks/node_modules_next_dist_1e8vcs8._.js:776
[ 2996222ms] [LOG] [Fast Refresh] done in 599ms @ http://localhost:3000/_next/static/chunks/node_modules_next_dist_1e8vcs8._.js:776
[ 2996285ms] [LOG] [Fast Refresh] done in 599ms @ http://localhost:3000/_next/static/chunks/node_modules_next_dist_1e8vcs8._.js:776
[ 2996347ms] [LOG] [Fast Refresh] done in 599ms @ http://localhost:3000/_next/static/chunks/node_modules_next_dist_1e8vcs8._.js:776
[ 2996410ms] [LOG] [Fast Refresh] done in 599ms @ http://localhost:3000/_next/static/chunks/node_modules_next_dist_1e8vcs8._.js:776
[ 2996472ms] [LOG] [Fast Refresh] done in 599ms @ http://localhost:3000/_next/static/chunks/node_modules_next_dist_1e8vcs8._.js:776
[ 2996533ms] [LOG] [Fast Refresh] done in 599ms @ http://localhost:3000/_next/static/chunks/node_modules_next_dist_1e8vcs8._.js:776
[ 2996598ms] [LOG] [Fast Refresh] done in 599ms @ http://localhost:3000/_next/static/chunks/node_modules_next_dist_1e8vcs8._.js:776
[ 2996660ms] [LOG] [Fast Refresh] done in 599ms @ http://localhost:3000/_next/static/chunks/node_modules_next_dist_1e8vcs8._.js:776
[ 2996720ms] [LOG] [Fast Refresh] done in 599ms @ http://localhost:3000/_next/static/chunks/node_modules_next_dist_1e8vcs8._.js:776
[ 2996782ms] [LOG] [Fast Refresh] done in 599ms @ http://localhost:3000/_next/static/chunks/node_modules_next_dist_1e8vcs8._.js:776
[ 2996845ms] [LOG] [Fast Refresh] done in 599ms @ http://localhost:3000/_next/static/chunks/node_modules_next_dist_1e8vcs8._.js:776
[ 2996908ms] [LOG] [Fast Refresh] done in 599ms @ http://localhost:3000/_next/static/chunks/node_modules_next_dist_1e8vcs8._.js:776
[ 2996970ms] [LOG] [Fast Refresh] done in 599ms @ http://localhost:3000/_next/static/chunks/node_modules_next_dist_1e8vcs8._.js:776
[ 2997032ms] [LOG] [Fast Refresh] done in 599ms @ http://localhost:3000/_next/static/chunks/node_modules_next_dist_1e8vcs8._.js:776
[ 2997095ms] [LOG] [Fast Refresh] done in 599ms @ http://localhost:3000/_next/static/chunks/node_modules_next_dist_1e8vcs8._.js:776
[ 2997156ms] [LOG] [Fast Refresh] done in 599ms @ http://localhost:3000/_next/static/chunks/node_modules_next_dist_1e8vcs8._.js:776
[ 2997219ms] [LOG] [Fast Refresh] done in 599ms @ http://localhost:3000/_next/static/chunks/node_modules_next_dist_1e8vcs8._.js:776
[ 2997282ms] [LOG] [Fast Refresh] done in 599ms @ http://localhost:3000/_next/static/chunks/node_modules_next_dist_1e8vcs8._.js:776
[ 2997346ms] [LOG] [Fast Refresh] done in 599ms @ http://localhost:3000/_next/static/chunks/node_modules_next_dist_1e8vcs8._.js:776
[ 2997410ms] [LOG] [Fast Refresh] done in 599ms @ http://localhost:3000/_next/static/chunks/node_modules_next_dist_1e8vcs8._.js:776
[ 2997472ms] [LOG] [Fast Refresh] done in 599ms @ http://localhost:3000/_next/static/chunks/node_modules_next_dist_1e8vcs8._.js:776
[ 2997532ms] [LOG] [Fast Refresh] done in 599ms @ http://localhost:3000/_next/static/chunks/node_modules_next_dist_1e8vcs8._.js:776
[ 2997595ms] [LOG] [Fast Refresh] done in 599ms @ http://localhost:3000/_next/static/chunks/node_modules_next_dist_1e8vcs8._.js:776
[ 2997659ms] [LOG] [Fast Refresh] done in 599ms @ http://localhost:3000/_next/static/chunks/node_modules_next_dist_1e8vcs8._.js:776
[ 2997718ms] [LOG] [Fast Refresh] done in 599ms @ http://localhost:3000/_next/static/chunks/node_modules_next_dist_1e8vcs8._.js:776
[ 2997782ms] [LOG] [Fast Refresh] done in 599ms @ http://localhost:3000/_next/static/chunks/node_modules_next_dist_1e8vcs8._.js:776
[ 2997846ms] [LOG] [Fast Refresh] done in 599ms @ http://localhost:3000/_next/static/chunks/node_modules_next_dist_1e8vcs8._.js:776
[ 2997910ms] [LOG] [Fast Refresh] done in 599ms @ http://localhost:3000/_next/static/chunks/node_modules_next_dist_1e8vcs8._.js:776
[ 2997972ms] [LOG] [Fast Refresh] done in 599ms @ http://localhost:3000/_next/static/chunks/node_modules_next_dist_1e8vcs8._.js:776
[ 2998033ms] [LOG] [Fast Refresh] done in 599ms @ http://localhost:3000/_next/static/chunks/node_modules_next_dist_1e8vcs8._.js:776
[ 2998097ms] [LOG] [Fast Refresh] done in 599ms @ http://localhost:3000/_next/static/chunks/node_modules_next_dist_1e8vcs8._.js:776
[ 2998161ms] [LOG] [Fast Refresh] done in 599ms @ http://localhost:3000/_next/static/chunks/node_modules_next_dist_1e8vcs8._.js:776
[ 2998226ms] [LOG] [Fast Refresh] done in 599ms @ http://localhost:3000/_next/static/chunks/node_modules_next_dist_1e8vcs8._.js:776
[ 2998287ms] [LOG] [Fast Refresh] done in 599ms @ http://localhost:3000/_next/static/chunks/node_modules_next_dist_1e8vcs8._.js:776
[ 2998350ms] [LOG] [Fast Refresh] done in 599ms @ http://localhost:3000/_next/static/chunks/node_modules_next_dist_1e8vcs8._.js:776
[ 2998413ms] [LOG] [Fast Refresh] done in 599ms @ http://localhost:3000/_next/static/chunks/node_modules_next_dist_1e8vcs8._.js:776
[ 2998475ms] [LOG] [Fast Refresh] done in 599ms @ http://localhost:3000/_next/static/chunks/node_modules_next_dist_1e8vcs8._.js:776
[ 2998537ms] [LOG] [Fast Refresh] done in 599ms @ http://localhost:3000/_next/static/chunks/node_modules_next_dist_1e8vcs8._.js:776
[ 2998600ms] [LOG] [Fast Refresh] done in 599ms @ http://localhost:3000/_next/static/chunks/node_modules_next_dist_1e8vcs8._.js:776
[ 2998663ms] [LOG] [Fast Refresh] done in 599ms @ http://localhost:3000/_next/static/chunks/node_modules_next_dist_1e8vcs8._.js:776
[ 2998728ms] [LOG] [Fast Refresh] done in 599ms @ http://localhost:3000/_next/static/chunks/node_modules_next_dist_1e8vcs8._.js:776
[ 2998787ms] [LOG] [Fast Refresh] done in 599ms @ http://localhost:3000/_next/static/chunks/node_modules_next_dist_1e8vcs8._.js:776
[ 2998849ms] [LOG] [Fast Refresh] done in 599ms @ http://localhost:3000/_next/static/chunks/node_modules_next_dist_1e8vcs8._.js:776
[ 2998914ms] [LOG] [Fast Refresh] done in 599ms @ http://localhost:3000/_next/static/chunks/node_modules_next_dist_1e8vcs8._.js:776
[ 2998979ms] [LOG] [Fast Refresh] done in 599ms @ http://localhost:3000/_next/static/chunks/node_modules_next_dist_1e8vcs8._.js:776
[ 2999037ms] [LOG] [Fast Refresh] done in 599ms @ http://localhost:3000/_next/static/chunks/node_modules_next_dist_1e8vcs8._.js:776
[ 2999100ms] [LOG] [Fast Refresh] done in 599ms @ http://localhost:3000/_next/static/chunks/node_modules_next_dist_1e8vcs8._.js:776
[ 2999163ms] [LOG] [Fast Refresh] done in 599ms @ http://localhost:3000/_next/static/chunks/node_modules_next_dist_1e8vcs8._.js:776
[ 2999225ms] [LOG] [Fast Refresh] done in 599ms @ http://localhost:3000/_next/static/chunks/node_modules_next_dist_1e8vcs8._.js:776
[ 2999285ms] [LOG] [Fast Refresh] done in 599ms @ http://localhost:3000/_next/static/chunks/node_modules_next_dist_1e8vcs8._.js:776
[ 2999369ms] [LOG] [Fast Refresh] done in 599ms @ http://localhost:3000/_next/static/chunks/node_modules_next_dist_1e8vcs8._.js:776
[ 2999445ms] [LOG] [Fast Refresh] done in 599ms @ http://localhost:3000/_next/static/chunks/node_modules_next_dist_1e8vcs8._.js:776
[ 2999504ms] [LOG] [Fast Refresh] done in 599ms @ http://localhost:3000/_next/static/chunks/node_modules_next_dist_1e8vcs8._.js:776
[ 2999567ms] [LOG] [Fast Refresh] done in 599ms @ http://localhost:3000/_next/static/chunks/node_modules_next_dist_1e8vcs8._.js:776
[ 2999631ms] [LOG] [Fast Refresh] done in 599ms @ http://localhost:3000/_next/static/chunks/node_modules_next_dist_1e8vcs8._.js:776
[ 2999694ms] [LOG] [Fast Refresh] done in 599ms @ http://localhost:3000/_next/static/chunks/node_modules_next_dist_1e8vcs8._.js:776
[ 2999754ms] [LOG] [Fast Refresh] done in 599ms @ http://localhost:3000/_next/static/chunks/node_modules_next_dist_1e8vcs8._.js:776
[ 2999818ms] [LOG] [Fast Refresh] done in 599ms @ http://localhost:3000/_next/static/chunks/node_modules_next_dist_1e8vcs8._.js:776
[ 2999880ms] [LOG] [Fast Refresh] done in 599ms @ http://localhost:3000/_next/static/chunks/node_modules_next_dist_1e8vcs8._.js:776
[ 2999943ms] [LOG] [Fast Refresh] done in 599ms @ http://localhost:3000/_next/static/chunks/node_modules_next_dist_1e8vcs8._.js:776
[ 3000004ms] [LOG] [Fast Refresh] done in 599ms @ http://localhost:3000/_next/static/chunks/node_modules_next_dist_1e8vcs8._.js:776
[ 3000066ms] [LOG] [Fast Refresh] done in 599ms @ http://localhost:3000/_next/static/chunks/node_modules_next_dist_1e8vcs8._.js:776
[ 3000128ms] [LOG] [Fast Refresh] done in 599ms @ http://localhost:3000/_next/static/chunks/node_modules_next_dist_1e8vcs8._.js:776
[ 3000193ms] [LOG] [Fast Refresh] done in 599ms @ http://localhost:3000/_next/static/chunks/node_modules_next_dist_1e8vcs8._.js:776
[ 3000312ms] [LOG] [Fast Refresh] done in 599ms @ http://localhost:3000/_next/static/chunks/node_modules_next_dist_1e8vcs8._.js:776
[ 3000364ms] [LOG] [Fast Refresh] done in 599ms @ http://localhost:3000/_next/static/chunks/node_modules_next_dist_1e8vcs8._.js:776
[ 3000428ms] [LOG] [Fast Refresh] done in 599ms @ http://localhost:3000/_next/static/chunks/node_modules_next_dist_1e8vcs8._.js:776
[ 3000488ms] [LOG] [Fast Refresh] done in 599ms @ http://localhost:3000/_next/static/chunks/node_modules_next_dist_1e8vcs8._.js:776
[ 3000551ms] [LOG] [Fast Refresh] done in 599ms @ http://localhost:3000/_next/static/chunks/node_modules_next_dist_1e8vcs8._.js:776
[ 3000615ms] [LOG] [Fast Refresh] done in 599ms @ http://localhost:3000/_next/static/chunks/node_modules_next_dist_1e8vcs8._.js:776
[ 3000677ms] [LOG] [Fast Refresh] done in 599ms @ http://localhost:3000/_next/static/chunks/node_modules_next_dist_1e8vcs8._.js:776
[ 3000742ms] [LOG] [Fast Refresh] done in 599ms @ http://localhost:3000/_next/static/chunks/node_modules_next_dist_1e8vcs8._.js:776
[ 3000802ms] [LOG] [Fast Refresh] done in 599ms @ http://localhost:3000/_next/static/chunks/node_modules_next_dist_1e8vcs8._.js:776
[ 3000864ms] [LOG] [Fast Refresh] done in 599ms @ http://localhost:3000/_next/static/chunks/node_modules_next_dist_1e8vcs8._.js:776
[ 3000928ms] [LOG] [Fast Refresh] done in 599ms @ http://localhost:3000/_next/static/chunks/node_modules_next_dist_1e8vcs8._.js:776
[ 3000987ms] [LOG] [Fast Refresh] done in 599ms @ http://localhost:3000/_next/static/chunks/node_modules_next_dist_1e8vcs8._.js:776
[ 3001050ms] [LOG] [Fast Refresh] done in 599ms @ http://localhost:3000/_next/static/chunks/node_modules_next_dist_1e8vcs8._.js:776
[ 3001114ms] [LOG] [Fast Refresh] done in 599ms @ http://localhost:3000/_next/static/chunks/node_modules_next_dist_1e8vcs8._.js:776
[ 3001178ms] [LOG] [Fast Refresh] done in 599ms @ http://localhost:3000/_next/static/chunks/node_modules_next_dist_1e8vcs8._.js:776
[ 3001239ms] [LOG] [Fast Refresh] done in 599ms @ http://localhost:3000/_next/static/chunks/node_modules_next_dist_1e8vcs8._.js:776
[ 3001347ms] [LOG] [Fast Refresh] done in 599ms @ http://localhost:3000/_next/static/chunks/node_modules_next_dist_1e8vcs8._.js:776
[ 3001411ms] [LOG] [Fast Refresh] done in 599ms @ http://localhost:3000/_next/static/chunks/node_modules_next_dist_1e8vcs8._.js:776
[ 3001470ms] [LOG] [Fast Refresh] done in 599ms @ http://localhost:3000/_next/static/chunks/node_modules_next_dist_1e8vcs8._.js:776
[ 3001531ms] [LOG] [Fast Refresh] done in 599ms @ http://localhost:3000/_next/static/chunks/node_modules_next_dist_1e8vcs8._.js:776
[ 3001596ms] [LOG] [Fast Refresh] done in 599ms @ http://localhost:3000/_next/static/chunks/node_modules_next_dist_1e8vcs8._.js:776
[ 3001659ms] [LOG] [Fast Refresh] done in 599ms @ http://localhost:3000/_next/static/chunks/node_modules_next_dist_1e8vcs8._.js:776
[ 3001721ms] [LOG] [Fast Refresh] done in 599ms @ http://localhost:3000/_next/static/chunks/node_modules_next_dist_1e8vcs8._.js:776
[ 3001785ms] [LOG] [Fast Refresh] done in 599ms @ http://localhost:3000/_next/static/chunks/node_modules_next_dist_1e8vcs8._.js:776
[ 3001848ms] [LOG] [Fast Refresh] done in 599ms @ http://localhost:3000/_next/static/chunks/node_modules_next_dist_1e8vcs8._.js:776
[ 3001910ms] [LOG] [Fast Refresh] done in 599ms @ http://localhost:3000/_next/static/chunks/node_modules_next_dist_1e8vcs8._.js:776
[ 3001972ms] [LOG] [Fast Refresh] done in 599ms @ http://localhost:3000/_next/static/chunks/node_modules_next_dist_1e8vcs8._.js:776
[ 3002036ms] [LOG] [Fast Refresh] done in 599ms @ http://localhost:3000/_next/static/chunks/node_modules_next_dist_1e8vcs8._.js:776
[ 3002099ms] [LOG] [Fast Refresh] done in 599ms @ http://localhost:3000/_next/static/chunks/node_modules_next_dist_1e8vcs8._.js:776
[ 3002163ms] [LOG] [Fast Refresh] done in 599ms @ http://localhost:3000/_next/static/chunks/node_modules_next_dist_1e8vcs8._.js:776
[ 3002227ms] [LOG] [Fast Refresh] done in 599ms @ http://localhost:3000/_next/static/chunks/node_modules_next_dist_1e8vcs8._.js:776
[ 3002288ms] [LOG] [Fast Refresh] done in 599ms @ http://localhost:3000/_next/static/chunks/node_modules_next_dist_1e8vcs8._.js:776
[ 3002350ms] [LOG] [Fast Refresh] done in 599ms @ http://localhost:3000/_next/static/chunks/node_modules_next_dist_1e8vcs8._.js:776
[ 3002414ms] [LOG] [Fast Refresh] done in 599ms @ http://localhost:3000/_next/static/chunks/node_modules_next_dist_1e8vcs8._.js:776
[ 3002476ms] [LOG] [Fast Refresh] done in 599ms @ http://localhost:3000/_next/static/chunks/node_modules_next_dist_1e8vcs8._.js:776
[ 3002535ms] [LOG] [Fast Refresh] done in 599ms @ http://localhost:3000/_next/static/chunks/node_modules_next_dist_1e8vcs8._.js:776
[ 3002598ms] [LOG] [Fast Refresh] done in 599ms @ http://localhost:3000/_next/static/chunks/node_modules_next_dist_1e8vcs8._.js:776
[ 3002661ms] [LOG] [Fast Refresh] done in 599ms @ http://localhost:3000/_next/static/chunks/node_modules_next_dist_1e8vcs8._.js:776
[ 3002725ms] [LOG] [Fast Refresh] done in 599ms @ http://localhost:3000/_next/static/chunks/node_modules_next_dist_1e8vcs8._.js:776
[ 3002783ms] [LOG] [Fast Refresh] done in 599ms @ http://localhost:3000/_next/static/chunks/node_modules_next_dist_1e8vcs8._.js:776
[ 3002847ms] [LOG] [Fast Refresh] done in 599ms @ http://localhost:3000/_next/static/chunks/node_modules_next_dist_1e8vcs8._.js:776
[ 3002910ms] [LOG] [Fast Refresh] done in 599ms @ http://localhost:3000/_next/static/chunks/node_modules_next_dist_1e8vcs8._.js:776
[ 3002971ms] [LOG] [Fast Refresh] done in 599ms @ http://localhost:3000/_next/static/chunks/node_modules_next_dist_1e8vcs8._.js:776
[ 3003033ms] [LOG] [Fast Refresh] done in 599ms @ http://localhost:3000/_next/static/chunks/node_modules_next_dist_1e8vcs8._.js:776
[ 3003096ms] [LOG] [Fast Refresh] done in 599ms @ http://localhost:3000/_next/static/chunks/node_modules_next_dist_1e8vcs8._.js:776
[ 3003160ms] [LOG] [Fast Refresh] done in 599ms @ http://localhost:3000/_next/static/chunks/node_modules_next_dist_1e8vcs8._.js:776
[ 3003221ms] [LOG] [Fast Refresh] done in 599ms @ http://localhost:3000/_next/static/chunks/node_modules_next_dist_1e8vcs8._.js:776
[ 3003284ms] [LOG] [Fast Refresh] done in 599ms @ http://localhost:3000/_next/static/chunks/node_modules_next_dist_1e8vcs8._.js:776
[ 3003346ms] [LOG] [Fast Refresh] done in 599ms @ http://localhost:3000/_next/static/chunks/node_modules_next_dist_1e8vcs8._.js:776
[ 3003410ms] [LOG] [Fast Refresh] done in 599ms @ http://localhost:3000/_next/static/chunks/node_modules_next_dist_1e8vcs8._.js:776
[ 3003470ms] [LOG] [Fast Refresh] done in 599ms @ http://localhost:3000/_next/static/chunks/node_modules_next_dist_1e8vcs8._.js:776
[ 3003532ms] [LOG] [Fast Refresh] done in 599ms @ http://localhost:3000/_next/static/chunks/node_modules_next_dist_1e8vcs8._.js:776
[ 3003595ms] [LOG] [Fast Refresh] done in 599ms @ http://localhost:3000/_next/static/chunks/node_modules_next_dist_1e8vcs8._.js:776
[ 3003657ms] [LOG] [Fast Refresh] done in 599ms @ http://localhost:3000/_next/static/chunks/node_modules_next_dist_1e8vcs8._.js:776
[ 3003718ms] [LOG] [Fast Refresh] done in 599ms @ http://localhost:3000/_next/static/chunks/node_modules_next_dist_1e8vcs8._.js:776
[ 3003781ms] [LOG] [Fast Refresh] done in 599ms @ http://localhost:3000/_next/static/chunks/node_modules_next_dist_1e8vcs8._.js:776
[ 3003845ms] [LOG] [Fast Refresh] done in 599ms @ http://localhost:3000/_next/static/chunks/node_modules_next_dist_1e8vcs8._.js:776
[ 3003909ms] [LOG] [Fast Refresh] done in 599ms @ http://localhost:3000/_next/static/chunks/node_modules_next_dist_1e8vcs8._.js:776
[ 3003969ms] [LOG] [Fast Refresh] done in 599ms @ http://localhost:3000/_next/static/chunks/node_modules_next_dist_1e8vcs8._.js:776
[ 3004032ms] [LOG] [Fast Refresh] done in 599ms @ http://localhost:3000/_next/static/chunks/node_modules_next_dist_1e8vcs8._.js:776
[ 3004095ms] [LOG] [Fast Refresh] done in 599ms @ http://localhost:3000/_next/static/chunks/node_modules_next_dist_1e8vcs8._.js:776
[ 3004156ms] [LOG] [Fast Refresh] done in 599ms @ http://localhost:3000/_next/static/chunks/node_modules_next_dist_1e8vcs8._.js:776
[ 3004219ms] [LOG] [Fast Refresh] done in 599ms @ http://localhost:3000/_next/static/chunks/node_modules_next_dist_1e8vcs8._.js:776
[ 3004281ms] [LOG] [Fast Refresh] done in 599ms @ http://localhost:3000/_next/static/chunks/node_modules_next_dist_1e8vcs8._.js:776
[ 3004344ms] [LOG] [Fast Refresh] done in 599ms @ http://localhost:3000/_next/static/chunks/node_modules_next_dist_1e8vcs8._.js:776
[ 3004406ms] [LOG] [Fast Refresh] done in 599ms @ http://localhost:3000/_next/static/chunks/node_modules_next_dist_1e8vcs8._.js:776
[ 3004469ms] [LOG] [Fast Refresh] done in 599ms @ http://localhost:3000/_next/static/chunks/node_modules_next_dist_1e8vcs8._.js:776
[ 3004531ms] [LOG] [Fast Refresh] done in 599ms @ http://localhost:3000/_next/static/chunks/node_modules_next_dist_1e8vcs8._.js:776
[ 3004594ms] [LOG] [Fast Refresh] done in 599ms @ http://localhost:3000/_next/static/chunks/node_modules_next_dist_1e8vcs8._.js:776
[ 3004657ms] [LOG] [Fast Refresh] done in 599ms @ http://localhost:3000/_next/static/chunks/node_modules_next_dist_1e8vcs8._.js:776
[ 3004718ms] [LOG] [Fast Refresh] done in 599ms @ http://localhost:3000/_next/static/chunks/node_modules_next_dist_1e8vcs8._.js:776
[ 3004781ms] [LOG] [Fast Refresh] done in 599ms @ http://localhost:3000/_next/static/chunks/node_modules_next_dist_1e8vcs8._.js:776
[ 3004844ms] [LOG] [Fast Refresh] done in 599ms @ http://localhost:3000/_next/static/chunks/node_modules_next_dist_1e8vcs8._.js:776
[ 3004905ms] [LOG] [Fast Refresh] done in 599ms @ http://localhost:3000/_next/static/chunks/node_modules_next_dist_1e8vcs8._.js:776
[ 3004968ms] [LOG] [Fast Refresh] done in 599ms @ http://localhost:3000/_next/static/chunks/node_modules_next_dist_1e8vcs8._.js:776
[ 3005031ms] [LOG] [Fast Refresh] done in 599ms @ http://localhost:3000/_next/static/chunks/node_modules_next_dist_1e8vcs8._.js:776
[ 3005094ms] [LOG] [Fast Refresh] done in 599ms @ http://localhost:3000/_next/static/chunks/node_modules_next_dist_1e8vcs8._.js:776
[ 3005155ms] [LOG] [Fast Refresh] done in 599ms @ http://localhost:3000/_next/static/chunks/node_modules_next_dist_1e8vcs8._.js:776
[ 3005218ms] [LOG] [Fast Refresh] done in 599ms @ http://localhost:3000/_next/static/chunks/node_modules_next_dist_1e8vcs8._.js:776
[ 3005281ms] [LOG] [Fast Refresh] done in 599ms @ http://localhost:3000/_next/static/chunks/node_modules_next_dist_1e8vcs8._.js:776
[ 3005344ms] [LOG] [Fast Refresh] done in 599ms @ http://localhost:3000/_next/static/chunks/node_modules_next_dist_1e8vcs8._.js:776
[ 3005406ms] [LOG] [Fast Refresh] done in 599ms @ http://localhost:3000/_next/static/chunks/node_modules_next_dist_1e8vcs8._.js:776
[ 3005468ms] [LOG] [Fast Refresh] done in 599ms @ http://localhost:3000/_next/static/chunks/node_modules_next_dist_1e8vcs8._.js:776
[ 3005530ms] [LOG] [Fast Refresh] done in 599ms @ http://localhost:3000/_next/static/chunks/node_modules_next_dist_1e8vcs8._.js:776
[ 3005592ms] [LOG] [Fast Refresh] done in 599ms @ http://localhost:3000/_next/static/chunks/node_modules_next_dist_1e8vcs8._.js:776
[ 3005653ms] [LOG] [Fast Refresh] done in 599ms @ http://localhost:3000/_next/static/chunks/node_modules_next_dist_1e8vcs8._.js:776
[ 3005715ms] [LOG] [Fast Refresh] done in 599ms @ http://localhost:3000/_next/static/chunks/node_modules_next_dist_1e8vcs8._.js:776
[ 3005779ms] [LOG] [Fast Refresh] done in 599ms @ http://localhost:3000/_next/static/chunks/node_modules_next_dist_1e8vcs8._.js:776
[ 3005843ms] [LOG] [Fast Refresh] done in 599ms @ http://localhost:3000/_next/static/chunks/node_modules_next_dist_1e8vcs8._.js:776
[ 3005905ms] [LOG] [Fast Refresh] done in 599ms @ http://localhost:3000/_next/static/chunks/node_modules_next_dist_1e8vcs8._.js:776
[ 3005968ms] [LOG] [Fast Refresh] done in 599ms @ http://localhost:3000/_next/static/chunks/node_modules_next_dist_1e8vcs8._.js:776
[ 3006032ms] [LOG] [Fast Refresh] done in 599ms @ http://localhost:3000/_next/static/chunks/node_modules_next_dist_1e8vcs8._.js:776
[ 3006094ms] [LOG] [Fast Refresh] done in 599ms @ http://localhost:3000/_next/static/chunks/node_modules_next_dist_1e8vcs8._.js:776
[ 3006158ms] [LOG] [Fast Refresh] done in 599ms @ http://localhost:3000/_next/static/chunks/node_modules_next_dist_1e8vcs8._.js:776
[ 3006218ms] [LOG] [Fast Refresh] done in 599ms @ http://localhost:3000/_next/static/chunks/node_modules_next_dist_1e8vcs8._.js:776
[ 3006282ms] [LOG] [Fast Refresh] done in 599ms @ http://localhost:3000/_next/static/chunks/node_modules_next_dist_1e8vcs8._.js:776
[ 3006345ms] [LOG] [Fast Refresh] done in 599ms @ http://localhost:3000/_next/static/chunks/node_modules_next_dist_1e8vcs8._.js:776
[ 3006410ms] [LOG] [Fast Refresh] done in 599ms @ http://localhost:3000/_next/static/chunks/node_modules_next_dist_1e8vcs8._.js:776
[ 3006469ms] [LOG] [Fast Refresh] done in 599ms @ http://localhost:3000/_next/static/chunks/node_modules_next_dist_1e8vcs8._.js:776
[ 3006516ms] [LOG] [Fast Refresh] done in 599ms @ http://localhost:3000/_next/static/chunks/node_modules_next_dist_1e8vcs8._.js:776
[ 3006578ms] [LOG] [Fast Refresh] done in 599ms @ http://localhost:3000/_next/static/chunks/node_modules_next_dist_1e8vcs8._.js:776
[ 3006643ms] [LOG] [Fast Refresh] done in 599ms @ http://localhost:3000/_next/static/chunks/node_modules_next_dist_1e8vcs8._.js:776
[ 3006703ms] [LOG] [Fast Refresh] done in 599ms @ http://localhost:3000/_next/static/chunks/node_modules_next_dist_1e8vcs8._.js:776
[ 3006766ms] [LOG] [Fast Refresh] done in 599ms @ http://localhost:3000/_next/static/chunks/node_modules_next_dist_1e8vcs8._.js:776
[ 3006828ms] [LOG] [Fast Refresh] done in 599ms @ http://localhost:3000/_next/static/chunks/node_modules_next_dist_1e8vcs8._.js:776
[ 3006889ms] [LOG] [Fast Refresh] done in 599ms @ http://localhost:3000/_next/static/chunks/node_modules_next_dist_1e8vcs8._.js:776
[ 3006953ms] [LOG] [Fast Refresh] done in 599ms @ http://localhost:3000/_next/static/chunks/node_modules_next_dist_1e8vcs8._.js:776
[ 3007016ms] [LOG] [Fast Refresh] done in 599ms @ http://localhost:3000/_next/static/chunks/node_modules_next_dist_1e8vcs8._.js:776
[ 3007079ms] [LOG] [Fast Refresh] done in 599ms @ http://localhost:3000/_next/static/chunks/node_modules_next_dist_1e8vcs8._.js:776
[ 3007143ms] [LOG] [Fast Refresh] done in 599ms @ http://localhost:3000/_next/static/chunks/node_modules_next_dist_1e8vcs8._.js:776
[ 3007205ms] [LOG] [Fast Refresh] done in 599ms @ http://localhost:3000/_next/static/chunks/node_modules_next_dist_1e8vcs8._.js:776
[ 3007268ms] [LOG] [Fast Refresh] done in 599ms @ http://localhost:3000/_next/static/chunks/node_modules_next_dist_1e8vcs8._.js:776
[ 3007331ms] [LOG] [Fast Refresh] done in 599ms @ http://localhost:3000/_next/static/chunks/node_modules_next_dist_1e8vcs8._.js:776
[ 3007395ms] [LOG] [Fast Refresh] done in 599ms @ http://localhost:3000/_next/static/chunks/node_modules_next_dist_1e8vcs8._.js:776
[ 3007457ms] [LOG] [Fast Refresh] done in 599ms @ http://localhost:3000/_next/static/chunks/node_modules_next_dist_1e8vcs8._.js:776
[ 3007519ms] [LOG] [Fast Refresh] done in 599ms @ http://localhost:3000/_next/static/chunks/node_modules_next_dist_1e8vcs8._.js:776
[ 3007582ms] [LOG] [Fast Refresh] done in 599ms @ http://localhost:3000/_next/static/chunks/node_modules_next_dist_1e8vcs8._.js:776
[ 3007644ms] [LOG] [Fast Refresh] done in 599ms @ http://localhost:3000/_next/static/chunks/node_modules_next_dist_1e8vcs8._.js:776
[ 3007705ms] [LOG] [Fast Refresh] done in 599ms @ http://localhost:3000/_next/static/chunks/node_modules_next_dist_1e8vcs8._.js:776
[ 3007768ms] [LOG] [Fast Refresh] done in 599ms @ http://localhost:3000/_next/static/chunks/node_modules_next_dist_1e8vcs8._.js:776
[ 3007831ms] [LOG] [Fast Refresh] done in 599ms @ http://localhost:3000/_next/static/chunks/node_modules_next_dist_1e8vcs8._.js:776
[ 3007894ms] [LOG] [Fast Refresh] done in 599ms @ http://localhost:3000/_next/static/chunks/node_modules_next_dist_1e8vcs8._.js:776
[ 3007955ms] [LOG] [Fast Refresh] done in 599ms @ http://localhost:3000/_next/static/chunks/node_modules_next_dist_1e8vcs8._.js:776
[ 3008019ms] [LOG] [Fast Refresh] done in 599ms @ http://localhost:3000/_next/static/chunks/node_modules_next_dist_1e8vcs8._.js:776
[ 3008082ms] [LOG] [Fast Refresh] done in 599ms @ http://localhost:3000/_next/static/chunks/node_modules_next_dist_1e8vcs8._.js:776
[ 3008143ms] [LOG] [Fast Refresh] done in 599ms @ http://localhost:3000/_next/static/chunks/node_modules_next_dist_1e8vcs8._.js:776
[ 3008204ms] [LOG] [Fast Refresh] done in 599ms @ http://localhost:3000/_next/static/chunks/node_modules_next_dist_1e8vcs8._.js:776
[ 3008266ms] [LOG] [Fast Refresh] done in 599ms @ http://localhost:3000/_next/static/chunks/node_modules_next_dist_1e8vcs8._.js:776
[ 3008330ms] [LOG] [Fast Refresh] done in 599ms @ http://localhost:3000/_next/static/chunks/node_modules_next_dist_1e8vcs8._.js:776
[ 3008393ms] [LOG] [Fast Refresh] done in 599ms @ http://localhost:3000/_next/static/chunks/node_modules_next_dist_1e8vcs8._.js:776
[ 3008455ms] [LOG] [Fast Refresh] done in 599ms @ http://localhost:3000/_next/static/chunks/node_modules_next_dist_1e8vcs8._.js:776
[ 3008517ms] [LOG] [Fast Refresh] done in 599ms @ http://localhost:3000/_next/static/chunks/node_modules_next_dist_1e8vcs8._.js:776
[ 3008581ms] [LOG] [Fast Refresh] done in 599ms @ http://localhost:3000/_next/static/chunks/node_modules_next_dist_1e8vcs8._.js:776
[ 3008643ms] [LOG] [Fast Refresh] done in 599ms @ http://localhost:3000/_next/static/chunks/node_modules_next_dist_1e8vcs8._.js:776
[ 3008703ms] [LOG] [Fast Refresh] done in 599ms @ http://localhost:3000/_next/static/chunks/node_modules_next_dist_1e8vcs8._.js:776
[ 3008766ms] [LOG] [Fast Refresh] done in 599ms @ http://localhost:3000/_next/static/chunks/node_modules_next_dist_1e8vcs8._.js:776
[ 3008830ms] [LOG] [Fast Refresh] done in 599ms @ http://localhost:3000/_next/static/chunks/node_modules_next_dist_1e8vcs8._.js:776
[ 3008893ms] [LOG] [Fast Refresh] done in 599ms @ http://localhost:3000/_next/static/chunks/node_modules_next_dist_1e8vcs8._.js:776
[ 3008956ms] [LOG] [Fast Refresh] done in 599ms @ http://localhost:3000/_next/static/chunks/node_modules_next_dist_1e8vcs8._.js:776
[ 3009020ms] [LOG] [Fast Refresh] done in 599ms @ http://localhost:3000/_next/static/chunks/node_modules_next_dist_1e8vcs8._.js:776
[ 3009082ms] [LOG] [Fast Refresh] done in 599ms @ http://localhost:3000/_next/static/chunks/node_modules_next_dist_1e8vcs8._.js:776
[ 3009145ms] [LOG] [Fast Refresh] done in 599ms @ http://localhost:3000/_next/static/chunks/node_modules_next_dist_1e8vcs8._.js:776
[ 3009209ms] [LOG] [Fast Refresh] done in 599ms @ http://localhost:3000/_next/static/chunks/node_modules_next_dist_1e8vcs8._.js:776
[ 3009270ms] [LOG] [Fast Refresh] done in 599ms @ http://localhost:3000/_next/static/chunks/node_modules_next_dist_1e8vcs8._.js:776
[ 3009332ms] [LOG] [Fast Refresh] done in 599ms @ http://localhost:3000/_next/static/chunks/node_modules_next_dist_1e8vcs8._.js:776
[ 3009396ms] [LOG] [Fast Refresh] done in 599ms @ http://localhost:3000/_next/static/chunks/node_modules_next_dist_1e8vcs8._.js:776
[ 3009461ms] [LOG] [Fast Refresh] done in 599ms @ http://localhost:3000/_next/static/chunks/node_modules_next_dist_1e8vcs8._.js:776
[ 3009522ms] [LOG] [Fast Refresh] done in 599ms @ http://localhost:3000/_next/static/chunks/node_modules_next_dist_1e8vcs8._.js:776
[ 3009586ms] [LOG] [Fast Refresh] done in 599ms @ http://localhost:3000/_next/static/chunks/node_modules_next_dist_1e8vcs8._.js:776
[ 3009649ms] [LOG] [Fast Refresh] done in 599ms @ http://localhost:3000/_next/static/chunks/node_modules_next_dist_1e8vcs8._.js:776
[ 3009713ms] [LOG] [Fast Refresh] done in 599ms @ http://localhost:3000/_next/static/chunks/node_modules_next_dist_1e8vcs8._.js:776
[ 3009777ms] [LOG] [Fast Refresh] done in 599ms @ http://localhost:3000/_next/static/chunks/node_modules_next_dist_1e8vcs8._.js:776
[ 3009837ms] [LOG] [Fast Refresh] done in 599ms @ http://localhost:3000/_next/static/chunks/node_modules_next_dist_1e8vcs8._.js:776
[ 3009901ms] [LOG] [Fast Refresh] done in 599ms @ http://localhost:3000/_next/static/chunks/node_modules_next_dist_1e8vcs8._.js:776
[ 3009965ms] [LOG] [Fast Refresh] done in 599ms @ http://localhost:3000/_next/static/chunks/node_modules_next_dist_1e8vcs8._.js:776
[ 3010029ms] [LOG] [Fast Refresh] done in 599ms @ http://localhost:3000/_next/static/chunks/node_modules_next_dist_1e8vcs8._.js:776
[ 3010093ms] [LOG] [Fast Refresh] done in 599ms @ http://localhost:3000/_next/static/chunks/node_modules_next_dist_1e8vcs8._.js:776
[ 3010153ms] [LOG] [Fast Refresh] done in 599ms @ http://localhost:3000/_next/static/chunks/node_modules_next_dist_1e8vcs8._.js:776
[ 3010216ms] [LOG] [Fast Refresh] done in 599ms @ http://localhost:3000/_next/static/chunks/node_modules_next_dist_1e8vcs8._.js:776
[ 3010279ms] [LOG] [Fast Refresh] done in 599ms @ http://localhost:3000/_next/static/chunks/node_modules_next_dist_1e8vcs8._.js:776
[ 3010343ms] [LOG] [Fast Refresh] done in 599ms @ http://localhost:3000/_next/static/chunks/node_modules_next_dist_1e8vcs8._.js:776
[ 3010405ms] [LOG] [Fast Refresh] done in 599ms @ http://localhost:3000/_next/static/chunks/node_modules_next_dist_1e8vcs8._.js:776
[ 3010470ms] [LOG] [Fast Refresh] done in 599ms @ http://localhost:3000/_next/static/chunks/node_modules_next_dist_1e8vcs8._.js:776
[ 3010533ms] [LOG] [Fast Refresh] done in 599ms @ http://localhost:3000/_next/static/chunks/node_modules_next_dist_1e8vcs8._.js:776
[ 3010596ms] [LOG] [Fast Refresh] done in 599ms @ http://localhost:3000/_next/static/chunks/node_modules_next_dist_1e8vcs8._.js:776
[ 3010660ms] [LOG] [Fast Refresh] done in 599ms @ http://localhost:3000/_next/static/chunks/node_modules_next_dist_1e8vcs8._.js:776
[ 3010721ms] [LOG] [Fast Refresh] done in 599ms @ http://localhost:3000/_next/static/chunks/node_modules_next_dist_1e8vcs8._.js:776
[ 3010782ms] [LOG] [Fast Refresh] done in 599ms @ http://localhost:3000/_next/static/chunks/node_modules_next_dist_1e8vcs8._.js:776
[ 3010846ms] [LOG] [Fast Refresh] done in 599ms @ http://localhost:3000/_next/static/chunks/node_modules_next_dist_1e8vcs8._.js:776
[ 3010909ms] [LOG] [Fast Refresh] done in 599ms @ http://localhost:3000/_next/static/chunks/node_modules_next_dist_1e8vcs8._.js:776
[ 3010971ms] [LOG] [Fast Refresh] done in 599ms @ http://localhost:3000/_next/static/chunks/node_modules_next_dist_1e8vcs8._.js:776
[ 3011034ms] [LOG] [Fast Refresh] done in 599ms @ http://localhost:3000/_next/static/chunks/node_modules_next_dist_1e8vcs8._.js:776
[ 3011097ms] [LOG] [Fast Refresh] done in 599ms @ http://localhost:3000/_next/static/chunks/node_modules_next_dist_1e8vcs8._.js:776
[ 3011160ms] [LOG] [Fast Refresh] done in 599ms @ http://localhost:3000/_next/static/chunks/node_modules_next_dist_1e8vcs8._.js:776
[ 3011222ms] [LOG] [Fast Refresh] done in 599ms @ http://localhost:3000/_next/static/chunks/node_modules_next_dist_1e8vcs8._.js:776
[ 3011285ms] [LOG] [Fast Refresh] done in 599ms @ http://localhost:3000/_next/static/chunks/node_modules_next_dist_1e8vcs8._.js:776
[ 3011347ms] [LOG] [Fast Refresh] done in 599ms @ http://localhost:3000/_next/static/chunks/node_modules_next_dist_1e8vcs8._.js:776
[ 3011411ms] [LOG] [Fast Refresh] done in 599ms @ http://localhost:3000/_next/static/chunks/node_modules_next_dist_1e8vcs8._.js:776
[ 3011472ms] [LOG] [Fast Refresh] done in 599ms @ http://localhost:3000/_next/static/chunks/node_modules_next_dist_1e8vcs8._.js:776
[ 3011535ms] [LOG] [Fast Refresh] done in 599ms @ http://localhost:3000/_next/static/chunks/node_modules_next_dist_1e8vcs8._.js:776
[ 3011598ms] [LOG] [Fast Refresh] done in 599ms @ http://localhost:3000/_next/static/chunks/node_modules_next_dist_1e8vcs8._.js:776
[ 3011660ms] [LOG] [Fast Refresh] done in 599ms @ http://localhost:3000/_next/static/chunks/node_modules_next_dist_1e8vcs8._.js:776
[ 3011725ms] [LOG] [Fast Refresh] done in 599ms @ http://localhost:3000/_next/static/chunks/node_modules_next_dist_1e8vcs8._.js:776
[ 3011786ms] [LOG] [Fast Refresh] done in 599ms @ http://localhost:3000/_next/static/chunks/node_modules_next_dist_1e8vcs8._.js:776
[ 3011849ms] [LOG] [Fast Refresh] done in 599ms @ http://localhost:3000/_next/static/chunks/node_modules_next_dist_1e8vcs8._.js:776
[ 3011913ms] [LOG] [Fast Refresh] done in 599ms @ http://localhost:3000/_next/static/chunks/node_modules_next_dist_1e8vcs8._.js:776
[ 3011977ms] [LOG] [Fast Refresh] done in 599ms @ http://localhost:3000/_next/static/chunks/node_modules_next_dist_1e8vcs8._.js:776
[ 3012042ms] [LOG] [Fast Refresh] done in 599ms @ http://localhost:3000/_next/static/chunks/node_modules_next_dist_1e8vcs8._.js:776
[ 3012102ms] [LOG] [Fast Refresh] done in 599ms @ http://localhost:3000/_next/static/chunks/node_modules_next_dist_1e8vcs8._.js:776
[ 3012166ms] [LOG] [Fast Refresh] done in 599ms @ http://localhost:3000/_next/static/chunks/node_modules_next_dist_1e8vcs8._.js:776
[ 3012229ms] [LOG] [Fast Refresh] done in 599ms @ http://localhost:3000/_next/static/chunks/node_modules_next_dist_1e8vcs8._.js:776
[ 3012289ms] [LOG] [Fast Refresh] done in 599ms @ http://localhost:3000/_next/static/chunks/node_modules_next_dist_1e8vcs8._.js:776
[ 3012351ms] [LOG] [Fast Refresh] done in 599ms @ http://localhost:3000/_next/static/chunks/node_modules_next_dist_1e8vcs8._.js:776
[ 3012414ms] [LOG] [Fast Refresh] done in 599ms @ http://localhost:3000/_next/static/chunks/node_modules_next_dist_1e8vcs8._.js:776
[ 3012477ms] [LOG] [Fast Refresh] done in 599ms @ http://localhost:3000/_next/static/chunks/node_modules_next_dist_1e8vcs8._.js:776
[ 3012538ms] [LOG] [Fast Refresh] done in 599ms @ http://localhost:3000/_next/static/chunks/node_modules_next_dist_1e8vcs8._.js:776
[ 3012600ms] [LOG] [Fast Refresh] done in 599ms @ http://localhost:3000/_next/static/chunks/node_modules_next_dist_1e8vcs8._.js:776
[ 3012663ms] [LOG] [Fast Refresh] done in 599ms @ http://localhost:3000/_next/static/chunks/node_modules_next_dist_1e8vcs8._.js:776
[ 3012728ms] [LOG] [Fast Refresh] done in 599ms @ http://localhost:3000/_next/static/chunks/node_modules_next_dist_1e8vcs8._.js:776
[ 3012786ms] [LOG] [Fast Refresh] done in 599ms @ http://localhost:3000/_next/static/chunks/node_modules_next_dist_1e8vcs8._.js:776
[ 3012849ms] [LOG] [Fast Refresh] done in 599ms @ http://localhost:3000/_next/static/chunks/node_modules_next_dist_1e8vcs8._.js:776
[ 3012912ms] [LOG] [Fast Refresh] done in 599ms @ http://localhost:3000/_next/static/chunks/node_modules_next_dist_1e8vcs8._.js:776
[ 3012977ms] [LOG] [Fast Refresh] done in 599ms @ http://localhost:3000/_next/static/chunks/node_modules_next_dist_1e8vcs8._.js:776
[ 3013036ms] [LOG] [Fast Refresh] done in 599ms @ http://localhost:3000/_next/static/chunks/node_modules_next_dist_1e8vcs8._.js:776
[ 3013098ms] [LOG] [Fast Refresh] done in 599ms @ http://localhost:3000/_next/static/chunks/node_modules_next_dist_1e8vcs8._.js:776
[ 3013161ms] [LOG] [Fast Refresh] done in 599ms @ http://localhost:3000/_next/static/chunks/node_modules_next_dist_1e8vcs8._.js:776
[ 3013224ms] [LOG] [Fast Refresh] done in 599ms @ http://localhost:3000/_next/static/chunks/node_modules_next_dist_1e8vcs8._.js:776
[ 3013286ms] [LOG] [Fast Refresh] done in 599ms @ http://localhost:3000/_next/static/chunks/node_modules_next_dist_1e8vcs8._.js:776
[ 3013348ms] [LOG] [Fast Refresh] done in 599ms @ http://localhost:3000/_next/static/chunks/node_modules_next_dist_1e8vcs8._.js:776
[ 3013410ms] [LOG] [Fast Refresh] done in 599ms @ http://localhost:3000/_next/static/chunks/node_modules_next_dist_1e8vcs8._.js:776
[ 3013472ms] [LOG] [Fast Refresh] done in 599ms @ http://localhost:3000/_next/static/chunks/node_modules_next_dist_1e8vcs8._.js:776
[ 3013535ms] [LOG] [Fast Refresh] done in 599ms @ http://localhost:3000/_next/static/chunks/node_modules_next_dist_1e8vcs8._.js:776
[ 3013599ms] [LOG] [Fast Refresh] done in 599ms @ http://localhost:3000/_next/static/chunks/node_modules_next_dist_1e8vcs8._.js:776
[ 3013661ms] [LOG] [Fast Refresh] done in 599ms @ http://localhost:3000/_next/static/chunks/node_modules_next_dist_1e8vcs8._.js:776
[ 3013722ms] [LOG] [Fast Refresh] done in 599ms @ http://localhost:3000/_next/static/chunks/node_modules_next_dist_1e8vcs8._.js:776
[ 3013785ms] [LOG] [Fast Refresh] done in 599ms @ http://localhost:3000/_next/static/chunks/node_modules_next_dist_1e8vcs8._.js:776
[ 3013849ms] [LOG] [Fast Refresh] done in 599ms @ http://localhost:3000/_next/static/chunks/node_modules_next_dist_1e8vcs8._.js:776
[ 3013911ms] [LOG] [Fast Refresh] done in 599ms @ http://localhost:3000/_next/static/chunks/node_modules_next_dist_1e8vcs8._.js:776
[ 3013971ms] [LOG] [Fast Refresh] done in 599ms @ http://localhost:3000/_next/static/chunks/node_modules_next_dist_1e8vcs8._.js:776
[ 3014034ms] [LOG] [Fast Refresh] done in 599ms @ http://localhost:3000/_next/static/chunks/node_modules_next_dist_1e8vcs8._.js:776
[ 3014098ms] [LOG] [Fast Refresh] done in 599ms @ http://localhost:3000/_next/static/chunks/node_modules_next_dist_1e8vcs8._.js:776
[ 3014160ms] [LOG] [Fast Refresh] done in 599ms @ http://localhost:3000/_next/static/chunks/node_modules_next_dist_1e8vcs8._.js:776
[ 3014221ms] [LOG] [Fast Refresh] done in 599ms @ http://localhost:3000/_next/static/chunks/node_modules_next_dist_1e8vcs8._.js:776
[ 3014284ms] [LOG] [Fast Refresh] done in 599ms @ http://localhost:3000/_next/static/chunks/node_modules_next_dist_1e8vcs8._.js:776
[ 3014347ms] [LOG] [Fast Refresh] done in 599ms @ http://localhost:3000/_next/static/chunks/node_modules_next_dist_1e8vcs8._.js:776
[ 3014410ms] [LOG] [Fast Refresh] done in 599ms @ http://localhost:3000/_next/static/chunks/node_modules_next_dist_1e8vcs8._.js:776
[ 3014471ms] [LOG] [Fast Refresh] done in 599ms @ http://localhost:3000/_next/static/chunks/node_modules_next_dist_1e8vcs8._.js:776
[ 3014534ms] [LOG] [Fast Refresh] done in 599ms @ http://localhost:3000/_next/static/chunks/node_modules_next_dist_1e8vcs8._.js:776
[ 3014598ms] [LOG] [Fast Refresh] done in 599ms @ http://localhost:3000/_next/static/chunks/node_modules_next_dist_1e8vcs8._.js:776
[ 3014649ms] [LOG] [Fast Refresh] done in 599ms @ http://localhost:3000/_next/static/chunks/node_modules_next_dist_1e8vcs8._.js:776
[ 3014711ms] [LOG] [Fast Refresh] done in 599ms @ http://localhost:3000/_next/static/chunks/node_modules_next_dist_1e8vcs8._.js:776
[ 3014770ms] [LOG] [Fast Refresh] done in 599ms @ http://localhost:3000/_next/static/chunks/node_modules_next_dist_1e8vcs8._.js:776
[ 3014833ms] [LOG] [Fast Refresh] done in 599ms @ http://localhost:3000/_next/static/chunks/node_modules_next_dist_1e8vcs8._.js:776
[ 3014896ms] [LOG] [Fast Refresh] done in 599ms @ http://localhost:3000/_next/static/chunks/node_modules_next_dist_1e8vcs8._.js:776
[ 3014962ms] [LOG] [Fast Refresh] done in 599ms @ http://localhost:3000/_next/static/chunks/node_modules_next_dist_1e8vcs8._.js:776
[ 3015018ms] [LOG] [Fast Refresh] done in 599ms @ http://localhost:3000/_next/static/chunks/node_modules_next_dist_1e8vcs8._.js:776
[ 3015081ms] [LOG] [Fast Refresh] done in 599ms @ http://localhost:3000/_next/static/chunks/node_modules_next_dist_1e8vcs8._.js:776
[ 3015144ms] [LOG] [Fast Refresh] done in 599ms @ http://localhost:3000/_next/static/chunks/node_modules_next_dist_1e8vcs8._.js:776
[ 3015205ms] [LOG] [Fast Refresh] done in 599ms @ http://localhost:3000/_next/static/chunks/node_modules_next_dist_1e8vcs8._.js:776
[ 3015267ms] [LOG] [Fast Refresh] done in 599ms @ http://localhost:3000/_next/static/chunks/node_modules_next_dist_1e8vcs8._.js:776
[ 3015331ms] [LOG] [Fast Refresh] done in 599ms @ http://localhost:3000/_next/static/chunks/node_modules_next_dist_1e8vcs8._.js:776
[ 3015394ms] [LOG] [Fast Refresh] done in 599ms @ http://localhost:3000/_next/static/chunks/node_modules_next_dist_1e8vcs8._.js:776
