[    1304ms] [INFO] %cDownload the React DevTools for a better development experience: https://react.dev/link/react-devtools font-weight:bold @ http://localhost:3000/_next/static/chunks/node_modules_next_dist_1e8vcs8._.js:776
[    1417ms] [LOG] [HMR] connected @ http://localhost:3000/_next/static/chunks/node_modules_next_dist_1e8vcs8._.js:776
[    1864ms] [LOG] [Fast Refresh] rebuilding @ http://localhost:3000/_next/static/chunks/node_modules_next_dist_1e8vcs8._.js:776
[    1921ms] [LOG] [Fast Refresh] done in 372ms @ http://localhost:3000/_next/static/chunks/node_modules_next_dist_1e8vcs8._.js:776
[    2155ms] [LOG] [Fast Refresh] rebuilding @ http://localhost:3000/_next/static/chunks/node_modules_next_dist_1e8vcs8._.js:776
[    2468ms] [LOG] [Fast Refresh] done in 420ms @ http://localhost:3000/_next/static/chunks/node_modules_next_dist_1e8vcs8._.js:776
[  136593ms] [LOG] [Fast Refresh] rebuilding @ http://localhost:3000/_next/static/chunks/node_modules_next_dist_1e8vcs8._.js:776
[  136676ms] [LOG] [Fast Refresh] done in 186ms @ http://localhost:3000/_next/static/chunks/node_modules_next_dist_1e8vcs8._.js:776
[ 1612278ms] [LOG] [Fast Refresh] rebuilding @ http://localhost:3000/_next/static/chunks/node_modules_next_dist_1e8vcs8._.js:776
[ 1612837ms] [LOG] [Fast Refresh] done in 660ms @ http://localhost:3000/_next/static/chunks/node_modules_next_dist_1e8vcs8._.js:776
[ 1624378ms] [LOG] [Fast Refresh] rebuilding @ http://localhost:3000/_next/static/chunks/node_modules_next_dist_1e8vcs8._.js:776
[ 1624510ms] [LOG] [Fast Refresh] done in 208ms @ http://localhost:3000/_next/static/chunks/node_modules_next_dist_1e8vcs8._.js:776
[ 1647443ms] [LOG] [Fast Refresh] rebuilding @ http://localhost:3000/_next/static/chunks/node_modules_next_dist_1e8vcs8._.js:776
[ 1647805ms] [LOG] [Fast Refresh] done in 439ms @ http://localhost:3000/_next/static/chunks/node_modules_next_dist_1e8vcs8._.js:776
[ 1648137ms] [LOG] [Fast Refresh] done in 439ms @ http://localhost:3000/_next/static/chunks/node_modules_next_dist_1e8vcs8._.js:776
[ 1648224ms] [LOG] [Fast Refresh] done in 439ms @ http://localhost:3000/_next/static/chunks/node_modules_next_dist_1e8vcs8._.js:776
[ 1648320ms] [LOG] [Fast Refresh] done in 439ms @ http://localhost:3000/_next/static/chunks/node_modules_next_dist_1e8vcs8._.js:776
[ 1648421ms] [LOG] [Fast Refresh] done in 439ms @ http://localhost:3000/_next/static/chunks/node_modules_next_dist_1e8vcs8._.js:776
[ 1648503ms] [LOG] [Fast Refresh] done in 439ms @ http://localhost:3000/_next/static/chunks/node_modules_next_dist_1e8vcs8._.js:776
[ 1648586ms] [LOG] [Fast Refresh] done in 439ms @ http://localhost:3000/_next/static/chunks/node_modules_next_dist_1e8vcs8._.js:776
[ 1648660ms] [LOG] [Fast Refresh] done in 439ms @ http://localhost:3000/_next/static/chunks/node_modules_next_dist_1e8vcs8._.js:776
[ 1648756ms] [LOG] [Fast Refresh] done in 439ms @ http://localhost:3000/_next/static/chunks/node_modules_next_dist_1e8vcs8._.js:776
[ 1648855ms] [LOG] [Fast Refresh] done in 439ms @ http://localhost:3000/_next/static/chunks/node_modules_next_dist_1e8vcs8._.js:776
[ 1648955ms] [LOG] [Fast Refresh] done in 439ms @ http://localhost:3000/_next/static/chunks/node_modules_next_dist_1e8vcs8._.js:776
[ 1649034ms] [LOG] [Fast Refresh] done in 439ms @ http://localhost:3000/_next/static/chunks/node_modules_next_dist_1e8vcs8._.js:776
[ 1649173ms] [LOG] [Fast Refresh] done in 439ms @ http://localhost:3000/_next/static/chunks/node_modules_next_dist_1e8vcs8._.js:776
[ 1649298ms] [LOG] [Fast Refresh] done in 439ms @ http://localhost:3000/_next/static/chunks/node_modules_next_dist_1e8vcs8._.js:776
[ 1649364ms] [LOG] [Fast Refresh] done in 439ms @ http://localhost:3000/_next/static/chunks/node_modules_next_dist_1e8vcs8._.js:776
[ 1649438ms] [LOG] [Fast Refresh] done in 439ms @ http://localhost:3000/_next/static/chunks/node_modules_next_dist_1e8vcs8._.js:776
[ 1649517ms] [LOG] [Fast Refresh] done in 439ms @ http://localhost:3000/_next/static/chunks/node_modules_next_dist_1e8vcs8._.js:776
[ 1649601ms] [LOG] [Fast Refresh] done in 439ms @ http://localhost:3000/_next/static/chunks/node_modules_next_dist_1e8vcs8._.js:776
[ 1649671ms] [LOG] [Fast Refresh] done in 439ms @ http://localhost:3000/_next/static/chunks/node_modules_next_dist_1e8vcs8._.js:776
[ 1649750ms] [LOG] [Fast Refresh] done in 439ms @ http://localhost:3000/_next/static/chunks/node_modules_next_dist_1e8vcs8._.js:776
[ 1649815ms] [LOG] [Fast Refresh] done in 439ms @ http://localhost:3000/_next/static/chunks/node_modules_next_dist_1e8vcs8._.js:776
[ 1649873ms] [LOG] [Fast Refresh] done in 439ms @ http://localhost:3000/_next/static/chunks/node_modules_next_dist_1e8vcs8._.js:776
[ 1649934ms] [LOG] [Fast Refresh] done in 439ms @ http://localhost:3000/_next/static/chunks/node_modules_next_dist_1e8vcs8._.js:776
[ 1649997ms] [LOG] [Fast Refresh] done in 439ms @ http://localhost:3000/_next/static/chunks/node_modules_next_dist_1e8vcs8._.js:776
[ 1650057ms] [LOG] [Fast Refresh] done in 439ms @ http://localhost:3000/_next/static/chunks/node_modules_next_dist_1e8vcs8._.js:776
[ 1650119ms] [LOG] [Fast Refresh] done in 439ms @ http://localhost:3000/_next/static/chunks/node_modules_next_dist_1e8vcs8._.js:776
[ 1650182ms] [LOG] [Fast Refresh] done in 439ms @ http://localhost:3000/_next/static/chunks/node_modules_next_dist_1e8vcs8._.js:776
[ 1650241ms] [LOG] [Fast Refresh] done in 439ms @ http://localhost:3000/_next/static/chunks/node_modules_next_dist_1e8vcs8._.js:776
[ 1650303ms] [LOG] [Fast Refresh] done in 439ms @ http://localhost:3000/_next/static/chunks/node_modules_next_dist_1e8vcs8._.js:776
[ 1650366ms] [LOG] [Fast Refresh] done in 439ms @ http://localhost:3000/_next/static/chunks/node_modules_next_dist_1e8vcs8._.js:776
[ 1650431ms] [LOG] [Fast Refresh] done in 439ms @ http://localhost:3000/_next/static/chunks/node_modules_next_dist_1e8vcs8._.js:776
[ 1650492ms] [LOG] [Fast Refresh] done in 439ms @ http://localhost:3000/_next/static/chunks/node_modules_next_dist_1e8vcs8._.js:776
[ 1650553ms] [LOG] [Fast Refresh] done in 439ms @ http://localhost:3000/_next/static/chunks/node_modules_next_dist_1e8vcs8._.js:776
[ 1650616ms] [LOG] [Fast Refresh] done in 439ms @ http://localhost:3000/_next/static/chunks/node_modules_next_dist_1e8vcs8._.js:776
[ 1650679ms] [LOG] [Fast Refresh] done in 439ms @ http://localhost:3000/_next/static/chunks/node_modules_next_dist_1e8vcs8._.js:776
[ 1650739ms] [LOG] [Fast Refresh] done in 439ms @ http://localhost:3000/_next/static/chunks/node_modules_next_dist_1e8vcs8._.js:776
[ 1650802ms] [LOG] [Fast Refresh] done in 439ms @ http://localhost:3000/_next/static/chunks/node_modules_next_dist_1e8vcs8._.js:776
[ 1650864ms] [LOG] [Fast Refresh] done in 439ms @ http://localhost:3000/_next/static/chunks/node_modules_next_dist_1e8vcs8._.js:776
[ 1650929ms] [LOG] [Fast Refresh] done in 439ms @ http://localhost:3000/_next/static/chunks/node_modules_next_dist_1e8vcs8._.js:776
[ 1650990ms] [LOG] [Fast Refresh] done in 439ms @ http://localhost:3000/_next/static/chunks/node_modules_next_dist_1e8vcs8._.js:776
[ 1651052ms] [LOG] [Fast Refresh] done in 439ms @ http://localhost:3000/_next/static/chunks/node_modules_next_dist_1e8vcs8._.js:776
[ 1651116ms] [LOG] [Fast Refresh] done in 439ms @ http://localhost:3000/_next/static/chunks/node_modules_next_dist_1e8vcs8._.js:776
[ 1651179ms] [LOG] [Fast Refresh] done in 439ms @ http://localhost:3000/_next/static/chunks/node_modules_next_dist_1e8vcs8._.js:776
[ 1651239ms] [LOG] [Fast Refresh] done in 439ms @ http://localhost:3000/_next/static/chunks/node_modules_next_dist_1e8vcs8._.js:776
[ 1651301ms] [LOG] [Fast Refresh] done in 439ms @ http://localhost:3000/_next/static/chunks/node_modules_next_dist_1e8vcs8._.js:776
[ 1651364ms] [LOG] [Fast Refresh] done in 439ms @ http://localhost:3000/_next/static/chunks/node_modules_next_dist_1e8vcs8._.js:776
[ 1651428ms] [LOG] [Fast Refresh] done in 439ms @ http://localhost:3000/_next/static/chunks/node_modules_next_dist_1e8vcs8._.js:776
[ 1651489ms] [LOG] [Fast Refresh] done in 439ms @ http://localhost:3000/_next/static/chunks/node_modules_next_dist_1e8vcs8._.js:776
[ 1651553ms] [LOG] [Fast Refresh] done in 439ms @ http://localhost:3000/_next/static/chunks/node_modules_next_dist_1e8vcs8._.js:776
[ 1651616ms] [LOG] [Fast Refresh] done in 439ms @ http://localhost:3000/_next/static/chunks/node_modules_next_dist_1e8vcs8._.js:776
[ 1651679ms] [LOG] [Fast Refresh] done in 439ms @ http://localhost:3000/_next/static/chunks/node_modules_next_dist_1e8vcs8._.js:776
[ 1651739ms] [LOG] [Fast Refresh] done in 439ms @ http://localhost:3000/_next/static/chunks/node_modules_next_dist_1e8vcs8._.js:776
[ 1651801ms] [LOG] [Fast Refresh] done in 439ms @ http://localhost:3000/_next/static/chunks/node_modules_next_dist_1e8vcs8._.js:776
[ 1651863ms] [LOG] [Fast Refresh] done in 439ms @ http://localhost:3000/_next/static/chunks/node_modules_next_dist_1e8vcs8._.js:776
[ 1651925ms] [LOG] [Fast Refresh] done in 439ms @ http://localhost:3000/_next/static/chunks/node_modules_next_dist_1e8vcs8._.js:776
[ 1651987ms] [LOG] [Fast Refresh] done in 439ms @ http://localhost:3000/_next/static/chunks/node_modules_next_dist_1e8vcs8._.js:776
[ 1652050ms] [LOG] [Fast Refresh] done in 439ms @ http://localhost:3000/_next/static/chunks/node_modules_next_dist_1e8vcs8._.js:776
[ 1652115ms] [LOG] [Fast Refresh] done in 439ms @ http://localhost:3000/_next/static/chunks/node_modules_next_dist_1e8vcs8._.js:776
[ 1652178ms] [LOG] [Fast Refresh] done in 439ms @ http://localhost:3000/_next/static/chunks/node_modules_next_dist_1e8vcs8._.js:776
[ 1652238ms] [LOG] [Fast Refresh] done in 439ms @ http://localhost:3000/_next/static/chunks/node_modules_next_dist_1e8vcs8._.js:776
[ 1652302ms] [LOG] [Fast Refresh] done in 439ms @ http://localhost:3000/_next/static/chunks/node_modules_next_dist_1e8vcs8._.js:776
[ 1652365ms] [LOG] [Fast Refresh] done in 439ms @ http://localhost:3000/_next/static/chunks/node_modules_next_dist_1e8vcs8._.js:776
[ 1652429ms] [LOG] [Fast Refresh] done in 439ms @ http://localhost:3000/_next/static/chunks/node_modules_next_dist_1e8vcs8._.js:776
[ 1652489ms] [LOG] [Fast Refresh] done in 439ms @ http://localhost:3000/_next/static/chunks/node_modules_next_dist_1e8vcs8._.js:776
[ 1652552ms] [LOG] [Fast Refresh] done in 439ms @ http://localhost:3000/_next/static/chunks/node_modules_next_dist_1e8vcs8._.js:776
[ 1652615ms] [LOG] [Fast Refresh] done in 439ms @ http://localhost:3000/_next/static/chunks/node_modules_next_dist_1e8vcs8._.js:776
[ 1652681ms] [LOG] [Fast Refresh] done in 439ms @ http://localhost:3000/_next/static/chunks/node_modules_next_dist_1e8vcs8._.js:776
[ 1652741ms] [LOG] [Fast Refresh] done in 439ms @ http://localhost:3000/_next/static/chunks/node_modules_next_dist_1e8vcs8._.js:776
[ 1652803ms] [LOG] [Fast Refresh] done in 439ms @ http://localhost:3000/_next/static/chunks/node_modules_next_dist_1e8vcs8._.js:776
[ 1652882ms] [LOG] [Fast Refresh] done in 439ms @ http://localhost:3000/_next/static/chunks/node_modules_next_dist_1e8vcs8._.js:776
[ 1652944ms] [LOG] [Fast Refresh] done in 439ms @ http://localhost:3000/_next/static/chunks/node_modules_next_dist_1e8vcs8._.js:776
[ 1653005ms] [LOG] [Fast Refresh] done in 439ms @ http://localhost:3000/_next/static/chunks/node_modules_next_dist_1e8vcs8._.js:776
[ 1653068ms] [LOG] [Fast Refresh] done in 439ms @ http://localhost:3000/_next/static/chunks/node_modules_next_dist_1e8vcs8._.js:776
[ 1653132ms] [LOG] [Fast Refresh] done in 439ms @ http://localhost:3000/_next/static/chunks/node_modules_next_dist_1e8vcs8._.js:776
[ 1653196ms] [LOG] [Fast Refresh] done in 439ms @ http://localhost:3000/_next/static/chunks/node_modules_next_dist_1e8vcs8._.js:776
[ 1653255ms] [LOG] [Fast Refresh] done in 439ms @ http://localhost:3000/_next/static/chunks/node_modules_next_dist_1e8vcs8._.js:776
[ 1653318ms] [LOG] [Fast Refresh] done in 439ms @ http://localhost:3000/_next/static/chunks/node_modules_next_dist_1e8vcs8._.js:776
[ 1653382ms] [LOG] [Fast Refresh] done in 439ms @ http://localhost:3000/_next/static/chunks/node_modules_next_dist_1e8vcs8._.js:776
[ 1653447ms] [LOG] [Fast Refresh] done in 439ms @ http://localhost:3000/_next/static/chunks/node_modules_next_dist_1e8vcs8._.js:776
[ 1653506ms] [LOG] [Fast Refresh] done in 439ms @ http://localhost:3000/_next/static/chunks/node_modules_next_dist_1e8vcs8._.js:776
[ 1653568ms] [LOG] [Fast Refresh] done in 439ms @ http://localhost:3000/_next/static/chunks/node_modules_next_dist_1e8vcs8._.js:776
[ 1653632ms] [LOG] [Fast Refresh] done in 439ms @ http://localhost:3000/_next/static/chunks/node_modules_next_dist_1e8vcs8._.js:776
[ 1653696ms] [LOG] [Fast Refresh] done in 439ms @ http://localhost:3000/_next/static/chunks/node_modules_next_dist_1e8vcs8._.js:776
[ 1653755ms] [LOG] [Fast Refresh] done in 439ms @ http://localhost:3000/_next/static/chunks/node_modules_next_dist_1e8vcs8._.js:776
[ 1653817ms] [LOG] [Fast Refresh] done in 439ms @ http://localhost:3000/_next/static/chunks/node_modules_next_dist_1e8vcs8._.js:776
[ 1653882ms] [LOG] [Fast Refresh] done in 439ms @ http://localhost:3000/_next/static/chunks/node_modules_next_dist_1e8vcs8._.js:776
[ 1653946ms] [LOG] [Fast Refresh] done in 439ms @ http://localhost:3000/_next/static/chunks/node_modules_next_dist_1e8vcs8._.js:776
[ 1654006ms] [LOG] [Fast Refresh] done in 439ms @ http://localhost:3000/_next/static/chunks/node_modules_next_dist_1e8vcs8._.js:776
[ 1654070ms] [LOG] [Fast Refresh] done in 439ms @ http://localhost:3000/_next/static/chunks/node_modules_next_dist_1e8vcs8._.js:776
[ 1654133ms] [LOG] [Fast Refresh] done in 439ms @ http://localhost:3000/_next/static/chunks/node_modules_next_dist_1e8vcs8._.js:776
[ 1654197ms] [LOG] [Fast Refresh] done in 439ms @ http://localhost:3000/_next/static/chunks/node_modules_next_dist_1e8vcs8._.js:776
[ 1654261ms] [LOG] [Fast Refresh] done in 439ms @ http://localhost:3000/_next/static/chunks/node_modules_next_dist_1e8vcs8._.js:776
[ 1654335ms] [LOG] [Fast Refresh] done in 439ms @ http://localhost:3000/_next/static/chunks/node_modules_next_dist_1e8vcs8._.js:776
[ 1654398ms] [LOG] [Fast Refresh] done in 439ms @ http://localhost:3000/_next/static/chunks/node_modules_next_dist_1e8vcs8._.js:776
[ 1654464ms] [LOG] [Fast Refresh] done in 439ms @ http://localhost:3000/_next/static/chunks/node_modules_next_dist_1e8vcs8._.js:776
[ 1654523ms] [LOG] [Fast Refresh] done in 439ms @ http://localhost:3000/_next/static/chunks/node_modules_next_dist_1e8vcs8._.js:776
[ 1654586ms] [LOG] [Fast Refresh] done in 439ms @ http://localhost:3000/_next/static/chunks/node_modules_next_dist_1e8vcs8._.js:776
[ 1654651ms] [LOG] [Fast Refresh] done in 439ms @ http://localhost:3000/_next/static/chunks/node_modules_next_dist_1e8vcs8._.js:776
[ 1654715ms] [LOG] [Fast Refresh] done in 439ms @ http://localhost:3000/_next/static/chunks/node_modules_next_dist_1e8vcs8._.js:776
[ 1654795ms] [LOG] [Fast Refresh] done in 439ms @ http://localhost:3000/_next/static/chunks/node_modules_next_dist_1e8vcs8._.js:776
[ 1654856ms] [LOG] [Fast Refresh] done in 439ms @ http://localhost:3000/_next/static/chunks/node_modules_next_dist_1e8vcs8._.js:776
[ 1654919ms] [LOG] [Fast Refresh] done in 439ms @ http://localhost:3000/_next/static/chunks/node_modules_next_dist_1e8vcs8._.js:776
[ 1654983ms] [LOG] [Fast Refresh] done in 439ms @ http://localhost:3000/_next/static/chunks/node_modules_next_dist_1e8vcs8._.js:776
[ 1655046ms] [LOG] [Fast Refresh] done in 439ms @ http://localhost:3000/_next/static/chunks/node_modules_next_dist_1e8vcs8._.js:776
[ 1655107ms] [LOG] [Fast Refresh] done in 439ms @ http://localhost:3000/_next/static/chunks/node_modules_next_dist_1e8vcs8._.js:776
[ 1655170ms] [LOG] [Fast Refresh] done in 439ms @ http://localhost:3000/_next/static/chunks/node_modules_next_dist_1e8vcs8._.js:776
[ 1655233ms] [LOG] [Fast Refresh] done in 439ms @ http://localhost:3000/_next/static/chunks/node_modules_next_dist_1e8vcs8._.js:776
[ 1655296ms] [LOG] [Fast Refresh] done in 439ms @ http://localhost:3000/_next/static/chunks/node_modules_next_dist_1e8vcs8._.js:776
[ 1655355ms] [LOG] [Fast Refresh] done in 439ms @ http://localhost:3000/_next/static/chunks/node_modules_next_dist_1e8vcs8._.js:776
[ 1655419ms] [LOG] [Fast Refresh] done in 439ms @ http://localhost:3000/_next/static/chunks/node_modules_next_dist_1e8vcs8._.js:776
[ 1655482ms] [LOG] [Fast Refresh] done in 439ms @ http://localhost:3000/_next/static/chunks/node_modules_next_dist_1e8vcs8._.js:776
[ 1655542ms] [LOG] [Fast Refresh] done in 439ms @ http://localhost:3000/_next/static/chunks/node_modules_next_dist_1e8vcs8._.js:776
[ 1655605ms] [LOG] [Fast Refresh] done in 439ms @ http://localhost:3000/_next/static/chunks/node_modules_next_dist_1e8vcs8._.js:776
[ 1655667ms] [LOG] [Fast Refresh] done in 439ms @ http://localhost:3000/_next/static/chunks/node_modules_next_dist_1e8vcs8._.js:776
[ 1655731ms] [LOG] [Fast Refresh] done in 439ms @ http://localhost:3000/_next/static/chunks/node_modules_next_dist_1e8vcs8._.js:776
[ 1655791ms] [LOG] [Fast Refresh] done in 439ms @ http://localhost:3000/_next/static/chunks/node_modules_next_dist_1e8vcs8._.js:776
[ 1655853ms] [LOG] [Fast Refresh] done in 439ms @ http://localhost:3000/_next/static/chunks/node_modules_next_dist_1e8vcs8._.js:776
[ 1655915ms] [LOG] [Fast Refresh] done in 439ms @ http://localhost:3000/_next/static/chunks/node_modules_next_dist_1e8vcs8._.js:776
[ 1655980ms] [LOG] [Fast Refresh] done in 439ms @ http://localhost:3000/_next/static/chunks/node_modules_next_dist_1e8vcs8._.js:776
[ 1656039ms] [LOG] [Fast Refresh] done in 439ms @ http://localhost:3000/_next/static/chunks/node_modules_next_dist_1e8vcs8._.js:776
[ 1656118ms] [LOG] [Fast Refresh] done in 439ms @ http://localhost:3000/_next/static/chunks/node_modules_next_dist_1e8vcs8._.js:776
[ 1656182ms] [LOG] [Fast Refresh] done in 439ms @ http://localhost:3000/_next/static/chunks/node_modules_next_dist_1e8vcs8._.js:776
[ 1656242ms] [LOG] [Fast Refresh] done in 439ms @ http://localhost:3000/_next/static/chunks/node_modules_next_dist_1e8vcs8._.js:776
[ 1656304ms] [LOG] [Fast Refresh] done in 439ms @ http://localhost:3000/_next/static/chunks/node_modules_next_dist_1e8vcs8._.js:776
[ 1656367ms] [LOG] [Fast Refresh] done in 439ms @ http://localhost:3000/_next/static/chunks/node_modules_next_dist_1e8vcs8._.js:776
[ 1656429ms] [LOG] [Fast Refresh] done in 439ms @ http://localhost:3000/_next/static/chunks/node_modules_next_dist_1e8vcs8._.js:776
[ 1656490ms] [LOG] [Fast Refresh] done in 439ms @ http://localhost:3000/_next/static/chunks/node_modules_next_dist_1e8vcs8._.js:776
[ 1656552ms] [LOG] [Fast Refresh] done in 439ms @ http://localhost:3000/_next/static/chunks/node_modules_next_dist_1e8vcs8._.js:776
[ 1656614ms] [LOG] [Fast Refresh] done in 439ms @ http://localhost:3000/_next/static/chunks/node_modules_next_dist_1e8vcs8._.js:776
[ 1656679ms] [LOG] [Fast Refresh] done in 439ms @ http://localhost:3000/_next/static/chunks/node_modules_next_dist_1e8vcs8._.js:776
[ 1656804ms] [LOG] [Fast Refresh] done in 439ms @ http://localhost:3000/_next/static/chunks/node_modules_next_dist_1e8vcs8._.js:776
[ 1656897ms] [LOG] [Fast Refresh] done in 439ms @ http://localhost:3000/_next/static/chunks/node_modules_next_dist_1e8vcs8._.js:776
[ 1656957ms] [LOG] [Fast Refresh] done in 439ms @ http://localhost:3000/_next/static/chunks/node_modules_next_dist_1e8vcs8._.js:776
[ 1657034ms] [LOG] [Fast Refresh] done in 439ms @ http://localhost:3000/_next/static/chunks/node_modules_next_dist_1e8vcs8._.js:776
[ 1657098ms] [LOG] [Fast Refresh] done in 439ms @ http://localhost:3000/_next/static/chunks/node_modules_next_dist_1e8vcs8._.js:776
[ 1657163ms] [LOG] [Fast Refresh] done in 439ms @ http://localhost:3000/_next/static/chunks/node_modules_next_dist_1e8vcs8._.js:776
[ 1657221ms] [LOG] [Fast Refresh] done in 439ms @ http://localhost:3000/_next/static/chunks/node_modules_next_dist_1e8vcs8._.js:776
[ 1657299ms] [LOG] [Fast Refresh] done in 439ms @ http://localhost:3000/_next/static/chunks/node_modules_next_dist_1e8vcs8._.js:776
[ 1657365ms] [LOG] [Fast Refresh] done in 439ms @ http://localhost:3000/_next/static/chunks/node_modules_next_dist_1e8vcs8._.js:776
[ 1657423ms] [LOG] [Fast Refresh] done in 439ms @ http://localhost:3000/_next/static/chunks/node_modules_next_dist_1e8vcs8._.js:776
[ 1657502ms] [LOG] [Fast Refresh] done in 439ms @ http://localhost:3000/_next/static/chunks/node_modules_next_dist_1e8vcs8._.js:776
[ 1657584ms] [LOG] [Fast Refresh] done in 439ms @ http://localhost:3000/_next/static/chunks/node_modules_next_dist_1e8vcs8._.js:776
[ 1657644ms] [LOG] [Fast Refresh] done in 439ms @ http://localhost:3000/_next/static/chunks/node_modules_next_dist_1e8vcs8._.js:776
[ 1657705ms] [LOG] [Fast Refresh] done in 439ms @ http://localhost:3000/_next/static/chunks/node_modules_next_dist_1e8vcs8._.js:776
[ 1657817ms] [LOG] [Fast Refresh] done in 439ms @ http://localhost:3000/_next/static/chunks/node_modules_next_dist_1e8vcs8._.js:776
[ 1657906ms] [LOG] [Fast Refresh] done in 439ms @ http://localhost:3000/_next/static/chunks/node_modules_next_dist_1e8vcs8._.js:776
[ 1657983ms] [LOG] [Fast Refresh] done in 439ms @ http://localhost:3000/_next/static/chunks/node_modules_next_dist_1e8vcs8._.js:776
[ 1658047ms] [LOG] [Fast Refresh] done in 439ms @ http://localhost:3000/_next/static/chunks/node_modules_next_dist_1e8vcs8._.js:776
[ 1658106ms] [LOG] [Fast Refresh] done in 439ms @ http://localhost:3000/_next/static/chunks/node_modules_next_dist_1e8vcs8._.js:776
[ 1658170ms] [LOG] [Fast Refresh] done in 439ms @ http://localhost:3000/_next/static/chunks/node_modules_next_dist_1e8vcs8._.js:776
[ 1658233ms] [LOG] [Fast Refresh] done in 439ms @ http://localhost:3000/_next/static/chunks/node_modules_next_dist_1e8vcs8._.js:776
[ 1658297ms] [LOG] [Fast Refresh] done in 439ms @ http://localhost:3000/_next/static/chunks/node_modules_next_dist_1e8vcs8._.js:776
[ 1658363ms] [LOG] [Fast Refresh] done in 439ms @ http://localhost:3000/_next/static/chunks/node_modules_next_dist_1e8vcs8._.js:776
[ 1658420ms] [LOG] [Fast Refresh] done in 439ms @ http://localhost:3000/_next/static/chunks/node_modules_next_dist_1e8vcs8._.js:776
[ 1658483ms] [LOG] [Fast Refresh] done in 439ms @ http://localhost:3000/_next/static/chunks/node_modules_next_dist_1e8vcs8._.js:776
[ 1658547ms] [LOG] [Fast Refresh] done in 439ms @ http://localhost:3000/_next/static/chunks/node_modules_next_dist_1e8vcs8._.js:776
[ 1658613ms] [LOG] [Fast Refresh] done in 439ms @ http://localhost:3000/_next/static/chunks/node_modules_next_dist_1e8vcs8._.js:776
[ 1658672ms] [LOG] [Fast Refresh] done in 439ms @ http://localhost:3000/_next/static/chunks/node_modules_next_dist_1e8vcs8._.js:776
[ 1658735ms] [LOG] [Fast Refresh] done in 439ms @ http://localhost:3000/_next/static/chunks/node_modules_next_dist_1e8vcs8._.js:776
[ 1658798ms] [LOG] [Fast Refresh] done in 439ms @ http://localhost:3000/_next/static/chunks/node_modules_next_dist_1e8vcs8._.js:776
[ 1658862ms] [LOG] [Fast Refresh] done in 439ms @ http://localhost:3000/_next/static/chunks/node_modules_next_dist_1e8vcs8._.js:776
[ 1658922ms] [LOG] [Fast Refresh] done in 439ms @ http://localhost:3000/_next/static/chunks/node_modules_next_dist_1e8vcs8._.js:776
[ 1658985ms] [LOG] [Fast Refresh] done in 439ms @ http://localhost:3000/_next/static/chunks/node_modules_next_dist_1e8vcs8._.js:776
[ 1659048ms] [LOG] [Fast Refresh] done in 439ms @ http://localhost:3000/_next/static/chunks/node_modules_next_dist_1e8vcs8._.js:776
[ 1659108ms] [LOG] [Fast Refresh] done in 439ms @ http://localhost:3000/_next/static/chunks/node_modules_next_dist_1e8vcs8._.js:776
[ 1659170ms] [LOG] [Fast Refresh] done in 439ms @ http://localhost:3000/_next/static/chunks/node_modules_next_dist_1e8vcs8._.js:776
[ 1659234ms] [LOG] [Fast Refresh] done in 439ms @ http://localhost:3000/_next/static/chunks/node_modules_next_dist_1e8vcs8._.js:776
[ 1659297ms] [LOG] [Fast Refresh] done in 439ms @ http://localhost:3000/_next/static/chunks/node_modules_next_dist_1e8vcs8._.js:776
[ 1659363ms] [LOG] [Fast Refresh] done in 439ms @ http://localhost:3000/_next/static/chunks/node_modules_next_dist_1e8vcs8._.js:776
[ 1659421ms] [LOG] [Fast Refresh] done in 439ms @ http://localhost:3000/_next/static/chunks/node_modules_next_dist_1e8vcs8._.js:776
[ 1659483ms] [LOG] [Fast Refresh] done in 439ms @ http://localhost:3000/_next/static/chunks/node_modules_next_dist_1e8vcs8._.js:776
[ 1659548ms] [LOG] [Fast Refresh] done in 439ms @ http://localhost:3000/_next/static/chunks/node_modules_next_dist_1e8vcs8._.js:776
[ 1659614ms] [LOG] [Fast Refresh] done in 439ms @ http://localhost:3000/_next/static/chunks/node_modules_next_dist_1e8vcs8._.js:776
[ 1659671ms] [LOG] [Fast Refresh] done in 439ms @ http://localhost:3000/_next/static/chunks/node_modules_next_dist_1e8vcs8._.js:776
[ 1659732ms] [LOG] [Fast Refresh] done in 439ms @ http://localhost:3000/_next/static/chunks/node_modules_next_dist_1e8vcs8._.js:776
[ 1659795ms] [LOG] [Fast Refresh] done in 439ms @ http://localhost:3000/_next/static/chunks/node_modules_next_dist_1e8vcs8._.js:776
[ 1659856ms] [LOG] [Fast Refresh] done in 439ms @ http://localhost:3000/_next/static/chunks/node_modules_next_dist_1e8vcs8._.js:776
[ 1659918ms] [LOG] [Fast Refresh] done in 439ms @ http://localhost:3000/_next/static/chunks/node_modules_next_dist_1e8vcs8._.js:776
[ 1659980ms] [LOG] [Fast Refresh] done in 439ms @ http://localhost:3000/_next/static/chunks/node_modules_next_dist_1e8vcs8._.js:776
[ 1660046ms] [LOG] [Fast Refresh] done in 439ms @ http://localhost:3000/_next/static/chunks/node_modules_next_dist_1e8vcs8._.js:776
[ 1660106ms] [LOG] [Fast Refresh] done in 439ms @ http://localhost:3000/_next/static/chunks/node_modules_next_dist_1e8vcs8._.js:776
[ 1660169ms] [LOG] [Fast Refresh] done in 439ms @ http://localhost:3000/_next/static/chunks/node_modules_next_dist_1e8vcs8._.js:776
[ 1660231ms] [LOG] [Fast Refresh] done in 439ms @ http://localhost:3000/_next/static/chunks/node_modules_next_dist_1e8vcs8._.js:776
[ 1660296ms] [LOG] [Fast Refresh] done in 439ms @ http://localhost:3000/_next/static/chunks/node_modules_next_dist_1e8vcs8._.js:776
[ 1660356ms] [LOG] [Fast Refresh] done in 439ms @ http://localhost:3000/_next/static/chunks/node_modules_next_dist_1e8vcs8._.js:776
[ 1660418ms] [LOG] [Fast Refresh] done in 439ms @ http://localhost:3000/_next/static/chunks/node_modules_next_dist_1e8vcs8._.js:776
[ 1660481ms] [LOG] [Fast Refresh] done in 439ms @ http://localhost:3000/_next/static/chunks/node_modules_next_dist_1e8vcs8._.js:776
[ 1660546ms] [LOG] [Fast Refresh] done in 439ms @ http://localhost:3000/_next/static/chunks/node_modules_next_dist_1e8vcs8._.js:776
[ 1660611ms] [LOG] [Fast Refresh] done in 439ms @ http://localhost:3000/_next/static/chunks/node_modules_next_dist_1e8vcs8._.js:776
[ 1660671ms] [LOG] [Fast Refresh] done in 439ms @ http://localhost:3000/_next/static/chunks/node_modules_next_dist_1e8vcs8._.js:776
[ 1660734ms] [LOG] [Fast Refresh] done in 439ms @ http://localhost:3000/_next/static/chunks/node_modules_next_dist_1e8vcs8._.js:776
[ 1660797ms] [LOG] [Fast Refresh] done in 439ms @ http://localhost:3000/_next/static/chunks/node_modules_next_dist_1e8vcs8._.js:776
[ 1660861ms] [LOG] [Fast Refresh] done in 439ms @ http://localhost:3000/_next/static/chunks/node_modules_next_dist_1e8vcs8._.js:776
[ 1660921ms] [LOG] [Fast Refresh] done in 439ms @ http://localhost:3000/_next/static/chunks/node_modules_next_dist_1e8vcs8._.js:776
[ 1660984ms] [LOG] [Fast Refresh] done in 439ms @ http://localhost:3000/_next/static/chunks/node_modules_next_dist_1e8vcs8._.js:776
[ 1661048ms] [LOG] [Fast Refresh] done in 439ms @ http://localhost:3000/_next/static/chunks/node_modules_next_dist_1e8vcs8._.js:776
[ 1661104ms] [LOG] [Fast Refresh] done in 439ms @ http://localhost:3000/_next/static/chunks/node_modules_next_dist_1e8vcs8._.js:776
[ 1661330ms] [LOG] [Fast Refresh] rebuilding @ http://localhost:3000/_next/static/chunks/node_modules_next_dist_1e8vcs8._.js:776
[ 1661537ms] [LOG] [Fast Refresh] done in 296ms @ http://localhost:3000/_next/static/chunks/node_modules_next_dist_1e8vcs8._.js:776
[ 1661665ms] [LOG] [Fast Refresh] done in 296ms @ http://localhost:3000/_next/static/chunks/node_modules_next_dist_1e8vcs8._.js:776
[ 1661867ms] [LOG] [Fast Refresh] done in 296ms @ http://localhost:3000/_next/static/chunks/node_modules_next_dist_1e8vcs8._.js:776
[ 1661951ms] [LOG] [Fast Refresh] done in 296ms @ http://localhost:3000/_next/static/chunks/node_modules_next_dist_1e8vcs8._.js:776
[ 1662035ms] [LOG] [Fast Refresh] done in 296ms @ http://localhost:3000/_next/static/chunks/node_modules_next_dist_1e8vcs8._.js:776
[ 1662106ms] [LOG] [Fast Refresh] done in 296ms @ http://localhost:3000/_next/static/chunks/node_modules_next_dist_1e8vcs8._.js:776
[ 1662191ms] [LOG] [Fast Refresh] done in 296ms @ http://localhost:3000/_next/static/chunks/node_modules_next_dist_1e8vcs8._.js:776
[ 1662289ms] [LOG] [Fast Refresh] done in 296ms @ http://localhost:3000/_next/static/chunks/node_modules_next_dist_1e8vcs8._.js:776
[ 1662371ms] [LOG] [Fast Refresh] done in 296ms @ http://localhost:3000/_next/static/chunks/node_modules_next_dist_1e8vcs8._.js:776
[ 1662483ms] [LOG] [Fast Refresh] done in 296ms @ http://localhost:3000/_next/static/chunks/node_modules_next_dist_1e8vcs8._.js:776
[ 1662563ms] [LOG] [Fast Refresh] done in 296ms @ http://localhost:3000/_next/static/chunks/node_modules_next_dist_1e8vcs8._.js:776
[ 1662635ms] [LOG] [Fast Refresh] done in 296ms @ http://localhost:3000/_next/static/chunks/node_modules_next_dist_1e8vcs8._.js:776
[ 1662716ms] [LOG] [Fast Refresh] done in 296ms @ http://localhost:3000/_next/static/chunks/node_modules_next_dist_1e8vcs8._.js:776
[ 1662794ms] [LOG] [Fast Refresh] done in 296ms @ http://localhost:3000/_next/static/chunks/node_modules_next_dist_1e8vcs8._.js:776
[ 1662871ms] [LOG] [Fast Refresh] done in 296ms @ http://localhost:3000/_next/static/chunks/node_modules_next_dist_1e8vcs8._.js:776
[ 1662937ms] [LOG] [Fast Refresh] done in 296ms @ http://localhost:3000/_next/static/chunks/node_modules_next_dist_1e8vcs8._.js:776
[ 1663036ms] [LOG] [Fast Refresh] done in 296ms @ http://localhost:3000/_next/static/chunks/node_modules_next_dist_1e8vcs8._.js:776
[ 1663118ms] [LOG] [Fast Refresh] done in 296ms @ http://localhost:3000/_next/static/chunks/node_modules_next_dist_1e8vcs8._.js:776
[ 1663201ms] [LOG] [Fast Refresh] done in 296ms @ http://localhost:3000/_next/static/chunks/node_modules_next_dist_1e8vcs8._.js:776
[ 1663273ms] [LOG] [Fast Refresh] done in 296ms @ http://localhost:3000/_next/static/chunks/node_modules_next_dist_1e8vcs8._.js:776
[ 1663352ms] [LOG] [Fast Refresh] done in 296ms @ http://localhost:3000/_next/static/chunks/node_modules_next_dist_1e8vcs8._.js:776
[ 1663432ms] [LOG] [Fast Refresh] done in 296ms @ http://localhost:3000/_next/static/chunks/node_modules_next_dist_1e8vcs8._.js:776
[ 1663510ms] [LOG] [Fast Refresh] done in 296ms @ http://localhost:3000/_next/static/chunks/node_modules_next_dist_1e8vcs8._.js:776
[ 1663585ms] [LOG] [Fast Refresh] done in 296ms @ http://localhost:3000/_next/static/chunks/node_modules_next_dist_1e8vcs8._.js:776
[ 1663695ms] [LOG] [Fast Refresh] done in 296ms @ http://localhost:3000/_next/static/chunks/node_modules_next_dist_1e8vcs8._.js:776
[ 1663754ms] [LOG] [Fast Refresh] done in 296ms @ http://localhost:3000/_next/static/chunks/node_modules_next_dist_1e8vcs8._.js:776
[ 1663818ms] [LOG] [Fast Refresh] done in 296ms @ http://localhost:3000/_next/static/chunks/node_modules_next_dist_1e8vcs8._.js:776
[ 1663881ms] [LOG] [Fast Refresh] done in 296ms @ http://localhost:3000/_next/static/chunks/node_modules_next_dist_1e8vcs8._.js:776
[ 1663939ms] [LOG] [Fast Refresh] done in 296ms @ http://localhost:3000/_next/static/chunks/node_modules_next_dist_1e8vcs8._.js:776
[ 1664018ms] [LOG] [Fast Refresh] done in 296ms @ http://localhost:3000/_next/static/chunks/node_modules_next_dist_1e8vcs8._.js:776
[ 1664097ms] [LOG] [Fast Refresh] done in 296ms @ http://localhost:3000/_next/static/chunks/node_modules_next_dist_1e8vcs8._.js:776
[ 1664155ms] [LOG] [Fast Refresh] done in 296ms @ http://localhost:3000/_next/static/chunks/node_modules_next_dist_1e8vcs8._.js:776
[ 1664217ms] [LOG] [Fast Refresh] done in 296ms @ http://localhost:3000/_next/static/chunks/node_modules_next_dist_1e8vcs8._.js:776
[ 1664281ms] [LOG] [Fast Refresh] done in 296ms @ http://localhost:3000/_next/static/chunks/node_modules_next_dist_1e8vcs8._.js:776
[ 1664340ms] [LOG] [Fast Refresh] done in 296ms @ http://localhost:3000/_next/static/chunks/node_modules_next_dist_1e8vcs8._.js:776
[ 1664402ms] [LOG] [Fast Refresh] done in 296ms @ http://localhost:3000/_next/static/chunks/node_modules_next_dist_1e8vcs8._.js:776
[ 1664464ms] [LOG] [Fast Refresh] done in 296ms @ http://localhost:3000/_next/static/chunks/node_modules_next_dist_1e8vcs8._.js:776
[ 1664529ms] [LOG] [Fast Refresh] done in 296ms @ http://localhost:3000/_next/static/chunks/node_modules_next_dist_1e8vcs8._.js:776
[ 1664586ms] [LOG] [Fast Refresh] done in 296ms @ http://localhost:3000/_next/static/chunks/node_modules_next_dist_1e8vcs8._.js:776
[ 1664650ms] [LOG] [Fast Refresh] done in 296ms @ http://localhost:3000/_next/static/chunks/node_modules_next_dist_1e8vcs8._.js:776
[ 1664714ms] [LOG] [Fast Refresh] done in 296ms @ http://localhost:3000/_next/static/chunks/node_modules_next_dist_1e8vcs8._.js:776
[ 1664778ms] [LOG] [Fast Refresh] done in 296ms @ http://localhost:3000/_next/static/chunks/node_modules_next_dist_1e8vcs8._.js:776
[ 1664835ms] [LOG] [Fast Refresh] done in 296ms @ http://localhost:3000/_next/static/chunks/node_modules_next_dist_1e8vcs8._.js:776
[ 1664898ms] [LOG] [Fast Refresh] done in 296ms @ http://localhost:3000/_next/static/chunks/node_modules_next_dist_1e8vcs8._.js:776
[ 1664963ms] [LOG] [Fast Refresh] done in 296ms @ http://localhost:3000/_next/static/chunks/node_modules_next_dist_1e8vcs8._.js:776
[ 1665022ms] [LOG] [Fast Refresh] done in 296ms @ http://localhost:3000/_next/static/chunks/node_modules_next_dist_1e8vcs8._.js:776
[ 1665085ms] [LOG] [Fast Refresh] done in 296ms @ http://localhost:3000/_next/static/chunks/node_modules_next_dist_1e8vcs8._.js:776
[ 1665148ms] [LOG] [Fast Refresh] done in 296ms @ http://localhost:3000/_next/static/chunks/node_modules_next_dist_1e8vcs8._.js:776
[ 1665213ms] [LOG] [Fast Refresh] done in 296ms @ http://localhost:3000/_next/static/chunks/node_modules_next_dist_1e8vcs8._.js:776
[ 1665273ms] [LOG] [Fast Refresh] done in 296ms @ http://localhost:3000/_next/static/chunks/node_modules_next_dist_1e8vcs8._.js:776
[ 1665335ms] [LOG] [Fast Refresh] done in 296ms @ http://localhost:3000/_next/static/chunks/node_modules_next_dist_1e8vcs8._.js:776
[ 1665397ms] [LOG] [Fast Refresh] done in 296ms @ http://localhost:3000/_next/static/chunks/node_modules_next_dist_1e8vcs8._.js:776
[ 1665463ms] [LOG] [Fast Refresh] done in 296ms @ http://localhost:3000/_next/static/chunks/node_modules_next_dist_1e8vcs8._.js:776
[ 1665522ms] [LOG] [Fast Refresh] done in 296ms @ http://localhost:3000/_next/static/chunks/node_modules_next_dist_1e8vcs8._.js:776
[ 1665585ms] [LOG] [Fast Refresh] done in 296ms @ http://localhost:3000/_next/static/chunks/node_modules_next_dist_1e8vcs8._.js:776
[ 1665648ms] [LOG] [Fast Refresh] done in 296ms @ http://localhost:3000/_next/static/chunks/node_modules_next_dist_1e8vcs8._.js:776
[ 1665714ms] [LOG] [Fast Refresh] done in 296ms @ http://localhost:3000/_next/static/chunks/node_modules_next_dist_1e8vcs8._.js:776
[ 1665773ms] [LOG] [Fast Refresh] done in 296ms @ http://localhost:3000/_next/static/chunks/node_modules_next_dist_1e8vcs8._.js:776
[ 1665834ms] [LOG] [Fast Refresh] done in 296ms @ http://localhost:3000/_next/static/chunks/node_modules_next_dist_1e8vcs8._.js:776
[ 1665898ms] [LOG] [Fast Refresh] done in 296ms @ http://localhost:3000/_next/static/chunks/node_modules_next_dist_1e8vcs8._.js:776
[ 1665963ms] [LOG] [Fast Refresh] done in 296ms @ http://localhost:3000/_next/static/chunks/node_modules_next_dist_1e8vcs8._.js:776
[ 1666023ms] [LOG] [Fast Refresh] done in 296ms @ http://localhost:3000/_next/static/chunks/node_modules_next_dist_1e8vcs8._.js:776
[ 1666086ms] [LOG] [Fast Refresh] done in 296ms @ http://localhost:3000/_next/static/chunks/node_modules_next_dist_1e8vcs8._.js:776
[ 1666148ms] [LOG] [Fast Refresh] done in 296ms @ http://localhost:3000/_next/static/chunks/node_modules_next_dist_1e8vcs8._.js:776
[ 1666214ms] [LOG] [Fast Refresh] done in 296ms @ http://localhost:3000/_next/static/chunks/node_modules_next_dist_1e8vcs8._.js:776
[ 1666271ms] [LOG] [Fast Refresh] done in 296ms @ http://localhost:3000/_next/static/chunks/node_modules_next_dist_1e8vcs8._.js:776
[ 1666350ms] [LOG] [Fast Refresh] done in 296ms @ http://localhost:3000/_next/static/chunks/node_modules_next_dist_1e8vcs8._.js:776
[ 1666413ms] [LOG] [Fast Refresh] done in 296ms @ http://localhost:3000/_next/static/chunks/node_modules_next_dist_1e8vcs8._.js:776
[ 1666480ms] [LOG] [Fast Refresh] done in 296ms @ http://localhost:3000/_next/static/chunks/node_modules_next_dist_1e8vcs8._.js:776
[ 1666554ms] [LOG] [Fast Refresh] done in 296ms @ http://localhost:3000/_next/static/chunks/node_modules_next_dist_1e8vcs8._.js:776
[ 1666617ms] [LOG] [Fast Refresh] done in 296ms @ http://localhost:3000/_next/static/chunks/node_modules_next_dist_1e8vcs8._.js:776
[ 1666682ms] [LOG] [Fast Refresh] done in 296ms @ http://localhost:3000/_next/static/chunks/node_modules_next_dist_1e8vcs8._.js:776
[ 1666791ms] [LOG] [Fast Refresh] done in 296ms @ http://localhost:3000/_next/static/chunks/node_modules_next_dist_1e8vcs8._.js:776
[ 1666883ms] [LOG] [Fast Refresh] done in 296ms @ http://localhost:3000/_next/static/chunks/node_modules_next_dist_1e8vcs8._.js:776
[ 1666947ms] [LOG] [Fast Refresh] done in 296ms @ http://localhost:3000/_next/static/chunks/node_modules_next_dist_1e8vcs8._.js:776
[ 1667008ms] [LOG] [Fast Refresh] done in 296ms @ http://localhost:3000/_next/static/chunks/node_modules_next_dist_1e8vcs8._.js:776
[ 1667085ms] [LOG] [Fast Refresh] done in 296ms @ http://localhost:3000/_next/static/chunks/node_modules_next_dist_1e8vcs8._.js:776
[ 1667150ms] [LOG] [Fast Refresh] done in 296ms @ http://localhost:3000/_next/static/chunks/node_modules_next_dist_1e8vcs8._.js:776
[ 1667214ms] [LOG] [Fast Refresh] done in 296ms @ http://localhost:3000/_next/static/chunks/node_modules_next_dist_1e8vcs8._.js:776
[ 1667280ms] [LOG] [Fast Refresh] done in 296ms @ http://localhost:3000/_next/static/chunks/node_modules_next_dist_1e8vcs8._.js:776
[ 1667337ms] [LOG] [Fast Refresh] done in 296ms @ http://localhost:3000/_next/static/chunks/node_modules_next_dist_1e8vcs8._.js:776
[ 1667401ms] [LOG] [Fast Refresh] done in 296ms @ http://localhost:3000/_next/static/chunks/node_modules_next_dist_1e8vcs8._.js:776
[ 1667463ms] [LOG] [Fast Refresh] done in 296ms @ http://localhost:3000/_next/static/chunks/node_modules_next_dist_1e8vcs8._.js:776
[ 1667523ms] [LOG] [Fast Refresh] done in 296ms @ http://localhost:3000/_next/static/chunks/node_modules_next_dist_1e8vcs8._.js:776
[ 1667587ms] [LOG] [Fast Refresh] done in 296ms @ http://localhost:3000/_next/static/chunks/node_modules_next_dist_1e8vcs8._.js:776
[ 1667651ms] [LOG] [Fast Refresh] done in 296ms @ http://localhost:3000/_next/static/chunks/node_modules_next_dist_1e8vcs8._.js:776
[ 1667713ms] [LOG] [Fast Refresh] done in 296ms @ http://localhost:3000/_next/static/chunks/node_modules_next_dist_1e8vcs8._.js:776
[ 1667779ms] [LOG] [Fast Refresh] done in 296ms @ http://localhost:3000/_next/static/chunks/node_modules_next_dist_1e8vcs8._.js:776
[ 1667836ms] [LOG] [Fast Refresh] done in 296ms @ http://localhost:3000/_next/static/chunks/node_modules_next_dist_1e8vcs8._.js:776
[ 1667900ms] [LOG] [Fast Refresh] done in 296ms @ http://localhost:3000/_next/static/chunks/node_modules_next_dist_1e8vcs8._.js:776
[ 1667963ms] [LOG] [Fast Refresh] done in 296ms @ http://localhost:3000/_next/static/chunks/node_modules_next_dist_1e8vcs8._.js:776
[ 1668024ms] [LOG] [Fast Refresh] done in 296ms @ http://localhost:3000/_next/static/chunks/node_modules_next_dist_1e8vcs8._.js:776
[ 1668086ms] [LOG] [Fast Refresh] done in 296ms @ http://localhost:3000/_next/static/chunks/node_modules_next_dist_1e8vcs8._.js:776
[ 1668148ms] [LOG] [Fast Refresh] done in 296ms @ http://localhost:3000/_next/static/chunks/node_modules_next_dist_1e8vcs8._.js:776
[ 1668213ms] [LOG] [Fast Refresh] done in 296ms @ http://localhost:3000/_next/static/chunks/node_modules_next_dist_1e8vcs8._.js:776
[ 1668272ms] [LOG] [Fast Refresh] done in 296ms @ http://localhost:3000/_next/static/chunks/node_modules_next_dist_1e8vcs8._.js:776
[ 1668335ms] [LOG] [Fast Refresh] done in 296ms @ http://localhost:3000/_next/static/chunks/node_modules_next_dist_1e8vcs8._.js:776
[ 1668398ms] [LOG] [Fast Refresh] done in 296ms @ http://localhost:3000/_next/static/chunks/node_modules_next_dist_1e8vcs8._.js:776
[ 1668464ms] [LOG] [Fast Refresh] done in 296ms @ http://localhost:3000/_next/static/chunks/node_modules_next_dist_1e8vcs8._.js:776
[ 1668523ms] [LOG] [Fast Refresh] done in 296ms @ http://localhost:3000/_next/static/chunks/node_modules_next_dist_1e8vcs8._.js:776
[ 1668585ms] [LOG] [Fast Refresh] done in 296ms @ http://localhost:3000/_next/static/chunks/node_modules_next_dist_1e8vcs8._.js:776
[ 1668648ms] [LOG] [Fast Refresh] done in 296ms @ http://localhost:3000/_next/static/chunks/node_modules_next_dist_1e8vcs8._.js:776
[ 1668714ms] [LOG] [Fast Refresh] done in 296ms @ http://localhost:3000/_next/static/chunks/node_modules_next_dist_1e8vcs8._.js:776
[ 1668771ms] [LOG] [Fast Refresh] done in 296ms @ http://localhost:3000/_next/static/chunks/node_modules_next_dist_1e8vcs8._.js:776
[ 1668834ms] [LOG] [Fast Refresh] done in 296ms @ http://localhost:3000/_next/static/chunks/node_modules_next_dist_1e8vcs8._.js:776
[ 1668897ms] [LOG] [Fast Refresh] done in 296ms @ http://localhost:3000/_next/static/chunks/node_modules_next_dist_1e8vcs8._.js:776
[ 1668964ms] [LOG] [Fast Refresh] done in 296ms @ http://localhost:3000/_next/static/chunks/node_modules_next_dist_1e8vcs8._.js:776
[ 1669021ms] [LOG] [Fast Refresh] done in 296ms @ http://localhost:3000/_next/static/chunks/node_modules_next_dist_1e8vcs8._.js:776
[ 1669084ms] [LOG] [Fast Refresh] done in 296ms @ http://localhost:3000/_next/static/chunks/node_modules_next_dist_1e8vcs8._.js:776
[ 1669147ms] [LOG] [Fast Refresh] done in 296ms @ http://localhost:3000/_next/static/chunks/node_modules_next_dist_1e8vcs8._.js:776
[ 1669212ms] [LOG] [Fast Refresh] done in 296ms @ http://localhost:3000/_next/static/chunks/node_modules_next_dist_1e8vcs8._.js:776
[ 1669271ms] [LOG] [Fast Refresh] done in 296ms @ http://localhost:3000/_next/static/chunks/node_modules_next_dist_1e8vcs8._.js:776
[ 1669334ms] [LOG] [Fast Refresh] done in 296ms @ http://localhost:3000/_next/static/chunks/node_modules_next_dist_1e8vcs8._.js:776
[ 1669396ms] [LOG] [Fast Refresh] done in 296ms @ http://localhost:3000/_next/static/chunks/node_modules_next_dist_1e8vcs8._.js:776
[ 1669462ms] [LOG] [Fast Refresh] done in 296ms @ http://localhost:3000/_next/static/chunks/node_modules_next_dist_1e8vcs8._.js:776
[ 1669534ms] [LOG] [Fast Refresh] done in 296ms @ http://localhost:3000/_next/static/chunks/node_modules_next_dist_1e8vcs8._.js:776
[ 1669599ms] [LOG] [Fast Refresh] done in 296ms @ http://localhost:3000/_next/static/chunks/node_modules_next_dist_1e8vcs8._.js:776
[ 1669664ms] [LOG] [Fast Refresh] done in 296ms @ http://localhost:3000/_next/static/chunks/node_modules_next_dist_1e8vcs8._.js:776
[ 1669722ms] [LOG] [Fast Refresh] done in 296ms @ http://localhost:3000/_next/static/chunks/node_modules_next_dist_1e8vcs8._.js:776
[ 1669786ms] [LOG] [Fast Refresh] done in 296ms @ http://localhost:3000/_next/static/chunks/node_modules_next_dist_1e8vcs8._.js:776
[ 1669849ms] [LOG] [Fast Refresh] done in 296ms @ http://localhost:3000/_next/static/chunks/node_modules_next_dist_1e8vcs8._.js:776
[ 1669914ms] [LOG] [Fast Refresh] done in 296ms @ http://localhost:3000/_next/static/chunks/node_modules_next_dist_1e8vcs8._.js:776
[ 1669974ms] [LOG] [Fast Refresh] done in 296ms @ http://localhost:3000/_next/static/chunks/node_modules_next_dist_1e8vcs8._.js:776
[ 1670037ms] [LOG] [Fast Refresh] done in 296ms @ http://localhost:3000/_next/static/chunks/node_modules_next_dist_1e8vcs8._.js:776
[ 1670099ms] [LOG] [Fast Refresh] done in 296ms @ http://localhost:3000/_next/static/chunks/node_modules_next_dist_1e8vcs8._.js:776
[ 1670163ms] [LOG] [Fast Refresh] done in 296ms @ http://localhost:3000/_next/static/chunks/node_modules_next_dist_1e8vcs8._.js:776
[ 1670224ms] [LOG] [Fast Refresh] done in 296ms @ http://localhost:3000/_next/static/chunks/node_modules_next_dist_1e8vcs8._.js:776
[ 1670288ms] [LOG] [Fast Refresh] done in 296ms @ http://localhost:3000/_next/static/chunks/node_modules_next_dist_1e8vcs8._.js:776
[ 1670351ms] [LOG] [Fast Refresh] done in 296ms @ http://localhost:3000/_next/static/chunks/node_modules_next_dist_1e8vcs8._.js:776
[ 1670413ms] [LOG] [Fast Refresh] done in 296ms @ http://localhost:3000/_next/static/chunks/node_modules_next_dist_1e8vcs8._.js:776
[ 1670479ms] [LOG] [Fast Refresh] done in 296ms @ http://localhost:3000/_next/static/chunks/node_modules_next_dist_1e8vcs8._.js:776
[ 1670538ms] [LOG] [Fast Refresh] done in 296ms @ http://localhost:3000/_next/static/chunks/node_modules_next_dist_1e8vcs8._.js:776
[ 1670602ms] [LOG] [Fast Refresh] done in 296ms @ http://localhost:3000/_next/static/chunks/node_modules_next_dist_1e8vcs8._.js:776
[ 1670664ms] [LOG] [Fast Refresh] done in 296ms @ http://localhost:3000/_next/static/chunks/node_modules_next_dist_1e8vcs8._.js:776
[ 1670729ms] [LOG] [Fast Refresh] done in 296ms @ http://localhost:3000/_next/static/chunks/node_modules_next_dist_1e8vcs8._.js:776
[ 1670791ms] [LOG] [Fast Refresh] done in 296ms @ http://localhost:3000/_next/static/chunks/node_modules_next_dist_1e8vcs8._.js:776
[ 1670852ms] [LOG] [Fast Refresh] done in 296ms @ http://localhost:3000/_next/static/chunks/node_modules_next_dist_1e8vcs8._.js:776
[ 1670915ms] [LOG] [Fast Refresh] done in 296ms @ http://localhost:3000/_next/static/chunks/node_modules_next_dist_1e8vcs8._.js:776
[ 1670980ms] [LOG] [Fast Refresh] done in 296ms @ http://localhost:3000/_next/static/chunks/node_modules_next_dist_1e8vcs8._.js:776
[ 1671039ms] [LOG] [Fast Refresh] done in 296ms @ http://localhost:3000/_next/static/chunks/node_modules_next_dist_1e8vcs8._.js:776
[ 1671102ms] [LOG] [Fast Refresh] done in 296ms @ http://localhost:3000/_next/static/chunks/node_modules_next_dist_1e8vcs8._.js:776
[ 1671164ms] [LOG] [Fast Refresh] done in 296ms @ http://localhost:3000/_next/static/chunks/node_modules_next_dist_1e8vcs8._.js:776
[ 1671231ms] [LOG] [Fast Refresh] done in 296ms @ http://localhost:3000/_next/static/chunks/node_modules_next_dist_1e8vcs8._.js:776
[ 1671286ms] [LOG] [Fast Refresh] done in 296ms @ http://localhost:3000/_next/static/chunks/node_modules_next_dist_1e8vcs8._.js:776
[ 1671349ms] [LOG] [Fast Refresh] done in 296ms @ http://localhost:3000/_next/static/chunks/node_modules_next_dist_1e8vcs8._.js:776
[ 1671413ms] [LOG] [Fast Refresh] done in 296ms @ http://localhost:3000/_next/static/chunks/node_modules_next_dist_1e8vcs8._.js:776
[ 1671472ms] [LOG] [Fast Refresh] done in 296ms @ http://localhost:3000/_next/static/chunks/node_modules_next_dist_1e8vcs8._.js:776
[ 1671535ms] [LOG] [Fast Refresh] done in 296ms @ http://localhost:3000/_next/static/chunks/node_modules_next_dist_1e8vcs8._.js:776
[ 1671597ms] [LOG] [Fast Refresh] done in 296ms @ http://localhost:3000/_next/static/chunks/node_modules_next_dist_1e8vcs8._.js:776
[ 1671664ms] [LOG] [Fast Refresh] done in 296ms @ http://localhost:3000/_next/static/chunks/node_modules_next_dist_1e8vcs8._.js:776
[ 1671722ms] [LOG] [Fast Refresh] done in 296ms @ http://localhost:3000/_next/static/chunks/node_modules_next_dist_1e8vcs8._.js:776
[ 1671784ms] [LOG] [Fast Refresh] done in 296ms @ http://localhost:3000/_next/static/chunks/node_modules_next_dist_1e8vcs8._.js:776
[ 1671847ms] [LOG] [Fast Refresh] done in 296ms @ http://localhost:3000/_next/static/chunks/node_modules_next_dist_1e8vcs8._.js:776
[ 1671913ms] [LOG] [Fast Refresh] done in 296ms @ http://localhost:3000/_next/static/chunks/node_modules_next_dist_1e8vcs8._.js:776
[ 1671972ms] [LOG] [Fast Refresh] done in 296ms @ http://localhost:3000/_next/static/chunks/node_modules_next_dist_1e8vcs8._.js:776
[ 1672035ms] [LOG] [Fast Refresh] done in 296ms @ http://localhost:3000/_next/static/chunks/node_modules_next_dist_1e8vcs8._.js:776
[ 1672114ms] [LOG] [Fast Refresh] done in 296ms @ http://localhost:3000/_next/static/chunks/node_modules_next_dist_1e8vcs8._.js:776
[ 1672175ms] [LOG] [Fast Refresh] done in 296ms @ http://localhost:3000/_next/static/chunks/node_modules_next_dist_1e8vcs8._.js:776
[ 1672236ms] [LOG] [Fast Refresh] done in 296ms @ http://localhost:3000/_next/static/chunks/node_modules_next_dist_1e8vcs8._.js:776
[ 1672300ms] [LOG] [Fast Refresh] done in 296ms @ http://localhost:3000/_next/static/chunks/node_modules_next_dist_1e8vcs8._.js:776
[ 1672364ms] [LOG] [Fast Refresh] done in 296ms @ http://localhost:3000/_next/static/chunks/node_modules_next_dist_1e8vcs8._.js:776
[ 1672428ms] [LOG] [Fast Refresh] done in 296ms @ http://localhost:3000/_next/static/chunks/node_modules_next_dist_1e8vcs8._.js:776
[ 1672487ms] [LOG] [Fast Refresh] done in 296ms @ http://localhost:3000/_next/static/chunks/node_modules_next_dist_1e8vcs8._.js:776
[ 1672550ms] [LOG] [Fast Refresh] done in 296ms @ http://localhost:3000/_next/static/chunks/node_modules_next_dist_1e8vcs8._.js:776
[ 1672613ms] [LOG] [Fast Refresh] done in 296ms @ http://localhost:3000/_next/static/chunks/node_modules_next_dist_1e8vcs8._.js:776
[ 1672678ms] [LOG] [Fast Refresh] done in 296ms @ http://localhost:3000/_next/static/chunks/node_modules_next_dist_1e8vcs8._.js:776
[ 1672737ms] [LOG] [Fast Refresh] done in 296ms @ http://localhost:3000/_next/static/chunks/node_modules_next_dist_1e8vcs8._.js:776
[ 1672800ms] [LOG] [Fast Refresh] done in 296ms @ http://localhost:3000/_next/static/chunks/node_modules_next_dist_1e8vcs8._.js:776
[ 1672863ms] [LOG] [Fast Refresh] done in 296ms @ http://localhost:3000/_next/static/chunks/node_modules_next_dist_1e8vcs8._.js:776
[ 1672923ms] [LOG] [Fast Refresh] done in 296ms @ http://localhost:3000/_next/static/chunks/node_modules_next_dist_1e8vcs8._.js:776
[ 1672985ms] [LOG] [Fast Refresh] done in 296ms @ http://localhost:3000/_next/static/chunks/node_modules_next_dist_1e8vcs8._.js:776
[ 1673048ms] [LOG] [Fast Refresh] done in 296ms @ http://localhost:3000/_next/static/chunks/node_modules_next_dist_1e8vcs8._.js:776
[ 1673113ms] [LOG] [Fast Refresh] done in 296ms @ http://localhost:3000/_next/static/chunks/node_modules_next_dist_1e8vcs8._.js:776
[ 1673170ms] [LOG] [Fast Refresh] done in 296ms @ http://localhost:3000/_next/static/chunks/node_modules_next_dist_1e8vcs8._.js:776
[ 1673234ms] [LOG] [Fast Refresh] done in 296ms @ http://localhost:3000/_next/static/chunks/node_modules_next_dist_1e8vcs8._.js:776
[ 1673297ms] [LOG] [Fast Refresh] done in 296ms @ http://localhost:3000/_next/static/chunks/node_modules_next_dist_1e8vcs8._.js:776
[ 1673364ms] [LOG] [Fast Refresh] done in 296ms @ http://localhost:3000/_next/static/chunks/node_modules_next_dist_1e8vcs8._.js:776
[ 1673420ms] [LOG] [Fast Refresh] done in 296ms @ http://localhost:3000/_next/static/chunks/node_modules_next_dist_1e8vcs8._.js:776
[ 1673484ms] [LOG] [Fast Refresh] done in 296ms @ http://localhost:3000/_next/static/chunks/node_modules_next_dist_1e8vcs8._.js:776
[ 1673547ms] [LOG] [Fast Refresh] done in 296ms @ http://localhost:3000/_next/static/chunks/node_modules_next_dist_1e8vcs8._.js:776
[ 1673612ms] [LOG] [Fast Refresh] done in 296ms @ http://localhost:3000/_next/static/chunks/node_modules_next_dist_1e8vcs8._.js:776
[ 1673669ms] [LOG] [Fast Refresh] done in 296ms @ http://localhost:3000/_next/static/chunks/node_modules_next_dist_1e8vcs8._.js:776
[ 1673733ms] [LOG] [Fast Refresh] done in 296ms @ http://localhost:3000/_next/static/chunks/node_modules_next_dist_1e8vcs8._.js:776
[ 1673796ms] [LOG] [Fast Refresh] done in 296ms @ http://localhost:3000/_next/static/chunks/node_modules_next_dist_1e8vcs8._.js:776
[ 1673857ms] [LOG] [Fast Refresh] done in 296ms @ http://localhost:3000/_next/static/chunks/node_modules_next_dist_1e8vcs8._.js:776
[ 1673919ms] [LOG] [Fast Refresh] done in 296ms @ http://localhost:3000/_next/static/chunks/node_modules_next_dist_1e8vcs8._.js:776
[ 1673981ms] [LOG] [Fast Refresh] done in 296ms @ http://localhost:3000/_next/static/chunks/node_modules_next_dist_1e8vcs8._.js:776
[ 1674046ms] [LOG] [Fast Refresh] done in 296ms @ http://localhost:3000/_next/static/chunks/node_modules_next_dist_1e8vcs8._.js:776
[ 1674104ms] [LOG] [Fast Refresh] done in 296ms @ http://localhost:3000/_next/static/chunks/node_modules_next_dist_1e8vcs8._.js:776
[ 1674168ms] [LOG] [Fast Refresh] done in 296ms @ http://localhost:3000/_next/static/chunks/node_modules_next_dist_1e8vcs8._.js:776
[ 1674230ms] [LOG] [Fast Refresh] done in 296ms @ http://localhost:3000/_next/static/chunks/node_modules_next_dist_1e8vcs8._.js:776
[ 1674290ms] [LOG] [Fast Refresh] done in 296ms @ http://localhost:3000/_next/static/chunks/node_modules_next_dist_1e8vcs8._.js:776
[ 1674353ms] [LOG] [Fast Refresh] done in 296ms @ http://localhost:3000/_next/static/chunks/node_modules_next_dist_1e8vcs8._.js:776
[ 1674416ms] [LOG] [Fast Refresh] done in 296ms @ http://localhost:3000/_next/static/chunks/node_modules_next_dist_1e8vcs8._.js:776
[ 1674480ms] [LOG] [Fast Refresh] done in 296ms @ http://localhost:3000/_next/static/chunks/node_modules_next_dist_1e8vcs8._.js:776
[ 1674539ms] [LOG] [Fast Refresh] done in 296ms @ http://localhost:3000/_next/static/chunks/node_modules_next_dist_1e8vcs8._.js:776
[ 1674602ms] [LOG] [Fast Refresh] done in 296ms @ http://localhost:3000/_next/static/chunks/node_modules_next_dist_1e8vcs8._.js:776
[ 1674665ms] [LOG] [Fast Refresh] done in 296ms @ http://localhost:3000/_next/static/chunks/node_modules_next_dist_1e8vcs8._.js:776
[ 1674729ms] [LOG] [Fast Refresh] done in 296ms @ http://localhost:3000/_next/static/chunks/node_modules_next_dist_1e8vcs8._.js:776
[ 1674787ms] [LOG] [Fast Refresh] done in 296ms @ http://localhost:3000/_next/static/chunks/node_modules_next_dist_1e8vcs8._.js:776
[ 1674850ms] [LOG] [Fast Refresh] done in 296ms @ http://localhost:3000/_next/static/chunks/node_modules_next_dist_1e8vcs8._.js:776
[ 1674914ms] [LOG] [Fast Refresh] done in 296ms @ http://localhost:3000/_next/static/chunks/node_modules_next_dist_1e8vcs8._.js:776
[ 1674979ms] [LOG] [Fast Refresh] done in 296ms @ http://localhost:3000/_next/static/chunks/node_modules_next_dist_1e8vcs8._.js:776
[ 1675037ms] [LOG] [Fast Refresh] done in 296ms @ http://localhost:3000/_next/static/chunks/node_modules_next_dist_1e8vcs8._.js:776
[ 1675116ms] [LOG] [Fast Refresh] done in 296ms @ http://localhost:3000/_next/static/chunks/node_modules_next_dist_1e8vcs8._.js:776
[ 1675180ms] [LOG] [Fast Refresh] done in 296ms @ http://localhost:3000/_next/static/chunks/node_modules_next_dist_1e8vcs8._.js:776
[ 1675263ms] [LOG] [Fast Refresh] done in 296ms @ http://localhost:3000/_next/static/chunks/node_modules_next_dist_1e8vcs8._.js:776
[ 1675368ms] [LOG] [Fast Refresh] done in 296ms @ http://localhost:3000/_next/static/chunks/node_modules_next_dist_1e8vcs8._.js:776
[ 1675449ms] [LOG] [Fast Refresh] done in 296ms @ http://localhost:3000/_next/static/chunks/node_modules_next_dist_1e8vcs8._.js:776
[ 1675506ms] [LOG] [Fast Refresh] done in 296ms @ http://localhost:3000/_next/static/chunks/node_modules_next_dist_1e8vcs8._.js:776
[ 1675569ms] [LOG] [Fast Refresh] done in 296ms @ http://localhost:3000/_next/static/chunks/node_modules_next_dist_1e8vcs8._.js:776
[ 1675632ms] [LOG] [Fast Refresh] done in 296ms @ http://localhost:3000/_next/static/chunks/node_modules_next_dist_1e8vcs8._.js:776
[ 1675697ms] [LOG] [Fast Refresh] done in 296ms @ http://localhost:3000/_next/static/chunks/node_modules_next_dist_1e8vcs8._.js:776
[ 1675755ms] [LOG] [Fast Refresh] done in 296ms @ http://localhost:3000/_next/static/chunks/node_modules_next_dist_1e8vcs8._.js:776
[ 1675818ms] [LOG] [Fast Refresh] done in 296ms @ http://localhost:3000/_next/static/chunks/node_modules_next_dist_1e8vcs8._.js:776
[ 1675881ms] [LOG] [Fast Refresh] done in 296ms @ http://localhost:3000/_next/static/chunks/node_modules_next_dist_1e8vcs8._.js:776
[ 1675941ms] [LOG] [Fast Refresh] done in 296ms @ http://localhost:3000/_next/static/chunks/node_modules_next_dist_1e8vcs8._.js:776
[ 1676003ms] [LOG] [Fast Refresh] done in 296ms @ http://localhost:3000/_next/static/chunks/node_modules_next_dist_1e8vcs8._.js:776
[ 1676066ms] [LOG] [Fast Refresh] done in 296ms @ http://localhost:3000/_next/static/chunks/node_modules_next_dist_1e8vcs8._.js:776
[ 1676130ms] [LOG] [Fast Refresh] done in 296ms @ http://localhost:3000/_next/static/chunks/node_modules_next_dist_1e8vcs8._.js:776
[ 1676190ms] [LOG] [Fast Refresh] done in 296ms @ http://localhost:3000/_next/static/chunks/node_modules_next_dist_1e8vcs8._.js:776
[ 1676252ms] [LOG] [Fast Refresh] done in 296ms @ http://localhost:3000/_next/static/chunks/node_modules_next_dist_1e8vcs8._.js:776
[ 1676317ms] [LOG] [Fast Refresh] done in 296ms @ http://localhost:3000/_next/static/chunks/node_modules_next_dist_1e8vcs8._.js:776
[ 1676380ms] [LOG] [Fast Refresh] done in 296ms @ http://localhost:3000/_next/static/chunks/node_modules_next_dist_1e8vcs8._.js:776
[ 1676440ms] [LOG] [Fast Refresh] done in 296ms @ http://localhost:3000/_next/static/chunks/node_modules_next_dist_1e8vcs8._.js:776
[ 1676505ms] [LOG] [Fast Refresh] done in 296ms @ http://localhost:3000/_next/static/chunks/node_modules_next_dist_1e8vcs8._.js:776
[ 1676567ms] [LOG] [Fast Refresh] done in 296ms @ http://localhost:3000/_next/static/chunks/node_modules_next_dist_1e8vcs8._.js:776
[ 1676631ms] [LOG] [Fast Refresh] done in 296ms @ http://localhost:3000/_next/static/chunks/node_modules_next_dist_1e8vcs8._.js:776
[ 1676695ms] [LOG] [Fast Refresh] done in 296ms @ http://localhost:3000/_next/static/chunks/node_modules_next_dist_1e8vcs8._.js:776
[ 1676753ms] [LOG] [Fast Refresh] done in 296ms @ http://localhost:3000/_next/static/chunks/node_modules_next_dist_1e8vcs8._.js:776
[ 1676816ms] [LOG] [Fast Refresh] done in 296ms @ http://localhost:3000/_next/static/chunks/node_modules_next_dist_1e8vcs8._.js:776
[ 1676879ms] [LOG] [Fast Refresh] done in 296ms @ http://localhost:3000/_next/static/chunks/node_modules_next_dist_1e8vcs8._.js:776
[ 1676940ms] [LOG] [Fast Refresh] done in 296ms @ http://localhost:3000/_next/static/chunks/node_modules_next_dist_1e8vcs8._.js:776
[ 1677001ms] [LOG] [Fast Refresh] done in 296ms @ http://localhost:3000/_next/static/chunks/node_modules_next_dist_1e8vcs8._.js:776
[ 1677065ms] [LOG] [Fast Refresh] done in 296ms @ http://localhost:3000/_next/static/chunks/node_modules_next_dist_1e8vcs8._.js:776
[ 1677130ms] [LOG] [Fast Refresh] done in 296ms @ http://localhost:3000/_next/static/chunks/node_modules_next_dist_1e8vcs8._.js:776
[ 1677187ms] [LOG] [Fast Refresh] done in 296ms @ http://localhost:3000/_next/static/chunks/node_modules_next_dist_1e8vcs8._.js:776
[ 1677251ms] [LOG] [Fast Refresh] done in 296ms @ http://localhost:3000/_next/static/chunks/node_modules_next_dist_1e8vcs8._.js:776
[ 1677314ms] [LOG] [Fast Refresh] done in 296ms @ http://localhost:3000/_next/static/chunks/node_modules_next_dist_1e8vcs8._.js:776
[ 1677381ms] [LOG] [Fast Refresh] done in 296ms @ http://localhost:3000/_next/static/chunks/node_modules_next_dist_1e8vcs8._.js:776
[ 1677439ms] [LOG] [Fast Refresh] done in 296ms @ http://localhost:3000/_next/static/chunks/node_modules_next_dist_1e8vcs8._.js:776
[ 1677502ms] [LOG] [Fast Refresh] done in 296ms @ http://localhost:3000/_next/static/chunks/node_modules_next_dist_1e8vcs8._.js:776
[ 1677565ms] [LOG] [Fast Refresh] done in 296ms @ http://localhost:3000/_next/static/chunks/node_modules_next_dist_1e8vcs8._.js:776
[ 1677629ms] [LOG] [Fast Refresh] done in 296ms @ http://localhost:3000/_next/static/chunks/node_modules_next_dist_1e8vcs8._.js:776
[ 1677689ms] [LOG] [Fast Refresh] done in 296ms @ http://localhost:3000/_next/static/chunks/node_modules_next_dist_1e8vcs8._.js:776
[ 1677752ms] [LOG] [Fast Refresh] done in 296ms @ http://localhost:3000/_next/static/chunks/node_modules_next_dist_1e8vcs8._.js:776
[ 1677814ms] [LOG] [Fast Refresh] done in 296ms @ http://localhost:3000/_next/static/chunks/node_modules_next_dist_1e8vcs8._.js:776
[ 1677879ms] [LOG] [Fast Refresh] done in 296ms @ http://localhost:3000/_next/static/chunks/node_modules_next_dist_1e8vcs8._.js:776
[ 1677938ms] [LOG] [Fast Refresh] done in 296ms @ http://localhost:3000/_next/static/chunks/node_modules_next_dist_1e8vcs8._.js:776
[ 1678001ms] [LOG] [Fast Refresh] done in 296ms @ http://localhost:3000/_next/static/chunks/node_modules_next_dist_1e8vcs8._.js:776
[ 1678063ms] [LOG] [Fast Refresh] done in 296ms @ http://localhost:3000/_next/static/chunks/node_modules_next_dist_1e8vcs8._.js:776
[ 1678124ms] [LOG] [Fast Refresh] done in 296ms @ http://localhost:3000/_next/static/chunks/node_modules_next_dist_1e8vcs8._.js:776
[ 1678186ms] [LOG] [Fast Refresh] done in 296ms @ http://localhost:3000/_next/static/chunks/node_modules_next_dist_1e8vcs8._.js:776
[ 1678250ms] [LOG] [Fast Refresh] done in 296ms @ http://localhost:3000/_next/static/chunks/node_modules_next_dist_1e8vcs8._.js:776
[ 1678313ms] [LOG] [Fast Refresh] done in 296ms @ http://localhost:3000/_next/static/chunks/node_modules_next_dist_1e8vcs8._.js:776
[ 1678374ms] [LOG] [Fast Refresh] done in 296ms @ http://localhost:3000/_next/static/chunks/node_modules_next_dist_1e8vcs8._.js:776
[ 1678435ms] [LOG] [Fast Refresh] done in 296ms @ http://localhost:3000/_next/static/chunks/node_modules_next_dist_1e8vcs8._.js:776
[ 1678499ms] [LOG] [Fast Refresh] done in 296ms @ http://localhost:3000/_next/static/chunks/node_modules_next_dist_1e8vcs8._.js:776
[ 1678562ms] [LOG] [Fast Refresh] done in 296ms @ http://localhost:3000/_next/static/chunks/node_modules_next_dist_1e8vcs8._.js:776
[ 1678639ms] [LOG] [Fast Refresh] done in 296ms @ http://localhost:3000/_next/static/chunks/node_modules_next_dist_1e8vcs8._.js:776
[ 1678701ms] [LOG] [Fast Refresh] done in 296ms @ http://localhost:3000/_next/static/chunks/node_modules_next_dist_1e8vcs8._.js:776
[ 1678768ms] [LOG] [Fast Refresh] done in 296ms @ http://localhost:3000/_next/static/chunks/node_modules_next_dist_1e8vcs8._.js:776
[ 1678979ms] [LOG] [Fast Refresh] rebuilding @ http://localhost:3000/_next/static/chunks/node_modules_next_dist_1e8vcs8._.js:776
[ 1679214ms] [ERROR] ./src/components/contact/ContactForm.tsx:345:1
Error: Unexpected token. Did you mean `{'}'}` or `&rbrace;`?
  343 |         </div>
  344 |     );
> 345 | }
      | ^
  346 |

Parsing ecmascript source code failed

Generated code of loaders [next/dist/build/babel/loader] transform of file content of src/components/contact/ContactForm.tsx:
./src/components/contact/ContactForm.tsx:345:1
  343 |         </div>
  344 |     );
> 345 | }
      | ^
  346 |

Import traces:
  Client Component Browser:
    ./src/components/contact/ContactForm.tsx [Client Component Browser]
    ./src/components/contact/ContactSequence.tsx [Client Component Browser]
    ./src/components/contact/ContactSequence.tsx [Server Component]
    ./src/app/page.tsx [Server Component]

  Client Component SSR:
    ./src/components/contact/ContactForm.tsx [Client Component SSR]
    ./src/components/contact/ContactSequence.tsx [Client Component SSR]
    ./src/components/contact/ContactSequence.tsx [Server Component]
    ./src/app/page.tsx [Server Component] @ http://localhost:3000/_next/static/chunks/node_modules_next_dist_1e8vcs8._.js:1052
[ 1679311ms] [ERROR] ./src/components/contact/ContactForm.tsx:345:1
Error: Unexpected token. Did you mean `{'}'}` or `&rbrace;`?
  343 |         </div>
  344 |     );
> 345 | }
      | ^
  346 |

Parsing ecmascript source code failed

Generated code of loaders [next/dist/build/babel/loader] transform of file content of src/components/contact/ContactForm.tsx:
./src/components/contact/ContactForm.tsx:345:1
  343 |         </div>
  344 |     );
> 345 | }
      | ^
  346 |

Import traces:
  Client Component Browser:
    ./src/components/contact/ContactForm.tsx [Client Component Browser]
    ./src/components/contact/ContactSequence.tsx [Client Component Browser]
    ./src/components/contact/ContactSequence.tsx [Server Component]
    ./src/app/page.tsx [Server Component]

  Client Component SSR:
    ./src/components/contact/ContactForm.tsx [Client Component SSR]
    ./src/components/contact/ContactSequence.tsx [Client Component SSR]
    ./src/components/contact/ContactSequence.tsx [Server Component]
    ./src/app/page.tsx [Server Component] @ http://localhost:3000/_next/static/chunks/node_modules_next_dist_1e8vcs8._.js:1052
[ 1679345ms] [ERROR] ./src/components/contact/ContactForm.tsx:345:1
Error: Unexpected token. Did you mean `{'}'}` or `&rbrace;`?
  343 |         </div>
  344 |     );
> 345 | }
      | ^
  346 |

Parsing ecmascript source code failed

Generated code of loaders [next/dist/build/babel/loader] transform of file content of src/components/contact/ContactForm.tsx:
./src/components/contact/ContactForm.tsx:345:1
  343 |         </div>
  344 |     );
> 345 | }
      | ^
  346 |

Import traces:
  Client Component Browser:
    ./src/components/contact/ContactForm.tsx [Client Component Browser]
    ./src/components/contact/ContactSequence.tsx [Client Component Browser]
    ./src/components/contact/ContactSequence.tsx [Server Component]
    ./src/app/page.tsx [Server Component]

  Client Component SSR:
    ./src/components/contact/ContactForm.tsx [Client Component SSR]
    ./src/components/contact/ContactSequence.tsx [Client Component SSR]
    ./src/components/contact/ContactSequence.tsx [Server Component]
    ./src/app/page.tsx [Server Component] @ http://localhost:3000/_next/static/chunks/node_modules_next_dist_1e8vcs8._.js:1052
[ 1679392ms] [ERROR] ./src/components/contact/ContactForm.tsx:345:1
Error: Unexpected token. Did you mean `{'}'}` or `&rbrace;`?
  343 |         </div>
  344 |     );
> 345 | }
      | ^
  346 |

Parsing ecmascript source code failed

Generated code of loaders [next/dist/build/babel/loader] transform of file content of src/components/contact/ContactForm.tsx:
./src/components/contact/ContactForm.tsx:345:1
  343 |         </div>
  344 |     );
> 345 | }
      | ^
  346 |

Import traces:
  Client Component Browser:
    ./src/components/contact/ContactForm.tsx [Client Component Browser]
    ./src/components/contact/ContactSequence.tsx [Client Component Browser]
    ./src/components/contact/ContactSequence.tsx [Server Component]
    ./src/app/page.tsx [Server Component]

  Client Component SSR:
    ./src/components/contact/ContactForm.tsx [Client Component SSR]
    ./src/components/contact/ContactSequence.tsx [Client Component SSR]
    ./src/components/contact/ContactSequence.tsx [Server Component]
    ./src/app/page.tsx [Server Component] @ http://localhost:3000/_next/static/chunks/node_modules_next_dist_1e8vcs8._.js:1052
[ 1679439ms] [ERROR] ./src/components/contact/ContactForm.tsx:345:1
Error: Unexpected token. Did you mean `{'}'}` or `&rbrace;`?
  343 |         </div>
  344 |     );
> 345 | }
      | ^
  346 |

Parsing ecmascript source code failed

Generated code of loaders [next/dist/build/babel/loader] transform of file content of src/components/contact/ContactForm.tsx:
./src/components/contact/ContactForm.tsx:345:1
  343 |         </div>
  344 |     );
> 345 | }
      | ^
  346 |

Import traces:
  Client Component Browser:
    ./src/components/contact/ContactForm.tsx [Client Component Browser]
    ./src/components/contact/ContactSequence.tsx [Client Component Browser]
    ./src/components/contact/ContactSequence.tsx [Server Component]
    ./src/app/page.tsx [Server Component]

  Client Component SSR:
    ./src/components/contact/ContactForm.tsx [Client Component SSR]
    ./src/components/contact/ContactSequence.tsx [Client Component SSR]
    ./src/components/contact/ContactSequence.tsx [Server Component]
    ./src/app/page.tsx [Server Component] @ http://localhost:3000/_next/static/chunks/node_modules_next_dist_1e8vcs8._.js:1052
[ 1679607ms] [ERROR] ./src/components/contact/ContactForm.tsx:345:1
Error: Unexpected token. Did you mean `{'}'}` or `&rbrace;`?
  343 |         </div>
  344 |     );
> 345 | }
      | ^
  346 |

Parsing ecmascript source code failed

Generated code of loaders [next/dist/build/babel/loader] transform of file content of src/components/contact/ContactForm.tsx:
./src/components/contact/ContactForm.tsx:345:1
  343 |         </div>
  344 |     );
> 345 | }
      | ^
  346 |

Import traces:
  Client Component Browser:
    ./src/components/contact/ContactForm.tsx [Client Component Browser]
    ./src/components/contact/ContactSequence.tsx [Client Component Browser]
    ./src/components/contact/ContactSequence.tsx [Server Component]
    ./src/app/page.tsx [Server Component]

  Client Component SSR:
    ./src/components/contact/ContactForm.tsx [Client Component SSR]
    ./src/components/contact/ContactSequence.tsx [Client Component SSR]
    ./src/components/contact/ContactSequence.tsx [Server Component]
    ./src/app/page.tsx [Server Component] @ http://localhost:3000/_next/static/chunks/node_modules_next_dist_1e8vcs8._.js:1052
[ 1679882ms] [ERROR] ./src/components/contact/ContactForm.tsx:345:1
Error: Unexpected token. Did you mean `{'}'}` or `&rbrace;`?
  343 |         </div>
  344 |     );
> 345 | }
      | ^
  346 |

Parsing ecmascript source code failed

Generated code of loaders [next/dist/build/babel/loader] transform of file content of src/components/contact/ContactForm.tsx:
./src/components/contact/ContactForm.tsx:345:1
  343 |         </div>
  344 |     );
> 345 | }
      | ^
  346 |

Import traces:
  Client Component Browser:
    ./src/components/contact/ContactForm.tsx [Client Component Browser]
    ./src/components/contact/ContactSequence.tsx [Client Component Browser]
    ./src/components/contact/ContactSequence.tsx [Server Component]
    ./src/app/page.tsx [Server Component]

  Client Component SSR:
    ./src/components/contact/ContactForm.tsx [Client Component SSR]
    ./src/components/contact/ContactSequence.tsx [Client Component SSR]
    ./src/components/contact/ContactSequence.tsx [Server Component]
    ./src/app/page.tsx [Server Component] @ http://localhost:3000/_next/static/chunks/node_modules_next_dist_1e8vcs8._.js:1052
[ 1679964ms] [ERROR] ./src/components/contact/ContactForm.tsx:345:1
Error: Unexpected token. Did you mean `{'}'}` or `&rbrace;`?
  343 |         </div>
  344 |     );
> 345 | }
      | ^
  346 |

Parsing ecmascript source code failed

Generated code of loaders [next/dist/build/babel/loader] transform of file content of src/components/contact/ContactForm.tsx:
./src/components/contact/ContactForm.tsx:345:1
  343 |         </div>
  344 |     );
> 345 | }
      | ^
  346 |

Import traces:
  Client Component Browser:
    ./src/components/contact/ContactForm.tsx [Client Component Browser]
    ./src/components/contact/ContactSequence.tsx [Client Component Browser]
    ./src/components/contact/ContactSequence.tsx [Server Component]
    ./src/app/page.tsx [Server Component]

  Client Component SSR:
    ./src/components/contact/ContactForm.tsx [Client Component SSR]
    ./src/components/contact/ContactSequence.tsx [Client Component SSR]
    ./src/components/contact/ContactSequence.tsx [Server Component]
    ./src/app/page.tsx [Server Component] @ http://localhost:3000/_next/static/chunks/node_modules_next_dist_1e8vcs8._.js:1052
[ 1680061ms] [ERROR] ./src/components/contact/ContactForm.tsx:345:1
Error: Unexpected token. Did you mean `{'}'}` or `&rbrace;`?
  343 |         </div>
  344 |     );
> 345 | }
      | ^
  346 |

Parsing ecmascript source code failed

Generated code of loaders [next/dist/build/babel/loader] transform of file content of src/components/contact/ContactForm.tsx:
./src/components/contact/ContactForm.tsx:345:1
  343 |         </div>
  344 |     );
> 345 | }
      | ^
  346 |

Import traces:
  Client Component Browser:
    ./src/components/contact/ContactForm.tsx [Client Component Browser]
    ./src/components/contact/ContactSequence.tsx [Client Component Browser]
    ./src/components/contact/ContactSequence.tsx [Server Component]
    ./src/app/page.tsx [Server Component]

  Client Component SSR:
    ./src/components/contact/ContactForm.tsx [Client Component SSR]
    ./src/components/contact/ContactSequence.tsx [Client Component SSR]
    ./src/components/contact/ContactSequence.tsx [Server Component]
    ./src/app/page.tsx [Server Component] @ http://localhost:3000/_next/static/chunks/node_modules_next_dist_1e8vcs8._.js:1052
[ 1680154ms] [ERROR] ./src/components/contact/ContactForm.tsx:345:1
Error: Unexpected token. Did you mean `{'}'}` or `&rbrace;`?
  343 |         </div>
  344 |     );
> 345 | }
      | ^
  346 |

Parsing ecmascript source code failed

Generated code of loaders [next/dist/build/babel/loader] transform of file content of src/components/contact/ContactForm.tsx:
./src/components/contact/ContactForm.tsx:345:1
  343 |         </div>
  344 |     );
> 345 | }
      | ^
  346 |

Import traces:
  Client Component Browser:
    ./src/components/contact/ContactForm.tsx [Client Component Browser]
    ./src/components/contact/ContactSequence.tsx [Client Component Browser]
    ./src/components/contact/ContactSequence.tsx [Server Component]
    ./src/app/page.tsx [Server Component]

  Client Component SSR:
    ./src/components/contact/ContactForm.tsx [Client Component SSR]
    ./src/components/contact/ContactSequence.tsx [Client Component SSR]
    ./src/components/contact/ContactSequence.tsx [Server Component]
    ./src/app/page.tsx [Server Component] @ http://localhost:3000/_next/static/chunks/node_modules_next_dist_1e8vcs8._.js:1052
[ 1680239ms] [ERROR] ./src/components/contact/ContactForm.tsx:345:1
Error: Unexpected token. Did you mean `{'}'}` or `&rbrace;`?
  343 |         </div>
  344 |     );
> 345 | }
      | ^
  346 |

Parsing ecmascript source code failed

Generated code of loaders [next/dist/build/babel/loader] transform of file content of src/components/contact/ContactForm.tsx:
./src/components/contact/ContactForm.tsx:345:1
  343 |         </div>
  344 |     );
> 345 | }
      | ^
  346 |

Import traces:
  Client Component Browser:
    ./src/components/contact/ContactForm.tsx [Client Component Browser]
    ./src/components/contact/ContactSequence.tsx [Client Component Browser]
    ./src/components/contact/ContactSequence.tsx [Server Component]
    ./src/app/page.tsx [Server Component]

  Client Component SSR:
    ./src/components/contact/ContactForm.tsx [Client Component SSR]
    ./src/components/contact/ContactSequence.tsx [Client Component SSR]
    ./src/components/contact/ContactSequence.tsx [Server Component]
    ./src/app/page.tsx [Server Component] @ http://localhost:3000/_next/static/chunks/node_modules_next_dist_1e8vcs8._.js:1052
[ 1680372ms] [ERROR] ./src/components/contact/ContactForm.tsx:345:1
Error: Unexpected token. Did you mean `{'}'}` or `&rbrace;`?
  343 |         </div>
  344 |     );
> 345 | }
      | ^
  346 |

Parsing ecmascript source code failed

Generated code of loaders [next/dist/build/babel/loader] transform of file content of src/components/contact/ContactForm.tsx:
./src/components/contact/ContactForm.tsx:345:1
  343 |         </div>
  344 |     );
> 345 | }
      | ^
  346 |

Import traces:
  Client Component Browser:
    ./src/components/contact/ContactForm.tsx [Client Component Browser]
    ./src/components/contact/ContactSequence.tsx [Client Component Browser]
    ./src/components/contact/ContactSequence.tsx [Server Component]
    ./src/app/page.tsx [Server Component]

  Client Component SSR:
    ./src/components/contact/ContactForm.tsx [Client Component SSR]
    ./src/components/contact/ContactSequence.tsx [Client Component SSR]
    ./src/components/contact/ContactSequence.tsx [Server Component]
    ./src/app/page.tsx [Server Component] @ http://localhost:3000/_next/static/chunks/node_modules_next_dist_1e8vcs8._.js:1052
[ 1680501ms] [ERROR] ./src/components/contact/ContactForm.tsx:345:1
Error: Unexpected token. Did you mean `{'}'}` or `&rbrace;`?
  343 |         </div>
  344 |     );
> 345 | }
      | ^
  346 |

Parsing ecmascript source code failed

Generated code of loaders [next/dist/build/babel/loader] transform of file content of src/components/contact/ContactForm.tsx:
./src/components/contact/ContactForm.tsx:345:1
  343 |         </div>
  344 |     );
> 345 | }
      | ^
  346 |

Import traces:
  Client Component Browser:
    ./src/components/contact/ContactForm.tsx [Client Component Browser]
    ./src/components/contact/ContactSequence.tsx [Client Component Browser]
    ./src/components/contact/ContactSequence.tsx [Server Component]
    ./src/app/page.tsx [Server Component]

  Client Component SSR:
    ./src/components/contact/ContactForm.tsx [Client Component SSR]
    ./src/components/contact/ContactSequence.tsx [Client Component SSR]
    ./src/components/contact/ContactSequence.tsx [Server Component]
    ./src/app/page.tsx [Server Component] @ http://localhost:3000/_next/static/chunks/node_modules_next_dist_1e8vcs8._.js:1052
[ 1680605ms] [ERROR] ./src/components/contact/ContactForm.tsx:345:1
Error: Unexpected token. Did you mean `{'}'}` or `&rbrace;`?
  343 |         </div>
  344 |     );
> 345 | }
      | ^
  346 |

Parsing ecmascript source code failed

Generated code of loaders [next/dist/build/babel/loader] transform of file content of src/components/contact/ContactForm.tsx:
./src/components/contact/ContactForm.tsx:345:1
  343 |         </div>
  344 |     );
> 345 | }
      | ^
  346 |

Import traces:
  Client Component Browser:
    ./src/components/contact/ContactForm.tsx [Client Component Browser]
    ./src/components/contact/ContactSequence.tsx [Client Component Browser]
    ./src/components/contact/ContactSequence.tsx [Server Component]
    ./src/app/page.tsx [Server Component]

  Client Component SSR:
    ./src/components/contact/ContactForm.tsx [Client Component SSR]
    ./src/components/contact/ContactSequence.tsx [Client Component SSR]
    ./src/components/contact/ContactSequence.tsx [Server Component]
    ./src/app/page.tsx [Server Component] @ http://localhost:3000/_next/static/chunks/node_modules_next_dist_1e8vcs8._.js:1052
[ 1680719ms] [ERROR] ./src/components/contact/ContactForm.tsx:345:1
Error: Unexpected token. Did you mean `{'}'}` or `&rbrace;`?
  343 |         </div>
  344 |     );
> 345 | }
      | ^
  346 |

Parsing ecmascript source code failed

Generated code of loaders [next/dist/build/babel/loader] transform of file content of src/components/contact/ContactForm.tsx:
./src/components/contact/ContactForm.tsx:345:1
  343 |         </div>
  344 |     );
> 345 | }
      | ^
  346 |

Import traces:
  Client Component Browser:
    ./src/components/contact/ContactForm.tsx [Client Component Browser]
    ./src/components/contact/ContactSequence.tsx [Client Component Browser]
    ./src/components/contact/ContactSequence.tsx [Server Component]
    ./src/app/page.tsx [Server Component]

  Client Component SSR:
    ./src/components/contact/ContactForm.tsx [Client Component SSR]
    ./src/components/contact/ContactSequence.tsx [Client Component SSR]
    ./src/components/contact/ContactSequence.tsx [Server Component]
    ./src/app/page.tsx [Server Component] @ http://localhost:3000/_next/static/chunks/node_modules_next_dist_1e8vcs8._.js:1052
[ 1680817ms] [ERROR] ./src/components/contact/ContactForm.tsx:345:1
Error: Unexpected token. Did you mean `{'}'}` or `&rbrace;`?
  343 |         </div>
  344 |     );
> 345 | }
      | ^
  346 |

Parsing ecmascript source code failed

Generated code of loaders [next/dist/build/babel/loader] transform of file content of src/components/contact/ContactForm.tsx:
./src/components/contact/ContactForm.tsx:345:1
  343 |         </div>
  344 |     );
> 345 | }
      | ^
  346 |

Import traces:
  Client Component Browser:
    ./src/components/contact/ContactForm.tsx [Client Component Browser]
    ./src/components/contact/ContactSequence.tsx [Client Component Browser]
    ./src/components/contact/ContactSequence.tsx [Server Component]
    ./src/app/page.tsx [Server Component]

  Client Component SSR:
    ./src/components/contact/ContactForm.tsx [Client Component SSR]
    ./src/components/contact/ContactSequence.tsx [Client Component SSR]
    ./src/components/contact/ContactSequence.tsx [Server Component]
    ./src/app/page.tsx [Server Component] @ http://localhost:3000/_next/static/chunks/node_modules_next_dist_1e8vcs8._.js:1052
[ 1680920ms] [ERROR] ./src/components/contact/ContactForm.tsx:345:1
Error: Unexpected token. Did you mean `{'}'}` or `&rbrace;`?
  343 |         </div>
  344 |     );
> 345 | }
      | ^
  346 |

Parsing ecmascript source code failed

Generated code of loaders [next/dist/build/babel/loader] transform of file content of src/components/contact/ContactForm.tsx:
./src/components/contact/ContactForm.tsx:345:1
  343 |         </div>
  344 |     );
> 345 | }
      | ^
  346 |

Import traces:
  Client Component Browser:
    ./src/components/contact/ContactForm.tsx [Client Component Browser]
    ./src/components/contact/ContactSequence.tsx [Client Component Browser]
    ./src/components/contact/ContactSequence.tsx [Server Component]
    ./src/app/page.tsx [Server Component]

  Client Component SSR:
    ./src/components/contact/ContactForm.tsx [Client Component SSR]
    ./src/components/contact/ContactSequence.tsx [Client Component SSR]
    ./src/components/contact/ContactSequence.tsx [Server Component]
    ./src/app/page.tsx [Server Component] @ http://localhost:3000/_next/static/chunks/node_modules_next_dist_1e8vcs8._.js:1052
[ 1681017ms] [ERROR] ./src/components/contact/ContactForm.tsx:345:1
Error: Unexpected token. Did you mean `{'}'}` or `&rbrace;`?
  343 |         </div>
  344 |     );
> 345 | }
      | ^
  346 |

Parsing ecmascript source code failed

Generated code of loaders [next/dist/build/babel/loader] transform of file content of src/components/contact/ContactForm.tsx:
./src/components/contact/ContactForm.tsx:345:1
  343 |         </div>
  344 |     );
> 345 | }
      | ^
  346 |

Import traces:
  Client Component Browser:
    ./src/components/contact/ContactForm.tsx [Client Component Browser]
    ./src/components/contact/ContactSequence.tsx [Client Component Browser]
    ./src/components/contact/ContactSequence.tsx [Server Component]
    ./src/app/page.tsx [Server Component]

  Client Component SSR:
    ./src/components/contact/ContactForm.tsx [Client Component SSR]
    ./src/components/contact/ContactSequence.tsx [Client Component SSR]
    ./src/components/contact/ContactSequence.tsx [Server Component]
    ./src/app/page.tsx [Server Component] @ http://localhost:3000/_next/static/chunks/node_modules_next_dist_1e8vcs8._.js:1052
[ 1681122ms] [ERROR] ./src/components/contact/ContactForm.tsx:345:1
Error: Unexpected token. Did you mean `{'}'}` or `&rbrace;`?
  343 |         </div>
  344 |     );
> 345 | }
      | ^
  346 |

Parsing ecmascript source code failed

Generated code of loaders [next/dist/build/babel/loader] transform of file content of src/components/contact/ContactForm.tsx:
./src/components/contact/ContactForm.tsx:345:1
  343 |         </div>
  344 |     );
> 345 | }
      | ^
  346 |

Import traces:
  Client Component Browser:
    ./src/components/contact/ContactForm.tsx [Client Component Browser]
    ./src/components/contact/ContactSequence.tsx [Client Component Browser]
    ./src/components/contact/ContactSequence.tsx [Server Component]
    ./src/app/page.tsx [Server Component]

  Client Component SSR:
    ./src/components/contact/ContactForm.tsx [Client Component SSR]
    ./src/components/contact/ContactSequence.tsx [Client Component SSR]
    ./src/components/contact/ContactSequence.tsx [Server Component]
    ./src/app/page.tsx [Server Component] @ http://localhost:3000/_next/static/chunks/node_modules_next_dist_1e8vcs8._.js:1052
[ 1681306ms] [ERROR] ./src/components/contact/ContactForm.tsx:345:1
Error: Unexpected token. Did you mean `{'}'}` or `&rbrace;`?
  343 |         </div>
  344 |     );
> 345 | }
      | ^
  346 |

Parsing ecmascript source code failed

Generated code of loaders [next/dist/build/babel/loader] transform of file content of src/components/contact/ContactForm.tsx:
./src/components/contact/ContactForm.tsx:345:1
  343 |         </div>
  344 |     );
> 345 | }
      | ^
  346 |

Import traces:
  Client Component Browser:
    ./src/components/contact/ContactForm.tsx [Client Component Browser]
    ./src/components/contact/ContactSequence.tsx [Client Component Browser]
    ./src/components/contact/ContactSequence.tsx [Server Component]
    ./src/app/page.tsx [Server Component]

  Client Component SSR:
    ./src/components/contact/ContactForm.tsx [Client Component SSR]
    ./src/components/contact/ContactSequence.tsx [Client Component SSR]
    ./src/components/contact/ContactSequence.tsx [Server Component]
    ./src/app/page.tsx [Server Component] @ http://localhost:3000/_next/static/chunks/node_modules_next_dist_1e8vcs8._.js:1052
[ 1681386ms] [ERROR] ./src/components/contact/ContactForm.tsx:345:1
Error: Unexpected token. Did you mean `{'}'}` or `&rbrace;`?
  343 |         </div>
  344 |     );
> 345 | }
      | ^
  346 |

Parsing ecmascript source code failed

Generated code of loaders [next/dist/build/babel/loader] transform of file content of src/components/contact/ContactForm.tsx:
./src/components/contact/ContactForm.tsx:345:1
  343 |         </div>
  344 |     );
> 345 | }
      | ^
  346 |

Import traces:
  Client Component Browser:
    ./src/components/contact/ContactForm.tsx [Client Component Browser]
    ./src/components/contact/ContactSequence.tsx [Client Component Browser]
    ./src/components/contact/ContactSequence.tsx [Server Component]
    ./src/app/page.tsx [Server Component]

  Client Component SSR:
    ./src/components/contact/ContactForm.tsx [Client Component SSR]
    ./src/components/contact/ContactSequence.tsx [Client Component SSR]
    ./src/components/contact/ContactSequence.tsx [Server Component]
    ./src/app/page.tsx [Server Component] @ http://localhost:3000/_next/static/chunks/node_modules_next_dist_1e8vcs8._.js:1052
[ 1681483ms] [ERROR] ./src/components/contact/ContactForm.tsx:345:1
Error: Unexpected token. Did you mean `{'}'}` or `&rbrace;`?
  343 |         </div>
  344 |     );
> 345 | }
      | ^
  346 |

Parsing ecmascript source code failed

Generated code of loaders [next/dist/build/babel/loader] transform of file content of src/components/contact/ContactForm.tsx:
./src/components/contact/ContactForm.tsx:345:1
  343 |         </div>
  344 |     );
> 345 | }
      | ^
  346 |

Import traces:
  Client Component Browser:
    ./src/components/contact/ContactForm.tsx [Client Component Browser]
    ./src/components/contact/ContactSequence.tsx [Client Component Browser]
    ./src/components/contact/ContactSequence.tsx [Server Component]
    ./src/app/page.tsx [Server Component]

  Client Component SSR:
    ./src/components/contact/ContactForm.tsx [Client Component SSR]
    ./src/components/contact/ContactSequence.tsx [Client Component SSR]
    ./src/components/contact/ContactSequence.tsx [Server Component]
    ./src/app/page.tsx [Server Component] @ http://localhost:3000/_next/static/chunks/node_modules_next_dist_1e8vcs8._.js:1052
[ 1681557ms] [ERROR] ./src/components/contact/ContactForm.tsx:345:1
Error: Unexpected token. Did you mean `{'}'}` or `&rbrace;`?
  343 |         </div>
  344 |     );
> 345 | }
      | ^
  346 |

Parsing ecmascript source code failed

Generated code of loaders [next/dist/build/babel/loader] transform of file content of src/components/contact/ContactForm.tsx:
./src/components/contact/ContactForm.tsx:345:1
  343 |         </div>
  344 |     );
> 345 | }
      | ^
  346 |

Import traces:
  Client Component Browser:
    ./src/components/contact/ContactForm.tsx [Client Component Browser]
    ./src/components/contact/ContactSequence.tsx [Client Component Browser]
    ./src/components/contact/ContactSequence.tsx [Server Component]
    ./src/app/page.tsx [Server Component]

  Client Component SSR:
    ./src/components/contact/ContactForm.tsx [Client Component SSR]
    ./src/components/contact/ContactSequence.tsx [Client Component SSR]
    ./src/components/contact/ContactSequence.tsx [Server Component]
    ./src/app/page.tsx [Server Component] @ http://localhost:3000/_next/static/chunks/node_modules_next_dist_1e8vcs8._.js:1052
[ 1681653ms] [ERROR] ./src/components/contact/ContactForm.tsx:345:1
Error: Unexpected token. Did you mean `{'}'}` or `&rbrace;`?
  343 |         </div>
  344 |     );
> 345 | }
      | ^
  346 |

Parsing ecmascript source code failed

Generated code of loaders [next/dist/build/babel/loader] transform of file content of src/components/contact/ContactForm.tsx:
./src/components/contact/ContactForm.tsx:345:1
  343 |         </div>
  344 |     );
> 345 | }
      | ^
  346 |

Import traces:
  Client Component Browser:
    ./src/components/contact/ContactForm.tsx [Client Component Browser]
    ./src/components/contact/ContactSequence.tsx [Client Component Browser]
    ./src/components/contact/ContactSequence.tsx [Server Component]
    ./src/app/page.tsx [Server Component]

  Client Component SSR:
    ./src/components/contact/ContactForm.tsx [Client Component SSR]
    ./src/components/contact/ContactSequence.tsx [Client Component SSR]
    ./src/components/contact/ContactSequence.tsx [Server Component]
    ./src/app/page.tsx [Server Component] @ http://localhost:3000/_next/static/chunks/node_modules_next_dist_1e8vcs8._.js:1052
[ 1681749ms] [ERROR] ./src/components/contact/ContactForm.tsx:345:1
Error: Unexpected token. Did you mean `{'}'}` or `&rbrace;`?
  343 |         </div>
  344 |     );
> 345 | }
      | ^
  346 |

Parsing ecmascript source code failed

Generated code of loaders [next/dist/build/babel/loader] transform of file content of src/components/contact/ContactForm.tsx:
./src/components/contact/ContactForm.tsx:345:1
  343 |         </div>
  344 |     );
> 345 | }
      | ^
  346 |

Import traces:
  Client Component Browser:
    ./src/components/contact/ContactForm.tsx [Client Component Browser]
    ./src/components/contact/ContactSequence.tsx [Client Component Browser]
    ./src/components/contact/ContactSequence.tsx [Server Component]
    ./src/app/page.tsx [Server Component]

  Client Component SSR:
    ./src/components/contact/ContactForm.tsx [Client Component SSR]
    ./src/components/contact/ContactSequence.tsx [Client Component SSR]
    ./src/components/contact/ContactSequence.tsx [Server Component]
    ./src/app/page.tsx [Server Component] @ http://localhost:3000/_next/static/chunks/node_modules_next_dist_1e8vcs8._.js:1052
[ 1681864ms] [ERROR] ./src/components/contact/ContactForm.tsx:345:1
Error: Unexpected token. Did you mean `{'}'}` or `&rbrace;`?
  343 |         </div>
  344 |     );
> 345 | }
      | ^
  346 |

Parsing ecmascript source code failed

Generated code of loaders [next/dist/build/babel/loader] transform of file content of src/components/contact/ContactForm.tsx:
./src/components/contact/ContactForm.tsx:345:1
  343 |         </div>
  344 |     );
> 345 | }
      | ^
  346 |

Import traces:
  Client Component Browser:
    ./src/components/contact/ContactForm.tsx [Client Component Browser]
    ./src/components/contact/ContactSequence.tsx [Client Component Browser]
    ./src/components/contact/ContactSequence.tsx [Server Component]
    ./src/app/page.tsx [Server Component]

  Client Component SSR:
    ./src/components/contact/ContactForm.tsx [Client Component SSR]
    ./src/components/contact/ContactSequence.tsx [Client Component SSR]
    ./src/components/contact/ContactSequence.tsx [Server Component]
    ./src/app/page.tsx [Server Component] @ http://localhost:3000/_next/static/chunks/node_modules_next_dist_1e8vcs8._.js:1052
[ 1682021ms] [ERROR] ./src/components/contact/ContactForm.tsx:345:1
Error: Unexpected token. Did you mean `{'}'}` or `&rbrace;`?
  343 |         </div>
  344 |     );
> 345 | }
      | ^
  346 |

Parsing ecmascript source code failed

Generated code of loaders [next/dist/build/babel/loader] transform of file content of src/components/contact/ContactForm.tsx:
./src/components/contact/ContactForm.tsx:345:1
  343 |         </div>
  344 |     );
> 345 | }
      | ^
  346 |

Import traces:
  Client Component Browser:
    ./src/components/contact/ContactForm.tsx [Client Component Browser]
    ./src/components/contact/ContactSequence.tsx [Client Component Browser]
    ./src/components/contact/ContactSequence.tsx [Server Component]
    ./src/app/page.tsx [Server Component]

  Client Component SSR:
    ./src/components/contact/ContactForm.tsx [Client Component SSR]
    ./src/components/contact/ContactSequence.tsx [Client Component SSR]
    ./src/components/contact/ContactSequence.tsx [Server Component]
    ./src/app/page.tsx [Server Component] @ http://localhost:3000/_next/static/chunks/node_modules_next_dist_1e8vcs8._.js:1052
[ 1682111ms] [ERROR] ./src/components/contact/ContactForm.tsx:345:1
Error: Unexpected token. Did you mean `{'}'}` or `&rbrace;`?
  343 |         </div>
  344 |     );
> 345 | }
      | ^
  346 |

Parsing ecmascript source code failed

Generated code of loaders [next/dist/build/babel/loader] transform of file content of src/components/contact/ContactForm.tsx:
./src/components/contact/ContactForm.tsx:345:1
  343 |         </div>
  344 |     );
> 345 | }
      | ^
  346 |

Import traces:
  Client Component Browser:
    ./src/components/contact/ContactForm.tsx [Client Component Browser]
    ./src/components/contact/ContactSequence.tsx [Client Component Browser]
    ./src/components/contact/ContactSequence.tsx [Server Component]
    ./src/app/page.tsx [Server Component]

  Client Component SSR:
    ./src/components/contact/ContactForm.tsx [Client Component SSR]
    ./src/components/contact/ContactSequence.tsx [Client Component SSR]
    ./src/components/contact/ContactSequence.tsx [Server Component]
    ./src/app/page.tsx [Server Component] @ http://localhost:3000/_next/static/chunks/node_modules_next_dist_1e8vcs8._.js:1052
[ 1682186ms] [ERROR] ./src/components/contact/ContactForm.tsx:345:1
Error: Unexpected token. Did you mean `{'}'}` or `&rbrace;`?
  343 |         </div>
  344 |     );
> 345 | }
      | ^
  346 |

Parsing ecmascript source code failed

Generated code of loaders [next/dist/build/babel/loader] transform of file content of src/components/contact/ContactForm.tsx:
./src/components/contact/ContactForm.tsx:345:1
  343 |         </div>
  344 |     );
> 345 | }
      | ^
  346 |

Import traces:
  Client Component Browser:
    ./src/components/contact/ContactForm.tsx [Client Component Browser]
    ./src/components/contact/ContactSequence.tsx [Client Component Browser]
    ./src/components/contact/ContactSequence.tsx [Server Component]
    ./src/app/page.tsx [Server Component]

  Client Component SSR:
    ./src/components/contact/ContactForm.tsx [Client Component SSR]
    ./src/components/contact/ContactSequence.tsx [Client Component SSR]
    ./src/components/contact/ContactSequence.tsx [Server Component]
    ./src/app/page.tsx [Server Component] @ http://localhost:3000/_next/static/chunks/node_modules_next_dist_1e8vcs8._.js:1052
[ 1682269ms] [ERROR] ./src/components/contact/ContactForm.tsx:345:1
Error: Unexpected token. Did you mean `{'}'}` or `&rbrace;`?
  343 |         </div>
  344 |     );
> 345 | }
      | ^
  346 |

Parsing ecmascript source code failed

Generated code of loaders [next/dist/build/babel/loader] transform of file content of src/components/contact/ContactForm.tsx:
./src/components/contact/ContactForm.tsx:345:1
  343 |         </div>
  344 |     );
> 345 | }
      | ^
  346 |

Import traces:
  Client Component Browser:
    ./src/components/contact/ContactForm.tsx [Client Component Browser]
    ./src/components/contact/ContactSequence.tsx [Client Component Browser]
    ./src/components/contact/ContactSequence.tsx [Server Component]
    ./src/app/page.tsx [Server Component]

  Client Component SSR:
    ./src/components/contact/ContactForm.tsx [Client Component SSR]
    ./src/components/contact/ContactSequence.tsx [Client Component SSR]
    ./src/components/contact/ContactSequence.tsx [Server Component]
    ./src/app/page.tsx [Server Component] @ http://localhost:3000/_next/static/chunks/node_modules_next_dist_1e8vcs8._.js:1052
[ 1682355ms] [ERROR] ./src/components/contact/ContactForm.tsx:345:1
Error: Unexpected token. Did you mean `{'}'}` or `&rbrace;`?
  343 |         </div>
  344 |     );
> 345 | }
      | ^
  346 |

Parsing ecmascript source code failed

Generated code of loaders [next/dist/build/babel/loader] transform of file content of src/components/contact/ContactForm.tsx:
./src/components/contact/ContactForm.tsx:345:1
  343 |         </div>
  344 |     );
> 345 | }
      | ^
  346 |

Import traces:
  Client Component Browser:
    ./src/components/contact/ContactForm.tsx [Client Component Browser]
    ./src/components/contact/ContactSequence.tsx [Client Component Browser]
    ./src/components/contact/ContactSequence.tsx [Server Component]
    ./src/app/page.tsx [Server Component]

  Client Component SSR:
    ./src/components/contact/ContactForm.tsx [Client Component SSR]
    ./src/components/contact/ContactSequence.tsx [Client Component SSR]
    ./src/components/contact/ContactSequence.tsx [Server Component]
    ./src/app/page.tsx [Server Component] @ http://localhost:3000/_next/static/chunks/node_modules_next_dist_1e8vcs8._.js:1052
[ 1682434ms] [ERROR] ./src/components/contact/ContactForm.tsx:345:1
Error: Unexpected token. Did you mean `{'}'}` or `&rbrace;`?
  343 |         </div>
  344 |     );
> 345 | }
      | ^
  346 |

Parsing ecmascript source code failed

Generated code of loaders [next/dist/build/babel/loader] transform of file content of src/components/contact/ContactForm.tsx:
./src/components/contact/ContactForm.tsx:345:1
  343 |         </div>
  344 |     );
> 345 | }
      | ^
  346 |

Import traces:
  Client Component Browser:
    ./src/components/contact/ContactForm.tsx [Client Component Browser]
    ./src/components/contact/ContactSequence.tsx [Client Component Browser]
    ./src/components/contact/ContactSequence.tsx [Server Component]
    ./src/app/page.tsx [Server Component]

  Client Component SSR:
    ./src/components/contact/ContactForm.tsx [Client Component SSR]
    ./src/components/contact/ContactSequence.tsx [Client Component SSR]
    ./src/components/contact/ContactSequence.tsx [Server Component]
    ./src/app/page.tsx [Server Component] @ http://localhost:3000/_next/static/chunks/node_modules_next_dist_1e8vcs8._.js:1052
[ 1682514ms] [ERROR] ./src/components/contact/ContactForm.tsx:345:1
Error: Unexpected token. Did you mean `{'}'}` or `&rbrace;`?
  343 |         </div>
  344 |     );
> 345 | }
      | ^
  346 |

Parsing ecmascript source code failed

Generated code of loaders [next/dist/build/babel/loader] transform of file content of src/components/contact/ContactForm.tsx:
./src/components/contact/ContactForm.tsx:345:1
  343 |         </div>
  344 |     );
> 345 | }
      | ^
  346 |

Import traces:
  Client Component Browser:
    ./src/components/contact/ContactForm.tsx [Client Component Browser]
    ./src/components/contact/ContactSequence.tsx [Client Component Browser]
    ./src/components/contact/ContactSequence.tsx [Server Component]
    ./src/app/page.tsx [Server Component]

  Client Component SSR:
    ./src/components/contact/ContactForm.tsx [Client Component SSR]
    ./src/components/contact/ContactSequence.tsx [Client Component SSR]
    ./src/components/contact/ContactSequence.tsx [Server Component]
    ./src/app/page.tsx [Server Component] @ http://localhost:3000/_next/static/chunks/node_modules_next_dist_1e8vcs8._.js:1052
[ 1682588ms] [ERROR] ./src/components/contact/ContactForm.tsx:345:1
Error: Unexpected token. Did you mean `{'}'}` or `&rbrace;`?
  343 |         </div>
  344 |     );
> 345 | }
      | ^
  346 |

Parsing ecmascript source code failed

Generated code of loaders [next/dist/build/babel/loader] transform of file content of src/components/contact/ContactForm.tsx:
./src/components/contact/ContactForm.tsx:345:1
  343 |         </div>
  344 |     );
> 345 | }
      | ^
  346 |

Import traces:
  Client Component Browser:
    ./src/components/contact/ContactForm.tsx [Client Component Browser]
    ./src/components/contact/ContactSequence.tsx [Client Component Browser]
    ./src/components/contact/ContactSequence.tsx [Server Component]
    ./src/app/page.tsx [Server Component]

  Client Component SSR:
    ./src/components/contact/ContactForm.tsx [Client Component SSR]
    ./src/components/contact/ContactSequence.tsx [Client Component SSR]
    ./src/components/contact/ContactSequence.tsx [Server Component]
    ./src/app/page.tsx [Server Component] @ http://localhost:3000/_next/static/chunks/node_modules_next_dist_1e8vcs8._.js:1052
[ 1682683ms] [ERROR] ./src/components/contact/ContactForm.tsx:345:1
Error: Unexpected token. Did you mean `{'}'}` or `&rbrace;`?
  343 |         </div>
  344 |     );
> 345 | }
      | ^
  346 |

Parsing ecmascript source code failed

Generated code of loaders [next/dist/build/babel/loader] transform of file content of src/components/contact/ContactForm.tsx:
./src/components/contact/ContactForm.tsx:345:1
  343 |         </div>
  344 |     );
> 345 | }
      | ^
  346 |

Import traces:
  Client Component Browser:
    ./src/components/contact/ContactForm.tsx [Client Component Browser]
    ./src/components/contact/ContactSequence.tsx [Client Component Browser]
    ./src/components/contact/ContactSequence.tsx [Server Component]
    ./src/app/page.tsx [Server Component]

  Client Component SSR:
    ./src/components/contact/ContactForm.tsx [Client Component SSR]
    ./src/components/contact/ContactSequence.tsx [Client Component SSR]
    ./src/components/contact/ContactSequence.tsx [Server Component]
    ./src/app/page.tsx [Server Component] @ http://localhost:3000/_next/static/chunks/node_modules_next_dist_1e8vcs8._.js:1052
[ 1682761ms] [ERROR] ./src/components/contact/ContactForm.tsx:345:1
Error: Unexpected token. Did you mean `{'}'}` or `&rbrace;`?
  343 |         </div>
  344 |     );
> 345 | }
      | ^
  346 |

Parsing ecmascript source code failed

Generated code of loaders [next/dist/build/babel/loader] transform of file content of src/components/contact/ContactForm.tsx:
./src/components/contact/ContactForm.tsx:345:1
  343 |         </div>
  344 |     );
> 345 | }
      | ^
  346 |

Import traces:
  Client Component Browser:
    ./src/components/contact/ContactForm.tsx [Client Component Browser]
    ./src/components/contact/ContactSequence.tsx [Client Component Browser]
    ./src/components/contact/ContactSequence.tsx [Server Component]
    ./src/app/page.tsx [Server Component]

  Client Component SSR:
    ./src/components/contact/ContactForm.tsx [Client Component SSR]
    ./src/components/contact/ContactSequence.tsx [Client Component SSR]
    ./src/components/contact/ContactSequence.tsx [Server Component]
    ./src/app/page.tsx [Server Component] @ http://localhost:3000/_next/static/chunks/node_modules_next_dist_1e8vcs8._.js:1052
[ 1682836ms] [ERROR] ./src/components/contact/ContactForm.tsx:345:1
Error: Unexpected token. Did you mean `{'}'}` or `&rbrace;`?
  343 |         </div>
  344 |     );
> 345 | }
      | ^
  346 |

Parsing ecmascript source code failed

Generated code of loaders [next/dist/build/babel/loader] transform of file content of src/components/contact/ContactForm.tsx:
./src/components/contact/ContactForm.tsx:345:1
  343 |         </div>
  344 |     );
> 345 | }
      | ^
  346 |

Import traces:
  Client Component Browser:
    ./src/components/contact/ContactForm.tsx [Client Component Browser]
    ./src/components/contact/ContactSequence.tsx [Client Component Browser]
    ./src/components/contact/ContactSequence.tsx [Server Component]
    ./src/app/page.tsx [Server Component]

  Client Component SSR:
    ./src/components/contact/ContactForm.tsx [Client Component SSR]
    ./src/components/contact/ContactSequence.tsx [Client Component SSR]
    ./src/components/contact/ContactSequence.tsx [Server Component]
    ./src/app/page.tsx [Server Component] @ http://localhost:3000/_next/static/chunks/node_modules_next_dist_1e8vcs8._.js:1052
[ 1682919ms] [ERROR] ./src/components/contact/ContactForm.tsx:345:1
Error: Unexpected token. Did you mean `{'}'}` or `&rbrace;`?
  343 |         </div>
  344 |     );
> 345 | }
      | ^
  346 |

Parsing ecmascript source code failed

Generated code of loaders [next/dist/build/babel/loader] transform of file content of src/components/contact/ContactForm.tsx:
./src/components/contact/ContactForm.tsx:345:1
  343 |         </div>
  344 |     );
> 345 | }
      | ^
  346 |

Import traces:
  Client Component Browser:
    ./src/components/contact/ContactForm.tsx [Client Component Browser]
    ./src/components/contact/ContactSequence.tsx [Client Component Browser]
    ./src/components/contact/ContactSequence.tsx [Server Component]
    ./src/app/page.tsx [Server Component]

  Client Component SSR:
    ./src/components/contact/ContactForm.tsx [Client Component SSR]
    ./src/components/contact/ContactSequence.tsx [Client Component SSR]
    ./src/components/contact/ContactSequence.tsx [Server Component]
    ./src/app/page.tsx [Server Component] @ http://localhost:3000/_next/static/chunks/node_modules_next_dist_1e8vcs8._.js:1052
[ 1682999ms] [ERROR] ./src/components/contact/ContactForm.tsx:345:1
Error: Unexpected token. Did you mean `{'}'}` or `&rbrace;`?
  343 |         </div>
  344 |     );
> 345 | }
      | ^
  346 |

Parsing ecmascript source code failed

Generated code of loaders [next/dist/build/babel/loader] transform of file content of src/components/contact/ContactForm.tsx:
./src/components/contact/ContactForm.tsx:345:1
  343 |         </div>
  344 |     );
> 345 | }
      | ^
  346 |

Import traces:
  Client Component Browser:
    ./src/components/contact/ContactForm.tsx [Client Component Browser]
    ./src/components/contact/ContactSequence.tsx [Client Component Browser]
    ./src/components/contact/ContactSequence.tsx [Server Component]
    ./src/app/page.tsx [Server Component]

  Client Component SSR:
    ./src/components/contact/ContactForm.tsx [Client Component SSR]
    ./src/components/contact/ContactSequence.tsx [Client Component SSR]
    ./src/components/contact/ContactSequence.tsx [Server Component]
    ./src/app/page.tsx [Server Component] @ http://localhost:3000/_next/static/chunks/node_modules_next_dist_1e8vcs8._.js:1052
[ 1683072ms] [ERROR] ./src/components/contact/ContactForm.tsx:345:1
Error: Unexpected token. Did you mean `{'}'}` or `&rbrace;`?
  343 |         </div>
  344 |     );
> 345 | }
      | ^
  346 |

Parsing ecmascript source code failed

Generated code of loaders [next/dist/build/babel/loader] transform of file content of src/components/contact/ContactForm.tsx:
./src/components/contact/ContactForm.tsx:345:1
  343 |         </div>
  344 |     );
> 345 | }
      | ^
  346 |

Import traces:
  Client Component Browser:
    ./src/components/contact/ContactForm.tsx [Client Component Browser]
    ./src/components/contact/ContactSequence.tsx [Client Component Browser]
    ./src/components/contact/ContactSequence.tsx [Server Component]
    ./src/app/page.tsx [Server Component]

  Client Component SSR:
    ./src/components/contact/ContactForm.tsx [Client Component SSR]
    ./src/components/contact/ContactSequence.tsx [Client Component SSR]
    ./src/components/contact/ContactSequence.tsx [Server Component]
    ./src/app/page.tsx [Server Component] @ http://localhost:3000/_next/static/chunks/node_modules_next_dist_1e8vcs8._.js:1052
[ 1683152ms] [ERROR] ./src/components/contact/ContactForm.tsx:345:1
Error: Unexpected token. Did you mean `{'}'}` or `&rbrace;`?
  343 |         </div>
  344 |     );
> 345 | }
      | ^
  346 |

Parsing ecmascript source code failed

Generated code of loaders [next/dist/build/babel/loader] transform of file content of src/components/contact/ContactForm.tsx:
./src/components/contact/ContactForm.tsx:345:1
  343 |         </div>
  344 |     );
> 345 | }
      | ^
  346 |

Import traces:
  Client Component Browser:
    ./src/components/contact/ContactForm.tsx [Client Component Browser]
    ./src/components/contact/ContactSequence.tsx [Client Component Browser]
    ./src/components/contact/ContactSequence.tsx [Server Component]
    ./src/app/page.tsx [Server Component]

  Client Component SSR:
    ./src/components/contact/ContactForm.tsx [Client Component SSR]
    ./src/components/contact/ContactSequence.tsx [Client Component SSR]
    ./src/components/contact/ContactSequence.tsx [Server Component]
    ./src/app/page.tsx [Server Component] @ http://localhost:3000/_next/static/chunks/node_modules_next_dist_1e8vcs8._.js:1052
[ 1683236ms] [ERROR] ./src/components/contact/ContactForm.tsx:345:1
Error: Unexpected token. Did you mean `{'}'}` or `&rbrace;`?
  343 |         </div>
  344 |     );
> 345 | }
      | ^
  346 |

Parsing ecmascript source code failed

Generated code of loaders [next/dist/build/babel/loader] transform of file content of src/components/contact/ContactForm.tsx:
./src/components/contact/ContactForm.tsx:345:1
  343 |         </div>
  344 |     );
> 345 | }
      | ^
  346 |

Import traces:
  Client Component Browser:
    ./src/components/contact/ContactForm.tsx [Client Component Browser]
    ./src/components/contact/ContactSequence.tsx [Client Component Browser]
    ./src/components/contact/ContactSequence.tsx [Server Component]
    ./src/app/page.tsx [Server Component]

  Client Component SSR:
    ./src/components/contact/ContactForm.tsx [Client Component SSR]
    ./src/components/contact/ContactSequence.tsx [Client Component SSR]
    ./src/components/contact/ContactSequence.tsx [Server Component]
    ./src/app/page.tsx [Server Component] @ http://localhost:3000/_next/static/chunks/node_modules_next_dist_1e8vcs8._.js:1052
[ 1683306ms] [ERROR] ./src/components/contact/ContactForm.tsx:345:1
Error: Unexpected token. Did you mean `{'}'}` or `&rbrace;`?
  343 |         </div>
  344 |     );
> 345 | }
      | ^
  346 |

Parsing ecmascript source code failed

Generated code of loaders [next/dist/build/babel/loader] transform of file content of src/components/contact/ContactForm.tsx:
./src/components/contact/ContactForm.tsx:345:1
  343 |         </div>
  344 |     );
> 345 | }
      | ^
  346 |

Import traces:
  Client Component Browser:
    ./src/components/contact/ContactForm.tsx [Client Component Browser]
    ./src/components/contact/ContactSequence.tsx [Client Component Browser]
    ./src/components/contact/ContactSequence.tsx [Server Component]
    ./src/app/page.tsx [Server Component]

  Client Component SSR:
    ./src/components/contact/ContactForm.tsx [Client Component SSR]
    ./src/components/contact/ContactSequence.tsx [Client Component SSR]
    ./src/components/contact/ContactSequence.tsx [Server Component]
    ./src/app/page.tsx [Server Component] @ http://localhost:3000/_next/static/chunks/node_modules_next_dist_1e8vcs8._.js:1052
[ 1683386ms] [ERROR] ./src/components/contact/ContactForm.tsx:345:1
Error: Unexpected token. Did you mean `{'}'}` or `&rbrace;`?
  343 |         </div>
  344 |     );
> 345 | }
      | ^
  346 |

Parsing ecmascript source code failed

Generated code of loaders [next/dist/build/babel/loader] transform of file content of src/components/contact/ContactForm.tsx:
./src/components/contact/ContactForm.tsx:345:1
  343 |         </div>
  344 |     );
> 345 | }
      | ^
  346 |

Import traces:
  Client Component Browser:
    ./src/components/contact/ContactForm.tsx [Client Component Browser]
    ./src/components/contact/ContactSequence.tsx [Client Component Browser]
    ./src/components/contact/ContactSequence.tsx [Server Component]
    ./src/app/page.tsx [Server Component]

  Client Component SSR:
    ./src/components/contact/ContactForm.tsx [Client Component SSR]
    ./src/components/contact/ContactSequence.tsx [Client Component SSR]
    ./src/components/contact/ContactSequence.tsx [Server Component]
    ./src/app/page.tsx [Server Component] @ http://localhost:3000/_next/static/chunks/node_modules_next_dist_1e8vcs8._.js:1052
[ 1683469ms] [ERROR] ./src/components/contact/ContactForm.tsx:345:1
Error: Unexpected token. Did you mean `{'}'}` or `&rbrace;`?
  343 |         </div>
  344 |     );
> 345 | }
      | ^
  346 |

Parsing ecmascript source code failed

Generated code of loaders [next/dist/build/babel/loader] transform of file content of src/components/contact/ContactForm.tsx:
./src/components/contact/ContactForm.tsx:345:1
  343 |         </div>
  344 |     );
> 345 | }
      | ^
  346 |

Import traces:
  Client Component Browser:
    ./src/components/contact/ContactForm.tsx [Client Component Browser]
    ./src/components/contact/ContactSequence.tsx [Client Component Browser]
    ./src/components/contact/ContactSequence.tsx [Server Component]
    ./src/app/page.tsx [Server Component]

  Client Component SSR:
    ./src/components/contact/ContactForm.tsx [Client Component SSR]
    ./src/components/contact/ContactSequence.tsx [Client Component SSR]
    ./src/components/contact/ContactSequence.tsx [Server Component]
    ./src/app/page.tsx [Server Component] @ http://localhost:3000/_next/static/chunks/node_modules_next_dist_1e8vcs8._.js:1052
[ 1683540ms] [ERROR] ./src/components/contact/ContactForm.tsx:345:1
Error: Unexpected token. Did you mean `{'}'}` or `&rbrace;`?
  343 |         </div>
  344 |     );
> 345 | }
      | ^
  346 |

Parsing ecmascript source code failed

Generated code of loaders [next/dist/build/babel/loader] transform of file content of src/components/contact/ContactForm.tsx:
./src/components/contact/ContactForm.tsx:345:1
  343 |         </div>
  344 |     );
> 345 | }
      | ^
  346 |

Import traces:
  Client Component Browser:
    ./src/components/contact/ContactForm.tsx [Client Component Browser]
    ./src/components/contact/ContactSequence.tsx [Client Component Browser]
    ./src/components/contact/ContactSequence.tsx [Server Component]
    ./src/app/page.tsx [Server Component]

  Client Component SSR:
    ./src/components/contact/ContactForm.tsx [Client Component SSR]
    ./src/components/contact/ContactSequence.tsx [Client Component SSR]
    ./src/components/contact/ContactSequence.tsx [Server Component]
    ./src/app/page.tsx [Server Component] @ http://localhost:3000/_next/static/chunks/node_modules_next_dist_1e8vcs8._.js:1052
[ 1683636ms] [ERROR] ./src/components/contact/ContactForm.tsx:345:1
Error: Unexpected token. Did you mean `{'}'}` or `&rbrace;`?
  343 |         </div>
  344 |     );
> 345 | }
      | ^
  346 |

Parsing ecmascript source code failed

Generated code of loaders [next/dist/build/babel/loader] transform of file content of src/components/contact/ContactForm.tsx:
./src/components/contact/ContactForm.tsx:345:1
  343 |         </div>
  344 |     );
> 345 | }
      | ^
  346 |

Import traces:
  Client Component Browser:
    ./src/components/contact/ContactForm.tsx [Client Component Browser]
    ./src/components/contact/ContactSequence.tsx [Client Component Browser]
    ./src/components/contact/ContactSequence.tsx [Server Component]
    ./src/app/page.tsx [Server Component]

  Client Component SSR:
    ./src/components/contact/ContactForm.tsx [Client Component SSR]
    ./src/components/contact/ContactSequence.tsx [Client Component SSR]
    ./src/components/contact/ContactSequence.tsx [Server Component]
    ./src/app/page.tsx [Server Component] @ http://localhost:3000/_next/static/chunks/node_modules_next_dist_1e8vcs8._.js:1052
[ 1683718ms] [ERROR] ./src/components/contact/ContactForm.tsx:345:1
Error: Unexpected token. Did you mean `{'}'}` or `&rbrace;`?
  343 |         </div>
  344 |     );
> 345 | }
      | ^
  346 |

Parsing ecmascript source code failed

Generated code of loaders [next/dist/build/babel/loader] transform of file content of src/components/contact/ContactForm.tsx:
./src/components/contact/ContactForm.tsx:345:1
  343 |         </div>
  344 |     );
> 345 | }
      | ^
  346 |

Import traces:
  Client Component Browser:
    ./src/components/contact/ContactForm.tsx [Client Component Browser]
    ./src/components/contact/ContactSequence.tsx [Client Component Browser]
    ./src/components/contact/ContactSequence.tsx [Server Component]
    ./src/app/page.tsx [Server Component]

  Client Component SSR:
    ./src/components/contact/ContactForm.tsx [Client Component SSR]
    ./src/components/contact/ContactSequence.tsx [Client Component SSR]
    ./src/components/contact/ContactSequence.tsx [Server Component]
    ./src/app/page.tsx [Server Component] @ http://localhost:3000/_next/static/chunks/node_modules_next_dist_1e8vcs8._.js:1052
[ 1683804ms] [ERROR] ./src/components/contact/ContactForm.tsx:345:1
Error: Unexpected token. Did you mean `{'}'}` or `&rbrace;`?
  343 |         </div>
  344 |     );
> 345 | }
      | ^
  346 |

Parsing ecmascript source code failed

Generated code of loaders [next/dist/build/babel/loader] transform of file content of src/components/contact/ContactForm.tsx:
./src/components/contact/ContactForm.tsx:345:1
  343 |         </div>
  344 |     );
> 345 | }
      | ^
  346 |

Import traces:
  Client Component Browser:
    ./src/components/contact/ContactForm.tsx [Client Component Browser]
    ./src/components/contact/ContactSequence.tsx [Client Component Browser]
    ./src/components/contact/ContactSequence.tsx [Server Component]
    ./src/app/page.tsx [Server Component]

  Client Component SSR:
    ./src/components/contact/ContactForm.tsx [Client Component SSR]
    ./src/components/contact/ContactSequence.tsx [Client Component SSR]
    ./src/components/contact/ContactSequence.tsx [Server Component]
    ./src/app/page.tsx [Server Component] @ http://localhost:3000/_next/static/chunks/node_modules_next_dist_1e8vcs8._.js:1052
[ 1683884ms] [ERROR] ./src/components/contact/ContactForm.tsx:345:1
Error: Unexpected token. Did you mean `{'}'}` or `&rbrace;`?
  343 |         </div>
  344 |     );
> 345 | }
      | ^
  346 |

Parsing ecmascript source code failed

Generated code of loaders [next/dist/build/babel/loader] transform of file content of src/components/contact/ContactForm.tsx:
./src/components/contact/ContactForm.tsx:345:1
  343 |         </div>
  344 |     );
> 345 | }
      | ^
  346 |

Import traces:
  Client Component Browser:
    ./src/components/contact/ContactForm.tsx [Client Component Browser]
    ./src/components/contact/ContactSequence.tsx [Client Component Browser]
    ./src/components/contact/ContactSequence.tsx [Server Component]
    ./src/app/page.tsx [Server Component]

  Client Component SSR:
    ./src/components/contact/ContactForm.tsx [Client Component SSR]
    ./src/components/contact/ContactSequence.tsx [Client Component SSR]
    ./src/components/contact/ContactSequence.tsx [Server Component]
    ./src/app/page.tsx [Server Component] @ http://localhost:3000/_next/static/chunks/node_modules_next_dist_1e8vcs8._.js:1052
[ 1683967ms] [ERROR] ./src/components/contact/ContactForm.tsx:345:1
Error: Unexpected token. Did you mean `{'}'}` or `&rbrace;`?
  343 |         </div>
  344 |     );
> 345 | }
      | ^
  346 |

Parsing ecmascript source code failed

Generated code of loaders [next/dist/build/babel/loader] transform of file content of src/components/contact/ContactForm.tsx:
./src/components/contact/ContactForm.tsx:345:1
  343 |         </div>
  344 |     );
> 345 | }
      | ^
  346 |

Import traces:
  Client Component Browser:
    ./src/components/contact/ContactForm.tsx [Client Component Browser]
    ./src/components/contact/ContactSequence.tsx [Client Component Browser]
    ./src/components/contact/ContactSequence.tsx [Server Component]
    ./src/app/page.tsx [Server Component]

  Client Component SSR:
    ./src/components/contact/ContactForm.tsx [Client Component SSR]
    ./src/components/contact/ContactSequence.tsx [Client Component SSR]
    ./src/components/contact/ContactSequence.tsx [Server Component]
    ./src/app/page.tsx [Server Component] @ http://localhost:3000/_next/static/chunks/node_modules_next_dist_1e8vcs8._.js:1052
[ 1684040ms] [ERROR] ./src/components/contact/ContactForm.tsx:345:1
Error: Unexpected token. Did you mean `{'}'}` or `&rbrace;`?
  343 |         </div>
  344 |     );
> 345 | }
      | ^
  346 |

Parsing ecmascript source code failed

Generated code of loaders [next/dist/build/babel/loader] transform of file content of src/components/contact/ContactForm.tsx:
./src/components/contact/ContactForm.tsx:345:1
  343 |         </div>
  344 |     );
> 345 | }
      | ^
  346 |

Import traces:
  Client Component Browser:
    ./src/components/contact/ContactForm.tsx [Client Component Browser]
    ./src/components/contact/ContactSequence.tsx [Client Component Browser]
    ./src/components/contact/ContactSequence.tsx [Server Component]
    ./src/app/page.tsx [Server Component]

  Client Component SSR:
    ./src/components/contact/ContactForm.tsx [Client Component SSR]
    ./src/components/contact/ContactSequence.tsx [Client Component SSR]
    ./src/components/contact/ContactSequence.tsx [Server Component]
    ./src/app/page.tsx [Server Component] @ http://localhost:3000/_next/static/chunks/node_modules_next_dist_1e8vcs8._.js:1052
[ 1684134ms] [ERROR] ./src/components/contact/ContactForm.tsx:345:1
Error: Unexpected token. Did you mean `{'}'}` or `&rbrace;`?
  343 |         </div>
  344 |     );
> 345 | }
      | ^
  346 |

Parsing ecmascript source code failed

Generated code of loaders [next/dist/build/babel/loader] transform of file content of src/components/contact/ContactForm.tsx:
./src/components/contact/ContactForm.tsx:345:1
  343 |         </div>
  344 |     );
> 345 | }
      | ^
  346 |

Import traces:
  Client Component Browser:
    ./src/components/contact/ContactForm.tsx [Client Component Browser]
    ./src/components/contact/ContactSequence.tsx [Client Component Browser]
    ./src/components/contact/ContactSequence.tsx [Server Component]
    ./src/app/page.tsx [Server Component]

  Client Component SSR:
    ./src/components/contact/ContactForm.tsx [Client Component SSR]
    ./src/components/contact/ContactSequence.tsx [Client Component SSR]
    ./src/components/contact/ContactSequence.tsx [Server Component]
    ./src/app/page.tsx [Server Component] @ http://localhost:3000/_next/static/chunks/node_modules_next_dist_1e8vcs8._.js:1052
[ 1684219ms] [ERROR] ./src/components/contact/ContactForm.tsx:345:1
Error: Unexpected token. Did you mean `{'}'}` or `&rbrace;`?
  343 |         </div>
  344 |     );
> 345 | }
      | ^
  346 |

Parsing ecmascript source code failed

Generated code of loaders [next/dist/build/babel/loader] transform of file content of src/components/contact/ContactForm.tsx:
./src/components/contact/ContactForm.tsx:345:1
  343 |         </div>
  344 |     );
> 345 | }
      | ^
  346 |

Import traces:
  Client Component Browser:
    ./src/components/contact/ContactForm.tsx [Client Component Browser]
    ./src/components/contact/ContactSequence.tsx [Client Component Browser]
    ./src/components/contact/ContactSequence.tsx [Server Component]
    ./src/app/page.tsx [Server Component]

  Client Component SSR:
    ./src/components/contact/ContactForm.tsx [Client Component SSR]
    ./src/components/contact/ContactSequence.tsx [Client Component SSR]
    ./src/components/contact/ContactSequence.tsx [Server Component]
    ./src/app/page.tsx [Server Component] @ http://localhost:3000/_next/static/chunks/node_modules_next_dist_1e8vcs8._.js:1052
[ 1684320ms] [ERROR] ./src/components/contact/ContactForm.tsx:345:1
Error: Unexpected token. Did you mean `{'}'}` or `&rbrace;`?
  343 |         </div>
  344 |     );
> 345 | }
      | ^
  346 |

Parsing ecmascript source code failed

Generated code of loaders [next/dist/build/babel/loader] transform of file content of src/components/contact/ContactForm.tsx:
./src/components/contact/ContactForm.tsx:345:1
  343 |         </div>
  344 |     );
> 345 | }
      | ^
  346 |

Import traces:
  Client Component Browser:
    ./src/components/contact/ContactForm.tsx [Client Component Browser]
    ./src/components/contact/ContactSequence.tsx [Client Component Browser]
    ./src/components/contact/ContactSequence.tsx [Server Component]
    ./src/app/page.tsx [Server Component]

  Client Component SSR:
    ./src/components/contact/ContactForm.tsx [Client Component SSR]
    ./src/components/contact/ContactSequence.tsx [Client Component SSR]
    ./src/components/contact/ContactSequence.tsx [Server Component]
    ./src/app/page.tsx [Server Component] @ http://localhost:3000/_next/static/chunks/node_modules_next_dist_1e8vcs8._.js:1052
[ 1684401ms] [ERROR] ./src/components/contact/ContactForm.tsx:345:1
Error: Unexpected token. Did you mean `{'}'}` or `&rbrace;`?
  343 |         </div>
  344 |     );
> 345 | }
      | ^
  346 |

Parsing ecmascript source code failed

Generated code of loaders [next/dist/build/babel/loader] transform of file content of src/components/contact/ContactForm.tsx:
./src/components/contact/ContactForm.tsx:345:1
  343 |         </div>
  344 |     );
> 345 | }
      | ^
  346 |

Import traces:
  Client Component Browser:
    ./src/components/contact/ContactForm.tsx [Client Component Browser]
    ./src/components/contact/ContactSequence.tsx [Client Component Browser]
    ./src/components/contact/ContactSequence.tsx [Server Component]
    ./src/app/page.tsx [Server Component]

  Client Component SSR:
    ./src/components/contact/ContactForm.tsx [Client Component SSR]
    ./src/components/contact/ContactSequence.tsx [Client Component SSR]
    ./src/components/contact/ContactSequence.tsx [Server Component]
    ./src/app/page.tsx [Server Component] @ http://localhost:3000/_next/static/chunks/node_modules_next_dist_1e8vcs8._.js:1052
[ 1684473ms] [ERROR] ./src/components/contact/ContactForm.tsx:345:1
Error: Unexpected token. Did you mean `{'}'}` or `&rbrace;`?
  343 |         </div>
  344 |     );
> 345 | }
      | ^
  346 |

Parsing ecmascript source code failed

Generated code of loaders [next/dist/build/babel/loader] transform of file content of src/components/contact/ContactForm.tsx:
./src/components/contact/ContactForm.tsx:345:1
  343 |         </div>
  344 |     );
> 345 | }
      | ^
  346 |

Import traces:
  Client Component Browser:
    ./src/components/contact/ContactForm.tsx [Client Component Browser]
    ./src/components/contact/ContactSequence.tsx [Client Component Browser]
    ./src/components/contact/ContactSequence.tsx [Server Component]
    ./src/app/page.tsx [Server Component]

  Client Component SSR:
    ./src/components/contact/ContactForm.tsx [Client Component SSR]
    ./src/components/contact/ContactSequence.tsx [Client Component SSR]
    ./src/components/contact/ContactSequence.tsx [Server Component]
    ./src/app/page.tsx [Server Component] @ http://localhost:3000/_next/static/chunks/node_modules_next_dist_1e8vcs8._.js:1052
[ 1684551ms] [ERROR] ./src/components/contact/ContactForm.tsx:345:1
Error: Unexpected token. Did you mean `{'}'}` or `&rbrace;`?
  343 |         </div>
  344 |     );
> 345 | }
      | ^
  346 |

Parsing ecmascript source code failed

Generated code of loaders [next/dist/build/babel/loader] transform of file content of src/components/contact/ContactForm.tsx:
./src/components/contact/ContactForm.tsx:345:1
  343 |         </div>
  344 |     );
> 345 | }
      | ^
  346 |

Import traces:
  Client Component Browser:
    ./src/components/contact/ContactForm.tsx [Client Component Browser]
    ./src/components/contact/ContactSequence.tsx [Client Component Browser]
    ./src/components/contact/ContactSequence.tsx [Server Component]
    ./src/app/page.tsx [Server Component]

  Client Component SSR:
    ./src/components/contact/ContactForm.tsx [Client Component SSR]
    ./src/components/contact/ContactSequence.tsx [Client Component SSR]
    ./src/components/contact/ContactSequence.tsx [Server Component]
    ./src/app/page.tsx [Server Component] @ http://localhost:3000/_next/static/chunks/node_modules_next_dist_1e8vcs8._.js:1052
[ 1684631ms] [ERROR] ./src/components/contact/ContactForm.tsx:345:1
Error: Unexpected token. Did you mean `{'}'}` or `&rbrace;`?
  343 |         </div>
  344 |     );
> 345 | }
      | ^
  346 |

Parsing ecmascript source code failed

Generated code of loaders [next/dist/build/babel/loader] transform of file content of src/components/contact/ContactForm.tsx:
./src/components/contact/ContactForm.tsx:345:1
  343 |         </div>
  344 |     );
> 345 | }
      | ^
  346 |

Import traces:
  Client Component Browser:
    ./src/components/contact/ContactForm.tsx [Client Component Browser]
    ./src/components/contact/ContactSequence.tsx [Client Component Browser]
    ./src/components/contact/ContactSequence.tsx [Server Component]
    ./src/app/page.tsx [Server Component]

  Client Component SSR:
    ./src/components/contact/ContactForm.tsx [Client Component SSR]
    ./src/components/contact/ContactSequence.tsx [Client Component SSR]
    ./src/components/contact/ContactSequence.tsx [Server Component]
    ./src/app/page.tsx [Server Component] @ http://localhost:3000/_next/static/chunks/node_modules_next_dist_1e8vcs8._.js:1052
[ 1684704ms] [ERROR] ./src/components/contact/ContactForm.tsx:345:1
Error: Unexpected token. Did you mean `{'}'}` or `&rbrace;`?
  343 |         </div>
  344 |     );
> 345 | }
      | ^
  346 |

Parsing ecmascript source code failed

Generated code of loaders [next/dist/build/babel/loader] transform of file content of src/components/contact/ContactForm.tsx:
./src/components/contact/ContactForm.tsx:345:1
  343 |         </div>
  344 |     );
> 345 | }
      | ^
  346 |

Import traces:
  Client Component Browser:
    ./src/components/contact/ContactForm.tsx [Client Component Browser]
    ./src/components/contact/ContactSequence.tsx [Client Component Browser]
    ./src/components/contact/ContactSequence.tsx [Server Component]
    ./src/app/page.tsx [Server Component]

  Client Component SSR:
    ./src/components/contact/ContactForm.tsx [Client Component SSR]
    ./src/components/contact/ContactSequence.tsx [Client Component SSR]
    ./src/components/contact/ContactSequence.tsx [Server Component]
    ./src/app/page.tsx [Server Component] @ http://localhost:3000/_next/static/chunks/node_modules_next_dist_1e8vcs8._.js:1052
[ 1684785ms] [ERROR] ./src/components/contact/ContactForm.tsx:345:1
Error: Unexpected token. Did you mean `{'}'}` or `&rbrace;`?
  343 |         </div>
  344 |     );
> 345 | }
      | ^
  346 |

Parsing ecmascript source code failed

Generated code of loaders [next/dist/build/babel/loader] transform of file content of src/components/contact/ContactForm.tsx:
./src/components/contact/ContactForm.tsx:345:1
  343 |         </div>
  344 |     );
> 345 | }
      | ^
  346 |

Import traces:
  Client Component Browser:
    ./src/components/contact/ContactForm.tsx [Client Component Browser]
    ./src/components/contact/ContactSequence.tsx [Client Component Browser]
    ./src/components/contact/ContactSequence.tsx [Server Component]
    ./src/app/page.tsx [Server Component]

  Client Component SSR:
    ./src/components/contact/ContactForm.tsx [Client Component SSR]
    ./src/components/contact/ContactSequence.tsx [Client Component SSR]
    ./src/components/contact/ContactSequence.tsx [Server Component]
    ./src/app/page.tsx [Server Component] @ http://localhost:3000/_next/static/chunks/node_modules_next_dist_1e8vcs8._.js:1052
[ 1684863ms] [ERROR] ./src/components/contact/ContactForm.tsx:345:1
Error: Unexpected token. Did you mean `{'}'}` or `&rbrace;`?
  343 |         </div>
  344 |     );
> 345 | }
      | ^
  346 |

Parsing ecmascript source code failed

Generated code of loaders [next/dist/build/babel/loader] transform of file content of src/components/contact/ContactForm.tsx:
./src/components/contact/ContactForm.tsx:345:1
  343 |         </div>
  344 |     );
> 345 | }
      | ^
  346 |

Import traces:
  Client Component Browser:
    ./src/components/contact/ContactForm.tsx [Client Component Browser]
    ./src/components/contact/ContactSequence.tsx [Client Component Browser]
    ./src/components/contact/ContactSequence.tsx [Server Component]
    ./src/app/page.tsx [Server Component]

  Client Component SSR:
    ./src/components/contact/ContactForm.tsx [Client Component SSR]
    ./src/components/contact/ContactSequence.tsx [Client Component SSR]
    ./src/components/contact/ContactSequence.tsx [Server Component]
    ./src/app/page.tsx [Server Component] @ http://localhost:3000/_next/static/chunks/node_modules_next_dist_1e8vcs8._.js:1052
[ 1684937ms] [ERROR] ./src/components/contact/ContactForm.tsx:345:1
Error: Unexpected token. Did you mean `{'}'}` or `&rbrace;`?
  343 |         </div>
  344 |     );
> 345 | }
      | ^
  346 |

Parsing ecmascript source code failed

Generated code of loaders [next/dist/build/babel/loader] transform of file content of src/components/contact/ContactForm.tsx:
./src/components/contact/ContactForm.tsx:345:1
  343 |         </div>
  344 |     );
> 345 | }
      | ^
  346 |

Import traces:
  Client Component Browser:
    ./src/components/contact/ContactForm.tsx [Client Component Browser]
    ./src/components/contact/ContactSequence.tsx [Client Component Browser]
    ./src/components/contact/ContactSequence.tsx [Server Component]
    ./src/app/page.tsx [Server Component]

  Client Component SSR:
    ./src/components/contact/ContactForm.tsx [Client Component SSR]
    ./src/components/contact/ContactSequence.tsx [Client Component SSR]
    ./src/components/contact/ContactSequence.tsx [Server Component]
    ./src/app/page.tsx [Server Component] @ http://localhost:3000/_next/static/chunks/node_modules_next_dist_1e8vcs8._.js:1052
[ 1685019ms] [ERROR] ./src/components/contact/ContactForm.tsx:345:1
Error: Unexpected token. Did you mean `{'}'}` or `&rbrace;`?
  343 |         </div>
  344 |     );
> 345 | }
      | ^
  346 |

Parsing ecmascript source code failed

Generated code of loaders [next/dist/build/babel/loader] transform of file content of src/components/contact/ContactForm.tsx:
./src/components/contact/ContactForm.tsx:345:1
  343 |         </div>
  344 |     );
> 345 | }
      | ^
  346 |

Import traces:
  Client Component Browser:
    ./src/components/contact/ContactForm.tsx [Client Component Browser]
    ./src/components/contact/ContactSequence.tsx [Client Component Browser]
    ./src/components/contact/ContactSequence.tsx [Server Component]
    ./src/app/page.tsx [Server Component]

  Client Component SSR:
    ./src/components/contact/ContactForm.tsx [Client Component SSR]
    ./src/components/contact/ContactSequence.tsx [Client Component SSR]
    ./src/components/contact/ContactSequence.tsx [Server Component]
    ./src/app/page.tsx [Server Component] @ http://localhost:3000/_next/static/chunks/node_modules_next_dist_1e8vcs8._.js:1052
[ 1685101ms] [ERROR] ./src/components/contact/ContactForm.tsx:345:1
Error: Unexpected token. Did you mean `{'}'}` or `&rbrace;`?
  343 |         </div>
  344 |     );
> 345 | }
      | ^
  346 |

Parsing ecmascript source code failed

Generated code of loaders [next/dist/build/babel/loader] transform of file content of src/components/contact/ContactForm.tsx:
./src/components/contact/ContactForm.tsx:345:1
  343 |         </div>
  344 |     );
> 345 | }
      | ^
  346 |

Import traces:
  Client Component Browser:
    ./src/components/contact/ContactForm.tsx [Client Component Browser]
    ./src/components/contact/ContactSequence.tsx [Client Component Browser]
    ./src/components/contact/ContactSequence.tsx [Server Component]
    ./src/app/page.tsx [Server Component]

  Client Component SSR:
    ./src/components/contact/ContactForm.tsx [Client Component SSR]
    ./src/components/contact/ContactSequence.tsx [Client Component SSR]
    ./src/components/contact/ContactSequence.tsx [Server Component]
    ./src/app/page.tsx [Server Component] @ http://localhost:3000/_next/static/chunks/node_modules_next_dist_1e8vcs8._.js:1052
[ 1685307ms] [ERROR] ./src/components/contact/ContactForm.tsx:345:1
Error: Unexpected token. Did you mean `{'}'}` or `&rbrace;`?
  343 |         </div>
  344 |     );
> 345 | }
      | ^
  346 |

Parsing ecmascript source code failed

Generated code of loaders [next/dist/build/babel/loader] transform of file content of src/components/contact/ContactForm.tsx:
./src/components/contact/ContactForm.tsx:345:1
  343 |         </div>
  344 |     );
> 345 | }
      | ^
  346 |

Import traces:
  Client Component Browser:
    ./src/components/contact/ContactForm.tsx [Client Component Browser]
    ./src/components/contact/ContactSequence.tsx [Client Component Browser]
    ./src/components/contact/ContactSequence.tsx [Server Component]
    ./src/app/page.tsx [Server Component]

  Client Component SSR:
    ./src/components/contact/ContactForm.tsx [Client Component SSR]
    ./src/components/contact/ContactSequence.tsx [Client Component SSR]
    ./src/components/contact/ContactSequence.tsx [Server Component]
    ./src/app/page.tsx [Server Component] @ http://localhost:3000/_next/static/chunks/node_modules_next_dist_1e8vcs8._.js:1052
[ 1685414ms] [LOG] [Fast Refresh] rebuilding @ http://localhost:3000/_next/static/chunks/node_modules_next_dist_1e8vcs8._.js:776
[ 1685440ms] [ERROR] ./src/components/contact/ContactForm.tsx:345:1
Error: Unexpected token. Did you mean `{'}'}` or `&rbrace;`?
  343 |         </div>
  344 |     );
> 345 | }
      | ^
  346 |

Parsing ecmascript source code failed

Generated code of loaders [next/dist/build/babel/loader] transform of file content of src/components/contact/ContactForm.tsx:
./src/components/contact/ContactForm.tsx:345:1
  343 |         </div>
  344 |     );
> 345 | }
      | ^
  346 |

Import traces:
  Client Component Browser:
    ./src/components/contact/ContactForm.tsx [Client Component Browser]
    ./src/components/contact/ContactSequence.tsx [Client Component Browser]
    ./src/components/contact/ContactSequence.tsx [Server Component]
    ./src/app/page.tsx [Server Component]

  Client Component SSR:
    ./src/components/contact/ContactForm.tsx [Client Component SSR]
    ./src/components/contact/ContactSequence.tsx [Client Component SSR]
    ./src/components/contact/ContactSequence.tsx [Server Component]
    ./src/app/page.tsx [Server Component] @ http://localhost:3000/_next/static/chunks/node_modules_next_dist_1e8vcs8._.js:1052
[ 1685522ms] [ERROR] ./src/components/contact/ContactForm.tsx:345:1
Error: Unexpected token. Did you mean `{'}'}` or `&rbrace;`?
  343 |         </div>
  344 |     );
> 345 | }
      | ^
  346 |

Parsing ecmascript source code failed

Generated code of loaders [next/dist/build/babel/loader] transform of file content of src/components/contact/ContactForm.tsx:
./src/components/contact/ContactForm.tsx:345:1
  343 |         </div>
  344 |     );
> 345 | }
      | ^
  346 |

Import traces:
  Client Component Browser:
    ./src/components/contact/ContactForm.tsx [Client Component Browser]
    ./src/components/contact/ContactSequence.tsx [Client Component Browser]
    ./src/components/contact/ContactSequence.tsx [Server Component]
    ./src/app/page.tsx [Server Component]

  Client Component SSR:
    ./src/components/contact/ContactForm.tsx [Client Component SSR]
    ./src/components/contact/ContactSequence.tsx [Client Component SSR]
    ./src/components/contact/ContactSequence.tsx [Server Component]
    ./src/app/page.tsx [Server Component] @ http://localhost:3000/_next/static/chunks/node_modules_next_dist_1e8vcs8._.js:1052
[ 1685627ms] [ERROR] ./src/components/contact/ContactForm.tsx:345:1
Error: Unexpected token. Did you mean `{'}'}` or `&rbrace;`?
  343 |         </div>
  344 |     );
> 345 | }
      | ^
  346 |

Parsing ecmascript source code failed

Generated code of loaders [next/dist/build/babel/loader] transform of file content of src/components/contact/ContactForm.tsx:
./src/components/contact/ContactForm.tsx:345:1
  343 |         </div>
  344 |     );
> 345 | }
      | ^
  346 |

Import traces:
  Client Component Browser:
    ./src/components/contact/ContactForm.tsx [Client Component Browser]
    ./src/components/contact/ContactSequence.tsx [Client Component Browser]
    ./src/components/contact/ContactSequence.tsx [Server Component]
    ./src/app/page.tsx [Server Component]

  Client Component SSR:
    ./src/components/contact/ContactForm.tsx [Client Component SSR]
    ./src/components/contact/ContactSequence.tsx [Client Component SSR]
    ./src/components/contact/ContactSequence.tsx [Server Component]
    ./src/app/page.tsx [Server Component] @ http://localhost:3000/_next/static/chunks/node_modules_next_dist_1e8vcs8._.js:1052
[ 1685737ms] [ERROR] ./src/components/contact/ContactForm.tsx:345:1
Error: Unexpected token. Did you mean `{'}'}` or `&rbrace;`?
  343 |         </div>
  344 |     );
> 345 | }
      | ^
  346 |

Parsing ecmascript source code failed

Generated code of loaders [next/dist/build/babel/loader] transform of file content of src/components/contact/ContactForm.tsx:
./src/components/contact/ContactForm.tsx:345:1
  343 |         </div>
  344 |     );
> 345 | }
      | ^
  346 |

Import traces:
  Client Component Browser:
    ./src/components/contact/ContactForm.tsx [Client Component Browser]
    ./src/components/contact/ContactSequence.tsx [Client Component Browser]
    ./src/components/contact/ContactSequence.tsx [Server Component]
    ./src/app/page.tsx [Server Component]

  Client Component SSR:
    ./src/components/contact/ContactForm.tsx [Client Component SSR]
    ./src/components/contact/ContactSequence.tsx [Client Component SSR]
    ./src/components/contact/ContactSequence.tsx [Server Component]
    ./src/app/page.tsx [Server Component] @ http://localhost:3000/_next/static/chunks/node_modules_next_dist_1e8vcs8._.js:1052
[ 1685831ms] [ERROR] ./src/components/contact/ContactForm.tsx:345:1
Error: Unexpected token. Did you mean `{'}'}` or `&rbrace;`?
  343 |         </div>
  344 |     );
> 345 | }
      | ^
  346 |

Parsing ecmascript source code failed

Generated code of loaders [next/dist/build/babel/loader] transform of file content of src/components/contact/ContactForm.tsx:
./src/components/contact/ContactForm.tsx:345:1
  343 |         </div>
  344 |     );
> 345 | }
      | ^
  346 |

Import traces:
  Client Component Browser:
    ./src/components/contact/ContactForm.tsx [Client Component Browser]
    ./src/components/contact/ContactSequence.tsx [Client Component Browser]
    ./src/components/contact/ContactSequence.tsx [Server Component]
    ./src/app/page.tsx [Server Component]

  Client Component SSR:
    ./src/components/contact/ContactForm.tsx [Client Component SSR]
    ./src/components/contact/ContactSequence.tsx [Client Component SSR]
    ./src/components/contact/ContactSequence.tsx [Server Component]
    ./src/app/page.tsx [Server Component] @ http://localhost:3000/_next/static/chunks/node_modules_next_dist_1e8vcs8._.js:1052
[ 1685905ms] [ERROR] ./src/components/contact/ContactForm.tsx:345:1
Error: Unexpected token. Did you mean `{'}'}` or `&rbrace;`?
  343 |         </div>
  344 |     );
> 345 | }
      | ^
  346 |

Parsing ecmascript source code failed

Generated code of loaders [next/dist/build/babel/loader] transform of file content of src/components/contact/ContactForm.tsx:
./src/components/contact/ContactForm.tsx:345:1
  343 |         </div>
  344 |     );
> 345 | }
      | ^
  346 |

Import traces:
  Client Component Browser:
    ./src/components/contact/ContactForm.tsx [Client Component Browser]
    ./src/components/contact/ContactSequence.tsx [Client Component Browser]
    ./src/components/contact/ContactSequence.tsx [Server Component]
    ./src/app/page.tsx [Server Component]

  Client Component SSR:
    ./src/components/contact/ContactForm.tsx [Client Component SSR]
    ./src/components/contact/ContactSequence.tsx [Client Component SSR]
    ./src/components/contact/ContactSequence.tsx [Server Component]
    ./src/app/page.tsx [Server Component] @ http://localhost:3000/_next/static/chunks/node_modules_next_dist_1e8vcs8._.js:1052
[ 1686005ms] [ERROR] ./src/components/contact/ContactForm.tsx:345:1
Error: Unexpected token. Did you mean `{'}'}` or `&rbrace;`?
  343 |         </div>
  344 |     );
> 345 | }
      | ^
  346 |

Parsing ecmascript source code failed

Generated code of loaders [next/dist/build/babel/loader] transform of file content of src/components/contact/ContactForm.tsx:
./src/components/contact/ContactForm.tsx:345:1
  343 |         </div>
  344 |     );
> 345 | }
      | ^
  346 |

Import traces:
  Client Component Browser:
    ./src/components/contact/ContactForm.tsx [Client Component Browser]
    ./src/components/contact/ContactSequence.tsx [Client Component Browser]
    ./src/components/contact/ContactSequence.tsx [Server Component]
    ./src/app/page.tsx [Server Component]

  Client Component SSR:
    ./src/components/contact/ContactForm.tsx [Client Component SSR]
    ./src/components/contact/ContactSequence.tsx [Client Component SSR]
    ./src/components/contact/ContactSequence.tsx [Server Component]
    ./src/app/page.tsx [Server Component] @ http://localhost:3000/_next/static/chunks/node_modules_next_dist_1e8vcs8._.js:1052
[ 1686112ms] [ERROR] ./src/components/contact/ContactForm.tsx:345:1
Error: Unexpected token. Did you mean `{'}'}` or `&rbrace;`?
  343 |         </div>
  344 |     );
> 345 | }
      | ^
  346 |

Parsing ecmascript source code failed

Generated code of loaders [next/dist/build/babel/loader] transform of file content of src/components/contact/ContactForm.tsx:
./src/components/contact/ContactForm.tsx:345:1
  343 |         </div>
  344 |     );
> 345 | }
      | ^
  346 |

Import traces:
  Client Component Browser:
    ./src/components/contact/ContactForm.tsx [Client Component Browser]
    ./src/components/contact/ContactSequence.tsx [Client Component Browser]
    ./src/components/contact/ContactSequence.tsx [Server Component]
    ./src/app/page.tsx [Server Component]

  Client Component SSR:
    ./src/components/contact/ContactForm.tsx [Client Component SSR]
    ./src/components/contact/ContactSequence.tsx [Client Component SSR]
    ./src/components/contact/ContactSequence.tsx [Server Component]
    ./src/app/page.tsx [Server Component] @ http://localhost:3000/_next/static/chunks/node_modules_next_dist_1e8vcs8._.js:1052
[ 1686220ms] [ERROR] ./src/components/contact/ContactForm.tsx:345:1
Error: Unexpected token. Did you mean `{'}'}` or `&rbrace;`?
  343 |         </div>
  344 |     );
> 345 | }
      | ^
  346 |

Parsing ecmascript source code failed

Generated code of loaders [next/dist/build/babel/loader] transform of file content of src/components/contact/ContactForm.tsx:
./src/components/contact/ContactForm.tsx:345:1
  343 |         </div>
  344 |     );
> 345 | }
      | ^
  346 |

Import traces:
  Client Component Browser:
    ./src/components/contact/ContactForm.tsx [Client Component Browser]
    ./src/components/contact/ContactSequence.tsx [Client Component Browser]
    ./src/components/contact/ContactSequence.tsx [Server Component]
    ./src/app/page.tsx [Server Component]

  Client Component SSR:
    ./src/components/contact/ContactForm.tsx [Client Component SSR]
    ./src/components/contact/ContactSequence.tsx [Client Component SSR]
    ./src/components/contact/ContactSequence.tsx [Server Component]
    ./src/app/page.tsx [Server Component] @ http://localhost:3000/_next/static/chunks/node_modules_next_dist_1e8vcs8._.js:1052
[ 1686296ms] [ERROR] ./src/components/contact/ContactForm.tsx:345:1
Error: Unexpected token. Did you mean `{'}'}` or `&rbrace;`?
  343 |         </div>
  344 |     );
> 345 | }
      | ^
  346 |

Parsing ecmascript source code failed

Generated code of loaders [next/dist/build/babel/loader] transform of file content of src/components/contact/ContactForm.tsx:
./src/components/contact/ContactForm.tsx:345:1
  343 |         </div>
  344 |     );
> 345 | }
      | ^
  346 |

Import traces:
  Client Component Browser:
    ./src/components/contact/ContactForm.tsx [Client Component Browser]
    ./src/components/contact/ContactSequence.tsx [Client Component Browser]
    ./src/components/contact/ContactSequence.tsx [Server Component]
    ./src/app/page.tsx [Server Component]

  Client Component SSR:
    ./src/components/contact/ContactForm.tsx [Client Component SSR]
    ./src/components/contact/ContactSequence.tsx [Client Component SSR]
    ./src/components/contact/ContactSequence.tsx [Server Component]
    ./src/app/page.tsx [Server Component] @ http://localhost:3000/_next/static/chunks/node_modules_next_dist_1e8vcs8._.js:1052
[ 1686421ms] [ERROR] ./src/components/contact/ContactForm.tsx:345:1
Error: Unexpected token. Did you mean `{'}'}` or `&rbrace;`?
  343 |         </div>
  344 |     );
> 345 | }
      | ^
  346 |

Parsing ecmascript source code failed

Generated code of loaders [next/dist/build/babel/loader] transform of file content of src/components/contact/ContactForm.tsx:
./src/components/contact/ContactForm.tsx:345:1
  343 |         </div>
  344 |     );
> 345 | }
      | ^
  346 |

Import traces:
  Client Component Browser:
    ./src/components/contact/ContactForm.tsx [Client Component Browser]
    ./src/components/contact/ContactSequence.tsx [Client Component Browser]
    ./src/components/contact/ContactSequence.tsx [Server Component]
    ./src/app/page.tsx [Server Component]

  Client Component SSR:
    ./src/components/contact/ContactForm.tsx [Client Component SSR]
    ./src/components/contact/ContactSequence.tsx [Client Component SSR]
    ./src/components/contact/ContactSequence.tsx [Server Component]
    ./src/app/page.tsx [Server Component] @ http://localhost:3000/_next/static/chunks/node_modules_next_dist_1e8vcs8._.js:1052
[ 1686589ms] [ERROR] ./src/components/contact/ContactForm.tsx:345:1
Error: Unexpected token. Did you mean `{'}'}` or `&rbrace;`?
  343 |         </div>
  344 |     );
> 345 | }
      | ^
  346 |

Parsing ecmascript source code failed

Generated code of loaders [next/dist/build/babel/loader] transform of file content of src/components/contact/ContactForm.tsx:
./src/components/contact/ContactForm.tsx:345:1
  343 |         </div>
  344 |     );
> 345 | }
      | ^
  346 |

Import traces:
  Client Component Browser:
    ./src/components/contact/ContactForm.tsx [Client Component Browser]
    ./src/components/contact/ContactSequence.tsx [Client Component Browser]
    ./src/components/contact/ContactSequence.tsx [Server Component]
    ./src/app/page.tsx [Server Component]

  Client Component SSR:
    ./src/components/contact/ContactForm.tsx [Client Component SSR]
    ./src/components/contact/ContactSequence.tsx [Client Component SSR]
    ./src/components/contact/ContactSequence.tsx [Server Component]
    ./src/app/page.tsx [Server Component] @ http://localhost:3000/_next/static/chunks/node_modules_next_dist_1e8vcs8._.js:1052
[ 1686670ms] [ERROR] ./src/components/contact/ContactForm.tsx:345:1
Error: Unexpected token. Did you mean `{'}'}` or `&rbrace;`?
  343 |         </div>
  344 |     );
> 345 | }
      | ^
  346 |

Parsing ecmascript source code failed

Generated code of loaders [next/dist/build/babel/loader] transform of file content of src/components/contact/ContactForm.tsx:
./src/components/contact/ContactForm.tsx:345:1
  343 |         </div>
  344 |     );
> 345 | }
      | ^
  346 |

Import traces:
  Client Component Browser:
    ./src/components/contact/ContactForm.tsx [Client Component Browser]
    ./src/components/contact/ContactSequence.tsx [Client Component Browser]
    ./src/components/contact/ContactSequence.tsx [Server Component]
    ./src/app/page.tsx [Server Component]

  Client Component SSR:
    ./src/components/contact/ContactForm.tsx [Client Component SSR]
    ./src/components/contact/ContactSequence.tsx [Client Component SSR]
    ./src/components/contact/ContactSequence.tsx [Server Component]
    ./src/app/page.tsx [Server Component] @ http://localhost:3000/_next/static/chunks/node_modules_next_dist_1e8vcs8._.js:1052
[ 1686869ms] [ERROR] ./src/components/contact/ContactForm.tsx:345:1
Error: Unexpected token. Did you mean `{'}'}` or `&rbrace;`?
  343 |         </div>
  344 |     );
> 345 | }
      | ^
  346 |

Parsing ecmascript source code failed

Generated code of loaders [next/dist/build/babel/loader] transform of file content of src/components/contact/ContactForm.tsx:
./src/components/contact/ContactForm.tsx:345:1
  343 |         </div>
  344 |     );
> 345 | }
      | ^
  346 |

Import traces:
  Client Component Browser:
    ./src/components/contact/ContactForm.tsx [Client Component Browser]
    ./src/components/contact/ContactSequence.tsx [Client Component Browser]
    ./src/components/contact/ContactSequence.tsx [Server Component]
    ./src/app/page.tsx [Server Component]

  Client Component SSR:
    ./src/components/contact/ContactForm.tsx [Client Component SSR]
    ./src/components/contact/ContactSequence.tsx [Client Component SSR]
    ./src/components/contact/ContactSequence.tsx [Server Component]
    ./src/app/page.tsx [Server Component] @ http://localhost:3000/_next/static/chunks/node_modules_next_dist_1e8vcs8._.js:1052
[ 1686949ms] [ERROR] ./src/components/contact/ContactForm.tsx:345:1
Error: Unexpected token. Did you mean `{'}'}` or `&rbrace;`?
  343 |         </div>
  344 |     );
> 345 | }
      | ^
  346 |

Parsing ecmascript source code failed

Generated code of loaders [next/dist/build/babel/loader] transform of file content of src/components/contact/ContactForm.tsx:
./src/components/contact/ContactForm.tsx:345:1
  343 |         </div>
  344 |     );
> 345 | }
      | ^
  346 |

Import traces:
  Client Component Browser:
    ./src/components/contact/ContactForm.tsx [Client Component Browser]
    ./src/components/contact/ContactSequence.tsx [Client Component Browser]
    ./src/components/contact/ContactSequence.tsx [Server Component]
    ./src/app/page.tsx [Server Component]

  Client Component SSR:
    ./src/components/contact/ContactForm.tsx [Client Component SSR]
    ./src/components/contact/ContactSequence.tsx [Client Component SSR]
    ./src/components/contact/ContactSequence.tsx [Server Component]
    ./src/app/page.tsx [Server Component] @ http://localhost:3000/_next/static/chunks/node_modules_next_dist_1e8vcs8._.js:1052
[ 1687023ms] [ERROR] ./src/components/contact/ContactForm.tsx:345:1
Error: Unexpected token. Did you mean `{'}'}` or `&rbrace;`?
  343 |         </div>
  344 |     );
> 345 | }
      | ^
  346 |

Parsing ecmascript source code failed

Generated code of loaders [next/dist/build/babel/loader] transform of file content of src/components/contact/ContactForm.tsx:
./src/components/contact/ContactForm.tsx:345:1
  343 |         </div>
  344 |     );
> 345 | }
      | ^
  346 |

Import traces:
  Client Component Browser:
    ./src/components/contact/ContactForm.tsx [Client Component Browser]
    ./src/components/contact/ContactSequence.tsx [Client Component Browser]
    ./src/components/contact/ContactSequence.tsx [Server Component]
    ./src/app/page.tsx [Server Component]

  Client Component SSR:
    ./src/components/contact/ContactForm.tsx [Client Component SSR]
    ./src/components/contact/ContactSequence.tsx [Client Component SSR]
    ./src/components/contact/ContactSequence.tsx [Server Component]
    ./src/app/page.tsx [Server Component] @ http://localhost:3000/_next/static/chunks/node_modules_next_dist_1e8vcs8._.js:1052
[ 1687118ms] [ERROR] ./src/components/contact/ContactForm.tsx:345:1
Error: Unexpected token. Did you mean `{'}'}` or `&rbrace;`?
  343 |         </div>
  344 |     );
> 345 | }
      | ^
  346 |

Parsing ecmascript source code failed

Generated code of loaders [next/dist/build/babel/loader] transform of file content of src/components/contact/ContactForm.tsx:
./src/components/contact/ContactForm.tsx:345:1
  343 |         </div>
  344 |     );
> 345 | }
      | ^
  346 |

Import traces:
  Client Component Browser:
    ./src/components/contact/ContactForm.tsx [Client Component Browser]
    ./src/components/contact/ContactSequence.tsx [Client Component Browser]
    ./src/components/contact/ContactSequence.tsx [Server Component]
    ./src/app/page.tsx [Server Component]

  Client Component SSR:
    ./src/components/contact/ContactForm.tsx [Client Component SSR]
    ./src/components/contact/ContactSequence.tsx [Client Component SSR]
    ./src/components/contact/ContactSequence.tsx [Server Component]
    ./src/app/page.tsx [Server Component] @ http://localhost:3000/_next/static/chunks/node_modules_next_dist_1e8vcs8._.js:1052
[ 1687253ms] [ERROR] ./src/components/contact/ContactForm.tsx:345:1
Error: Unexpected token. Did you mean `{'}'}` or `&rbrace;`?
  343 |         </div>
  344 |     );
> 345 | }
      | ^
  346 |

Parsing ecmascript source code failed

Generated code of loaders [next/dist/build/babel/loader] transform of file content of src/components/contact/ContactForm.tsx:
./src/components/contact/ContactForm.tsx:345:1
  343 |         </div>
  344 |     );
> 345 | }
      | ^
  346 |

Import traces:
  Client Component Browser:
    ./src/components/contact/ContactForm.tsx [Client Component Browser]
    ./src/components/contact/ContactSequence.tsx [Client Component Browser]
    ./src/components/contact/ContactSequence.tsx [Server Component]
    ./src/app/page.tsx [Server Component]

  Client Component SSR:
    ./src/components/contact/ContactForm.tsx [Client Component SSR]
    ./src/components/contact/ContactSequence.tsx [Client Component SSR]
    ./src/components/contact/ContactSequence.tsx [Server Component]
    ./src/app/page.tsx [Server Component] @ http://localhost:3000/_next/static/chunks/node_modules_next_dist_1e8vcs8._.js:1052
[ 1687337ms] [ERROR] ./src/components/contact/ContactForm.tsx:345:1
Error: Unexpected token. Did you mean `{'}'}` or `&rbrace;`?
  343 |         </div>
  344 |     );
> 345 | }
      | ^
  346 |

Parsing ecmascript source code failed

Generated code of loaders [next/dist/build/babel/loader] transform of file content of src/components/contact/ContactForm.tsx:
./src/components/contact/ContactForm.tsx:345:1
  343 |         </div>
  344 |     );
> 345 | }
      | ^
  346 |

Import traces:
  Client Component Browser:
    ./src/components/contact/ContactForm.tsx [Client Component Browser]
    ./src/components/contact/ContactSequence.tsx [Client Component Browser]
    ./src/components/contact/ContactSequence.tsx [Server Component]
    ./src/app/page.tsx [Server Component]

  Client Component SSR:
    ./src/components/contact/ContactForm.tsx [Client Component SSR]
    ./src/components/contact/ContactSequence.tsx [Client Component SSR]
    ./src/components/contact/ContactSequence.tsx [Server Component]
    ./src/app/page.tsx [Server Component] @ http://localhost:3000/_next/static/chunks/node_modules_next_dist_1e8vcs8._.js:1052
[ 1687418ms] [ERROR] ./src/components/contact/ContactForm.tsx:345:1
Error: Unexpected token. Did you mean `{'}'}` or `&rbrace;`?
  343 |         </div>
  344 |     );
> 345 | }
      | ^
  346 |

Parsing ecmascript source code failed

Generated code of loaders [next/dist/build/babel/loader] transform of file content of src/components/contact/ContactForm.tsx:
./src/components/contact/ContactForm.tsx:345:1
  343 |         </div>
  344 |     );
> 345 | }
      | ^
  346 |

Import traces:
  Client Component Browser:
    ./src/components/contact/ContactForm.tsx [Client Component Browser]
    ./src/components/contact/ContactSequence.tsx [Client Component Browser]
    ./src/components/contact/ContactSequence.tsx [Server Component]
    ./src/app/page.tsx [Server Component]

  Client Component SSR:
    ./src/components/contact/ContactForm.tsx [Client Component SSR]
    ./src/components/contact/ContactSequence.tsx [Client Component SSR]
    ./src/components/contact/ContactSequence.tsx [Server Component]
    ./src/app/page.tsx [Server Component] @ http://localhost:3000/_next/static/chunks/node_modules_next_dist_1e8vcs8._.js:1052
[ 1687490ms] [ERROR] ./src/components/contact/ContactForm.tsx:345:1
Error: Unexpected token. Did you mean `{'}'}` or `&rbrace;`?
  343 |         </div>
  344 |     );
> 345 | }
      | ^
  346 |

Parsing ecmascript source code failed

Generated code of loaders [next/dist/build/babel/loader] transform of file content of src/components/contact/ContactForm.tsx:
./src/components/contact/ContactForm.tsx:345:1
  343 |         </div>
  344 |     );
> 345 | }
      | ^
  346 |

Import traces:
  Client Component Browser:
    ./src/components/contact/ContactForm.tsx [Client Component Browser]
    ./src/components/contact/ContactSequence.tsx [Client Component Browser]
    ./src/components/contact/ContactSequence.tsx [Server Component]
    ./src/app/page.tsx [Server Component]

  Client Component SSR:
    ./src/components/contact/ContactForm.tsx [Client Component SSR]
    ./src/components/contact/ContactSequence.tsx [Client Component SSR]
    ./src/components/contact/ContactSequence.tsx [Server Component]
    ./src/app/page.tsx [Server Component] @ http://localhost:3000/_next/static/chunks/node_modules_next_dist_1e8vcs8._.js:1052
[ 1687571ms] [ERROR] ./src/components/contact/ContactForm.tsx:345:1
Error: Unexpected token. Did you mean `{'}'}` or `&rbrace;`?
  343 |         </div>
  344 |     );
> 345 | }
      | ^
  346 |

Parsing ecmascript source code failed

Generated code of loaders [next/dist/build/babel/loader] transform of file content of src/components/contact/ContactForm.tsx:
./src/components/contact/ContactForm.tsx:345:1
  343 |         </div>
  344 |     );
> 345 | }
      | ^
  346 |

Import traces:
  Client Component Browser:
    ./src/components/contact/ContactForm.tsx [Client Component Browser]
    ./src/components/contact/ContactSequence.tsx [Client Component Browser]
    ./src/components/contact/ContactSequence.tsx [Server Component]
    ./src/app/page.tsx [Server Component]

  Client Component SSR:
    ./src/components/contact/ContactForm.tsx [Client Component SSR]
    ./src/components/contact/ContactSequence.tsx [Client Component SSR]
    ./src/components/contact/ContactSequence.tsx [Server Component]
    ./src/app/page.tsx [Server Component] @ http://localhost:3000/_next/static/chunks/node_modules_next_dist_1e8vcs8._.js:1052
[ 1687667ms] [ERROR] ./src/components/contact/ContactForm.tsx:345:1
Error: Unexpected token. Did you mean `{'}'}` or `&rbrace;`?
  343 |         </div>
  344 |     );
> 345 | }
      | ^
  346 |

Parsing ecmascript source code failed

Generated code of loaders [next/dist/build/babel/loader] transform of file content of src/components/contact/ContactForm.tsx:
./src/components/contact/ContactForm.tsx:345:1
  343 |         </div>
  344 |     );
> 345 | }
      | ^
  346 |

Import traces:
  Client Component Browser:
    ./src/components/contact/ContactForm.tsx [Client Component Browser]
    ./src/components/contact/ContactSequence.tsx [Client Component Browser]
    ./src/components/contact/ContactSequence.tsx [Server Component]
    ./src/app/page.tsx [Server Component]

  Client Component SSR:
    ./src/components/contact/ContactForm.tsx [Client Component SSR]
    ./src/components/contact/ContactSequence.tsx [Client Component SSR]
    ./src/components/contact/ContactSequence.tsx [Server Component]
    ./src/app/page.tsx [Server Component] @ http://localhost:3000/_next/static/chunks/node_modules_next_dist_1e8vcs8._.js:1052
[ 1687739ms] [ERROR] ./src/components/contact/ContactForm.tsx:345:1
Error: Unexpected token. Did you mean `{'}'}` or `&rbrace;`?
  343 |         </div>
  344 |     );
> 345 | }
      | ^
  346 |

Parsing ecmascript source code failed

Generated code of loaders [next/dist/build/babel/loader] transform of file content of src/components/contact/ContactForm.tsx:
./src/components/contact/ContactForm.tsx:345:1
  343 |         </div>
  344 |     );
> 345 | }
      | ^
  346 |

Import traces:
  Client Component Browser:
    ./src/components/contact/ContactForm.tsx [Client Component Browser]
    ./src/components/contact/ContactSequence.tsx [Client Component Browser]
    ./src/components/contact/ContactSequence.tsx [Server Component]
    ./src/app/page.tsx [Server Component]

  Client Component SSR:
    ./src/components/contact/ContactForm.tsx [Client Component SSR]
    ./src/components/contact/ContactSequence.tsx [Client Component SSR]
    ./src/components/contact/ContactSequence.tsx [Server Component]
    ./src/app/page.tsx [Server Component] @ http://localhost:3000/_next/static/chunks/node_modules_next_dist_1e8vcs8._.js:1052
[ 1687819ms] [ERROR] ./src/components/contact/ContactForm.tsx:345:1
Error: Unexpected token. Did you mean `{'}'}` or `&rbrace;`?
  343 |         </div>
  344 |     );
> 345 | }
      | ^
  346 |

Parsing ecmascript source code failed

Generated code of loaders [next/dist/build/babel/loader] transform of file content of src/components/contact/ContactForm.tsx:
./src/components/contact/ContactForm.tsx:345:1
  343 |         </div>
  344 |     );
> 345 | }
      | ^
  346 |

Import traces:
  Client Component Browser:
    ./src/components/contact/ContactForm.tsx [Client Component Browser]
    ./src/components/contact/ContactSequence.tsx [Client Component Browser]
    ./src/components/contact/ContactSequence.tsx [Server Component]
    ./src/app/page.tsx [Server Component]

  Client Component SSR:
    ./src/components/contact/ContactForm.tsx [Client Component SSR]
    ./src/components/contact/ContactSequence.tsx [Client Component SSR]
    ./src/components/contact/ContactSequence.tsx [Server Component]
    ./src/app/page.tsx [Server Component] @ http://localhost:3000/_next/static/chunks/node_modules_next_dist_1e8vcs8._.js:1052
[ 1687898ms] [ERROR] ./src/components/contact/ContactForm.tsx:345:1
Error: Unexpected token. Did you mean `{'}'}` or `&rbrace;`?
  343 |         </div>
  344 |     );
> 345 | }
      | ^
  346 |

Parsing ecmascript source code failed

Generated code of loaders [next/dist/build/babel/loader] transform of file content of src/components/contact/ContactForm.tsx:
./src/components/contact/ContactForm.tsx:345:1
  343 |         </div>
  344 |     );
> 345 | }
      | ^
  346 |

Import traces:
  Client Component Browser:
    ./src/components/contact/ContactForm.tsx [Client Component Browser]
    ./src/components/contact/ContactSequence.tsx [Client Component Browser]
    ./src/components/contact/ContactSequence.tsx [Server Component]
    ./src/app/page.tsx [Server Component]

  Client Component SSR:
    ./src/components/contact/ContactForm.tsx [Client Component SSR]
    ./src/components/contact/ContactSequence.tsx [Client Component SSR]
    ./src/components/contact/ContactSequence.tsx [Server Component]
    ./src/app/page.tsx [Server Component] @ http://localhost:3000/_next/static/chunks/node_modules_next_dist_1e8vcs8._.js:1052
[ 1687985ms] [ERROR] ./src/components/contact/ContactForm.tsx:345:1
Error: Unexpected token. Did you mean `{'}'}` or `&rbrace;`?
  343 |         </div>
  344 |     );
> 345 | }
      | ^
  346 |

Parsing ecmascript source code failed

Generated code of loaders [next/dist/build/babel/loader] transform of file content of src/components/contact/ContactForm.tsx:
./src/components/contact/ContactForm.tsx:345:1
  343 |         </div>
  344 |     );
> 345 | }
      | ^
  346 |

Import traces:
  Client Component Browser:
    ./src/components/contact/ContactForm.tsx [Client Component Browser]
    ./src/components/contact/ContactSequence.tsx [Client Component Browser]
    ./src/components/contact/ContactSequence.tsx [Server Component]
    ./src/app/page.tsx [Server Component]

  Client Component SSR:
    ./src/components/contact/ContactForm.tsx [Client Component SSR]
    ./src/components/contact/ContactSequence.tsx [Client Component SSR]
    ./src/components/contact/ContactSequence.tsx [Server Component]
    ./src/app/page.tsx [Server Component] @ http://localhost:3000/_next/static/chunks/node_modules_next_dist_1e8vcs8._.js:1052
[ 1688065ms] [ERROR] ./src/components/contact/ContactForm.tsx:345:1
Error: Unexpected token. Did you mean `{'}'}` or `&rbrace;`?
  343 |         </div>
  344 |     );
> 345 | }
      | ^
  346 |

Parsing ecmascript source code failed

Generated code of loaders [next/dist/build/babel/loader] transform of file content of src/components/contact/ContactForm.tsx:
./src/components/contact/ContactForm.tsx:345:1
  343 |         </div>
  344 |     );
> 345 | }
      | ^
  346 |

Import traces:
  Client Component Browser:
    ./src/components/contact/ContactForm.tsx [Client Component Browser]
    ./src/components/contact/ContactSequence.tsx [Client Component Browser]
    ./src/components/contact/ContactSequence.tsx [Server Component]
    ./src/app/page.tsx [Server Component]

  Client Component SSR:
    ./src/components/contact/ContactForm.tsx [Client Component SSR]
    ./src/components/contact/ContactSequence.tsx [Client Component SSR]
    ./src/components/contact/ContactSequence.tsx [Server Component]
    ./src/app/page.tsx [Server Component] @ http://localhost:3000/_next/static/chunks/node_modules_next_dist_1e8vcs8._.js:1052
[ 1688139ms] [ERROR] ./src/components/contact/ContactForm.tsx:345:1
Error: Unexpected token. Did you mean `{'}'}` or `&rbrace;`?
  343 |         </div>
  344 |     );
> 345 | }
      | ^
  346 |

Parsing ecmascript source code failed

Generated code of loaders [next/dist/build/babel/loader] transform of file content of src/components/contact/ContactForm.tsx:
./src/components/contact/ContactForm.tsx:345:1
  343 |         </div>
  344 |     );
> 345 | }
      | ^
  346 |

Import traces:
  Client Component Browser:
    ./src/components/contact/ContactForm.tsx [Client Component Browser]
    ./src/components/contact/ContactSequence.tsx [Client Component Browser]
    ./src/components/contact/ContactSequence.tsx [Server Component]
    ./src/app/page.tsx [Server Component]

  Client Component SSR:
    ./src/components/contact/ContactForm.tsx [Client Component SSR]
    ./src/components/contact/ContactSequence.tsx [Client Component SSR]
    ./src/components/contact/ContactSequence.tsx [Server Component]
    ./src/app/page.tsx [Server Component] @ http://localhost:3000/_next/static/chunks/node_modules_next_dist_1e8vcs8._.js:1052
[ 1688218ms] [ERROR] ./src/components/contact/ContactForm.tsx:345:1
Error: Unexpected token. Did you mean `{'}'}` or `&rbrace;`?
  343 |         </div>
  344 |     );
> 345 | }
      | ^
  346 |

Parsing ecmascript source code failed

Generated code of loaders [next/dist/build/babel/loader] transform of file content of src/components/contact/ContactForm.tsx:
./src/components/contact/ContactForm.tsx:345:1
  343 |         </div>
  344 |     );
> 345 | }
      | ^
  346 |

Import traces:
  Client Component Browser:
    ./src/components/contact/ContactForm.tsx [Client Component Browser]
    ./src/components/contact/ContactSequence.tsx [Client Component Browser]
    ./src/components/contact/ContactSequence.tsx [Server Component]
    ./src/app/page.tsx [Server Component]

  Client Component SSR:
    ./src/components/contact/ContactForm.tsx [Client Component SSR]
    ./src/components/contact/ContactSequence.tsx [Client Component SSR]
    ./src/components/contact/ContactSequence.tsx [Server Component]
    ./src/app/page.tsx [Server Component] @ http://localhost:3000/_next/static/chunks/node_modules_next_dist_1e8vcs8._.js:1052
[ 1688302ms] [ERROR] ./src/components/contact/ContactForm.tsx:345:1
Error: Unexpected token. Did you mean `{'}'}` or `&rbrace;`?
  343 |         </div>
  344 |     );
> 345 | }
      | ^
  346 |

Parsing ecmascript source code failed

Generated code of loaders [next/dist/build/babel/loader] transform of file content of src/components/contact/ContactForm.tsx:
./src/components/contact/ContactForm.tsx:345:1
  343 |         </div>
  344 |     );
> 345 | }
      | ^
  346 |

Import traces:
  Client Component Browser:
    ./src/components/contact/ContactForm.tsx [Client Component Browser]
    ./src/components/contact/ContactSequence.tsx [Client Component Browser]
    ./src/components/contact/ContactSequence.tsx [Server Component]
    ./src/app/page.tsx [Server Component]

  Client Component SSR:
    ./src/components/contact/ContactForm.tsx [Client Component SSR]
    ./src/components/contact/ContactSequence.tsx [Client Component SSR]
    ./src/components/contact/ContactSequence.tsx [Server Component]
    ./src/app/page.tsx [Server Component] @ http://localhost:3000/_next/static/chunks/node_modules_next_dist_1e8vcs8._.js:1052
[ 1688373ms] [ERROR] ./src/components/contact/ContactForm.tsx:345:1
Error: Unexpected token. Did you mean `{'}'}` or `&rbrace;`?
  343 |         </div>
  344 |     );
> 345 | }
      | ^
  346 |

Parsing ecmascript source code failed

Generated code of loaders [next/dist/build/babel/loader] transform of file content of src/components/contact/ContactForm.tsx:
./src/components/contact/ContactForm.tsx:345:1
  343 |         </div>
  344 |     );
> 345 | }
      | ^
  346 |

Import traces:
  Client Component Browser:
    ./src/components/contact/ContactForm.tsx [Client Component Browser]
    ./src/components/contact/ContactSequence.tsx [Client Component Browser]
    ./src/components/contact/ContactSequence.tsx [Server Component]
    ./src/app/page.tsx [Server Component]

  Client Component SSR:
    ./src/components/contact/ContactForm.tsx [Client Component SSR]
    ./src/components/contact/ContactSequence.tsx [Client Component SSR]
    ./src/components/contact/ContactSequence.tsx [Server Component]
    ./src/app/page.tsx [Server Component] @ http://localhost:3000/_next/static/chunks/node_modules_next_dist_1e8vcs8._.js:1052
[ 1688452ms] [ERROR] ./src/components/contact/ContactForm.tsx:345:1
Error: Unexpected token. Did you mean `{'}'}` or `&rbrace;`?
  343 |         </div>
  344 |     );
> 345 | }
      | ^
  346 |

Parsing ecmascript source code failed

Generated code of loaders [next/dist/build/babel/loader] transform of file content of src/components/contact/ContactForm.tsx:
./src/components/contact/ContactForm.tsx:345:1
  343 |         </div>
  344 |     );
> 345 | }
      | ^
  346 |

Import traces:
  Client Component Browser:
    ./src/components/contact/ContactForm.tsx [Client Component Browser]
    ./src/components/contact/ContactSequence.tsx [Client Component Browser]
    ./src/components/contact/ContactSequence.tsx [Server Component]
    ./src/app/page.tsx [Server Component]

  Client Component SSR:
    ./src/components/contact/ContactForm.tsx [Client Component SSR]
    ./src/components/contact/ContactSequence.tsx [Client Component SSR]
    ./src/components/contact/ContactSequence.tsx [Server Component]
    ./src/app/page.tsx [Server Component] @ http://localhost:3000/_next/static/chunks/node_modules_next_dist_1e8vcs8._.js:1052
[ 1688534ms] [ERROR] ./src/components/contact/ContactForm.tsx:345:1
Error: Unexpected token. Did you mean `{'}'}` or `&rbrace;`?
  343 |         </div>
  344 |     );
> 345 | }
      | ^
  346 |

Parsing ecmascript source code failed

Generated code of loaders [next/dist/build/babel/loader] transform of file content of src/components/contact/ContactForm.tsx:
./src/components/contact/ContactForm.tsx:345:1
  343 |         </div>
  344 |     );
> 345 | }
      | ^
  346 |

Import traces:
  Client Component Browser:
    ./src/components/contact/ContactForm.tsx [Client Component Browser]
    ./src/components/contact/ContactSequence.tsx [Client Component Browser]
    ./src/components/contact/ContactSequence.tsx [Server Component]
    ./src/app/page.tsx [Server Component]

  Client Component SSR:
    ./src/components/contact/ContactForm.tsx [Client Component SSR]
    ./src/components/contact/ContactSequence.tsx [Client Component SSR]
    ./src/components/contact/ContactSequence.tsx [Server Component]
    ./src/app/page.tsx [Server Component] @ http://localhost:3000/_next/static/chunks/node_modules_next_dist_1e8vcs8._.js:1052
[ 1688609ms] [ERROR] ./src/components/contact/ContactForm.tsx:345:1
Error: Unexpected token. Did you mean `{'}'}` or `&rbrace;`?
  343 |         </div>
  344 |     );
> 345 | }
      | ^
  346 |

Parsing ecmascript source code failed

Generated code of loaders [next/dist/build/babel/loader] transform of file content of src/components/contact/ContactForm.tsx:
./src/components/contact/ContactForm.tsx:345:1
  343 |         </div>
  344 |     );
> 345 | }
      | ^
  346 |

Import traces:
  Client Component Browser:
    ./src/components/contact/ContactForm.tsx [Client Component Browser]
    ./src/components/contact/ContactSequence.tsx [Client Component Browser]
    ./src/components/contact/ContactSequence.tsx [Server Component]
    ./src/app/page.tsx [Server Component]

  Client Component SSR:
    ./src/components/contact/ContactForm.tsx [Client Component SSR]
    ./src/components/contact/ContactSequence.tsx [Client Component SSR]
    ./src/components/contact/ContactSequence.tsx [Server Component]
    ./src/app/page.tsx [Server Component] @ http://localhost:3000/_next/static/chunks/node_modules_next_dist_1e8vcs8._.js:1052
[ 1688687ms] [ERROR] ./src/components/contact/ContactForm.tsx:345:1
Error: Unexpected token. Did you mean `{'}'}` or `&rbrace;`?
  343 |         </div>
  344 |     );
> 345 | }
      | ^
  346 |

Parsing ecmascript source code failed

Generated code of loaders [next/dist/build/babel/loader] transform of file content of src/components/contact/ContactForm.tsx:
./src/components/contact/ContactForm.tsx:345:1
  343 |         </div>
  344 |     );
> 345 | }
      | ^
  346 |

Import traces:
  Client Component Browser:
    ./src/components/contact/ContactForm.tsx [Client Component Browser]
    ./src/components/contact/ContactSequence.tsx [Client Component Browser]
    ./src/components/contact/ContactSequence.tsx [Server Component]
    ./src/app/page.tsx [Server Component]

  Client Component SSR:
    ./src/components/contact/ContactForm.tsx [Client Component SSR]
    ./src/components/contact/ContactSequence.tsx [Client Component SSR]
    ./src/components/contact/ContactSequence.tsx [Server Component]
    ./src/app/page.tsx [Server Component] @ http://localhost:3000/_next/static/chunks/node_modules_next_dist_1e8vcs8._.js:1052
[ 1688768ms] [ERROR] ./src/components/contact/ContactForm.tsx:345:1
Error: Unexpected token. Did you mean `{'}'}` or `&rbrace;`?
  343 |         </div>
  344 |     );
> 345 | }
      | ^
  346 |

Parsing ecmascript source code failed

Generated code of loaders [next/dist/build/babel/loader] transform of file content of src/components/contact/ContactForm.tsx:
./src/components/contact/ContactForm.tsx:345:1
  343 |         </div>
  344 |     );
> 345 | }
      | ^
  346 |

Import traces:
  Client Component Browser:
    ./src/components/contact/ContactForm.tsx [Client Component Browser]
    ./src/components/contact/ContactSequence.tsx [Client Component Browser]
    ./src/components/contact/ContactSequence.tsx [Server Component]
    ./src/app/page.tsx [Server Component]

  Client Component SSR:
    ./src/components/contact/ContactForm.tsx [Client Component SSR]
    ./src/components/contact/ContactSequence.tsx [Client Component SSR]
    ./src/components/contact/ContactSequence.tsx [Server Component]
    ./src/app/page.tsx [Server Component] @ http://localhost:3000/_next/static/chunks/node_modules_next_dist_1e8vcs8._.js:1052
[ 1688850ms] [ERROR] ./src/components/contact/ContactForm.tsx:345:1
Error: Unexpected token. Did you mean `{'}'}` or `&rbrace;`?
  343 |         </div>
  344 |     );
> 345 | }
      | ^
  346 |

Parsing ecmascript source code failed

Generated code of loaders [next/dist/build/babel/loader] transform of file content of src/components/contact/ContactForm.tsx:
./src/components/contact/ContactForm.tsx:345:1
  343 |         </div>
  344 |     );
> 345 | }
      | ^
  346 |

Import traces:
  Client Component Browser:
    ./src/components/contact/ContactForm.tsx [Client Component Browser]
    ./src/components/contact/ContactSequence.tsx [Client Component Browser]
    ./src/components/contact/ContactSequence.tsx [Server Component]
    ./src/app/page.tsx [Server Component]

  Client Component SSR:
    ./src/components/contact/ContactForm.tsx [Client Component SSR]
    ./src/components/contact/ContactSequence.tsx [Client Component SSR]
    ./src/components/contact/ContactSequence.tsx [Server Component]
    ./src/app/page.tsx [Server Component] @ http://localhost:3000/_next/static/chunks/node_modules_next_dist_1e8vcs8._.js:1052
[ 1688921ms] [ERROR] ./src/components/contact/ContactForm.tsx:345:1
Error: Unexpected token. Did you mean `{'}'}` or `&rbrace;`?
  343 |         </div>
  344 |     );
> 345 | }
      | ^
  346 |

Parsing ecmascript source code failed

Generated code of loaders [next/dist/build/babel/loader] transform of file content of src/components/contact/ContactForm.tsx:
./src/components/contact/ContactForm.tsx:345:1
  343 |         </div>
  344 |     );
> 345 | }
      | ^
  346 |

Import traces:
  Client Component Browser:
    ./src/components/contact/ContactForm.tsx [Client Component Browser]
    ./src/components/contact/ContactSequence.tsx [Client Component Browser]
    ./src/components/contact/ContactSequence.tsx [Server Component]
    ./src/app/page.tsx [Server Component]

  Client Component SSR:
    ./src/components/contact/ContactForm.tsx [Client Component SSR]
    ./src/components/contact/ContactSequence.tsx [Client Component SSR]
    ./src/components/contact/ContactSequence.tsx [Server Component]
    ./src/app/page.tsx [Server Component] @ http://localhost:3000/_next/static/chunks/node_modules_next_dist_1e8vcs8._.js:1052
[ 1689002ms] [ERROR] ./src/components/contact/ContactForm.tsx:345:1
Error: Unexpected token. Did you mean `{'}'}` or `&rbrace;`?
  343 |         </div>
  344 |     );
> 345 | }
      | ^
  346 |

Parsing ecmascript source code failed

Generated code of loaders [next/dist/build/babel/loader] transform of file content of src/components/contact/ContactForm.tsx:
./src/components/contact/ContactForm.tsx:345:1
  343 |         </div>
  344 |     );
> 345 | }
      | ^
  346 |

Import traces:
  Client Component Browser:
    ./src/components/contact/ContactForm.tsx [Client Component Browser]
    ./src/components/contact/ContactSequence.tsx [Client Component Browser]
    ./src/components/contact/ContactSequence.tsx [Server Component]
    ./src/app/page.tsx [Server Component]

  Client Component SSR:
    ./src/components/contact/ContactForm.tsx [Client Component SSR]
    ./src/components/contact/ContactSequence.tsx [Client Component SSR]
    ./src/components/contact/ContactSequence.tsx [Server Component]
    ./src/app/page.tsx [Server Component] @ http://localhost:3000/_next/static/chunks/node_modules_next_dist_1e8vcs8._.js:1052
[ 1689084ms] [ERROR] ./src/components/contact/ContactForm.tsx:345:1
Error: Unexpected token. Did you mean `{'}'}` or `&rbrace;`?
  343 |         </div>
  344 |     );
> 345 | }
      | ^
  346 |

Parsing ecmascript source code failed

Generated code of loaders [next/dist/build/babel/loader] transform of file content of src/components/contact/ContactForm.tsx:
./src/components/contact/ContactForm.tsx:345:1
  343 |         </div>
  344 |     );
> 345 | }
      | ^
  346 |

Import traces:
  Client Component Browser:
    ./src/components/contact/ContactForm.tsx [Client Component Browser]
    ./src/components/contact/ContactSequence.tsx [Client Component Browser]
    ./src/components/contact/ContactSequence.tsx [Server Component]
    ./src/app/page.tsx [Server Component]

  Client Component SSR:
    ./src/components/contact/ContactForm.tsx [Client Component SSR]
    ./src/components/contact/ContactSequence.tsx [Client Component SSR]
    ./src/components/contact/ContactSequence.tsx [Server Component]
    ./src/app/page.tsx [Server Component] @ http://localhost:3000/_next/static/chunks/node_modules_next_dist_1e8vcs8._.js:1052
[ 1689156ms] [ERROR] ./src/components/contact/ContactForm.tsx:345:1
Error: Unexpected token. Did you mean `{'}'}` or `&rbrace;`?
  343 |         </div>
  344 |     );
> 345 | }
      | ^
  346 |

Parsing ecmascript source code failed

Generated code of loaders [next/dist/build/babel/loader] transform of file content of src/components/contact/ContactForm.tsx:
./src/components/contact/ContactForm.tsx:345:1
  343 |         </div>
  344 |     );
> 345 | }
      | ^
  346 |

Import traces:
  Client Component Browser:
    ./src/components/contact/ContactForm.tsx [Client Component Browser]
    ./src/components/contact/ContactSequence.tsx [Client Component Browser]
    ./src/components/contact/ContactSequence.tsx [Server Component]
    ./src/app/page.tsx [Server Component]

  Client Component SSR:
    ./src/components/contact/ContactForm.tsx [Client Component SSR]
    ./src/components/contact/ContactSequence.tsx [Client Component SSR]
    ./src/components/contact/ContactSequence.tsx [Server Component]
    ./src/app/page.tsx [Server Component] @ http://localhost:3000/_next/static/chunks/node_modules_next_dist_1e8vcs8._.js:1052
[ 1689235ms] [ERROR] ./src/components/contact/ContactForm.tsx:345:1
Error: Unexpected token. Did you mean `{'}'}` or `&rbrace;`?
  343 |         </div>
  344 |     );
> 345 | }
      | ^
  346 |

Parsing ecmascript source code failed

Generated code of loaders [next/dist/build/babel/loader] transform of file content of src/components/contact/ContactForm.tsx:
./src/components/contact/ContactForm.tsx:345:1
  343 |         </div>
  344 |     );
> 345 | }
      | ^
  346 |

Import traces:
  Client Component Browser:
    ./src/components/contact/ContactForm.tsx [Client Component Browser]
    ./src/components/contact/ContactSequence.tsx [Client Component Browser]
    ./src/components/contact/ContactSequence.tsx [Server Component]
    ./src/app/page.tsx [Server Component]

  Client Component SSR:
    ./src/components/contact/ContactForm.tsx [Client Component SSR]
    ./src/components/contact/ContactSequence.tsx [Client Component SSR]
    ./src/components/contact/ContactSequence.tsx [Server Component]
    ./src/app/page.tsx [Server Component] @ http://localhost:3000/_next/static/chunks/node_modules_next_dist_1e8vcs8._.js:1052
[ 1689319ms] [ERROR] ./src/components/contact/ContactForm.tsx:345:1
Error: Unexpected token. Did you mean `{'}'}` or `&rbrace;`?
  343 |         </div>
  344 |     );
> 345 | }
      | ^
  346 |

Parsing ecmascript source code failed

Generated code of loaders [next/dist/build/babel/loader] transform of file content of src/components/contact/ContactForm.tsx:
./src/components/contact/ContactForm.tsx:345:1
  343 |         </div>
  344 |     );
> 345 | }
      | ^
  346 |

Import traces:
  Client Component Browser:
    ./src/components/contact/ContactForm.tsx [Client Component Browser]
    ./src/components/contact/ContactSequence.tsx [Client Component Browser]
    ./src/components/contact/ContactSequence.tsx [Server Component]
    ./src/app/page.tsx [Server Component]

  Client Component SSR:
    ./src/components/contact/ContactForm.tsx [Client Component SSR]
    ./src/components/contact/ContactSequence.tsx [Client Component SSR]
    ./src/components/contact/ContactSequence.tsx [Server Component]
    ./src/app/page.tsx [Server Component] @ http://localhost:3000/_next/static/chunks/node_modules_next_dist_1e8vcs8._.js:1052
[ 1689404ms] [ERROR] ./src/components/contact/ContactForm.tsx:345:1
Error: Unexpected token. Did you mean `{'}'}` or `&rbrace;`?
  343 |         </div>
  344 |     );
> 345 | }
      | ^
  346 |

Parsing ecmascript source code failed

Generated code of loaders [next/dist/build/babel/loader] transform of file content of src/components/contact/ContactForm.tsx:
./src/components/contact/ContactForm.tsx:345:1
  343 |         </div>
  344 |     );
> 345 | }
      | ^
  346 |

Import traces:
  Client Component Browser:
    ./src/components/contact/ContactForm.tsx [Client Component Browser]
    ./src/components/contact/ContactSequence.tsx [Client Component Browser]
    ./src/components/contact/ContactSequence.tsx [Server Component]
    ./src/app/page.tsx [Server Component]

  Client Component SSR:
    ./src/components/contact/ContactForm.tsx [Client Component SSR]
    ./src/components/contact/ContactSequence.tsx [Client Component SSR]
    ./src/components/contact/ContactSequence.tsx [Server Component]
    ./src/app/page.tsx [Server Component] @ http://localhost:3000/_next/static/chunks/node_modules_next_dist_1e8vcs8._.js:1052
[ 1689485ms] [ERROR] ./src/components/contact/ContactForm.tsx:345:1
Error: Unexpected token. Did you mean `{'}'}` or `&rbrace;`?
  343 |         </div>
  344 |     );
> 345 | }
      | ^
  346 |

Parsing ecmascript source code failed

Generated code of loaders [next/dist/build/babel/loader] transform of file content of src/components/contact/ContactForm.tsx:
./src/components/contact/ContactForm.tsx:345:1
  343 |         </div>
  344 |     );
> 345 | }
      | ^
  346 |

Import traces:
  Client Component Browser:
    ./src/components/contact/ContactForm.tsx [Client Component Browser]
    ./src/components/contact/ContactSequence.tsx [Client Component Browser]
    ./src/components/contact/ContactSequence.tsx [Server Component]
    ./src/app/page.tsx [Server Component]

  Client Component SSR:
    ./src/components/contact/ContactForm.tsx [Client Component SSR]
    ./src/components/contact/ContactSequence.tsx [Client Component SSR]
    ./src/components/contact/ContactSequence.tsx [Server Component]
    ./src/app/page.tsx [Server Component] @ http://localhost:3000/_next/static/chunks/node_modules_next_dist_1e8vcs8._.js:1052
[ 1689566ms] [ERROR] ./src/components/contact/ContactForm.tsx:345:1
Error: Unexpected token. Did you mean `{'}'}` or `&rbrace;`?
  343 |         </div>
  344 |     );
> 345 | }
      | ^
  346 |

Parsing ecmascript source code failed

Generated code of loaders [next/dist/build/babel/loader] transform of file content of src/components/contact/ContactForm.tsx:
./src/components/contact/ContactForm.tsx:345:1
  343 |         </div>
  344 |     );
> 345 | }
      | ^
  346 |

Import traces:
  Client Component Browser:
    ./src/components/contact/ContactForm.tsx [Client Component Browser]
    ./src/components/contact/ContactSequence.tsx [Client Component Browser]
    ./src/components/contact/ContactSequence.tsx [Server Component]
    ./src/app/page.tsx [Server Component]

  Client Component SSR:
    ./src/components/contact/ContactForm.tsx [Client Component SSR]
    ./src/components/contact/ContactSequence.tsx [Client Component SSR]
    ./src/components/contact/ContactSequence.tsx [Server Component]
    ./src/app/page.tsx [Server Component] @ http://localhost:3000/_next/static/chunks/node_modules_next_dist_1e8vcs8._.js:1052
[ 1689638ms] [ERROR] ./src/components/contact/ContactForm.tsx:345:1
Error: Unexpected token. Did you mean `{'}'}` or `&rbrace;`?
  343 |         </div>
  344 |     );
> 345 | }
      | ^
  346 |

Parsing ecmascript source code failed

Generated code of loaders [next/dist/build/babel/loader] transform of file content of src/components/contact/ContactForm.tsx:
./src/components/contact/ContactForm.tsx:345:1
  343 |         </div>
  344 |     );
> 345 | }
      | ^
  346 |

Import traces:
  Client Component Browser:
    ./src/components/contact/ContactForm.tsx [Client Component Browser]
    ./src/components/contact/ContactSequence.tsx [Client Component Browser]
    ./src/components/contact/ContactSequence.tsx [Server Component]
    ./src/app/page.tsx [Server Component]

  Client Component SSR:
    ./src/components/contact/ContactForm.tsx [Client Component SSR]
    ./src/components/contact/ContactSequence.tsx [Client Component SSR]
    ./src/components/contact/ContactSequence.tsx [Server Component]
    ./src/app/page.tsx [Server Component] @ http://localhost:3000/_next/static/chunks/node_modules_next_dist_1e8vcs8._.js:1052
[ 1689719ms] [ERROR] ./src/components/contact/ContactForm.tsx:345:1
Error: Unexpected token. Did you mean `{'}'}` or `&rbrace;`?
  343 |         </div>
  344 |     );
> 345 | }
      | ^
  346 |

Parsing ecmascript source code failed

Generated code of loaders [next/dist/build/babel/loader] transform of file content of src/components/contact/ContactForm.tsx:
./src/components/contact/ContactForm.tsx:345:1
  343 |         </div>
  344 |     );
> 345 | }
      | ^
  346 |

Import traces:
  Client Component Browser:
    ./src/components/contact/ContactForm.tsx [Client Component Browser]
    ./src/components/contact/ContactSequence.tsx [Client Component Browser]
    ./src/components/contact/ContactSequence.tsx [Server Component]
    ./src/app/page.tsx [Server Component]

  Client Component SSR:
    ./src/components/contact/ContactForm.tsx [Client Component SSR]
    ./src/components/contact/ContactSequence.tsx [Client Component SSR]
    ./src/components/contact/ContactSequence.tsx [Server Component]
    ./src/app/page.tsx [Server Component] @ http://localhost:3000/_next/static/chunks/node_modules_next_dist_1e8vcs8._.js:1052
[ 1689799ms] [ERROR] ./src/components/contact/ContactForm.tsx:345:1
Error: Unexpected token. Did you mean `{'}'}` or `&rbrace;`?
  343 |         </div>
  344 |     );
> 345 | }
      | ^
  346 |

Parsing ecmascript source code failed

Generated code of loaders [next/dist/build/babel/loader] transform of file content of src/components/contact/ContactForm.tsx:
./src/components/contact/ContactForm.tsx:345:1
  343 |         </div>
  344 |     );
> 345 | }
      | ^
  346 |

Import traces:
  Client Component Browser:
    ./src/components/contact/ContactForm.tsx [Client Component Browser]
    ./src/components/contact/ContactSequence.tsx [Client Component Browser]
    ./src/components/contact/ContactSequence.tsx [Server Component]
    ./src/app/page.tsx [Server Component]

  Client Component SSR:
    ./src/components/contact/ContactForm.tsx [Client Component SSR]
    ./src/components/contact/ContactSequence.tsx [Client Component SSR]
    ./src/components/contact/ContactSequence.tsx [Server Component]
    ./src/app/page.tsx [Server Component] @ http://localhost:3000/_next/static/chunks/node_modules_next_dist_1e8vcs8._.js:1052
[ 1689872ms] [ERROR] ./src/components/contact/ContactForm.tsx:345:1
Error: Unexpected token. Did you mean `{'}'}` or `&rbrace;`?
  343 |         </div>
  344 |     );
> 345 | }
      | ^
  346 |

Parsing ecmascript source code failed

Generated code of loaders [next/dist/build/babel/loader] transform of file content of src/components/contact/ContactForm.tsx:
./src/components/contact/ContactForm.tsx:345:1
  343 |         </div>
  344 |     );
> 345 | }
      | ^
  346 |

Import traces:
  Client Component Browser:
    ./src/components/contact/ContactForm.tsx [Client Component Browser]
    ./src/components/contact/ContactSequence.tsx [Client Component Browser]
    ./src/components/contact/ContactSequence.tsx [Server Component]
    ./src/app/page.tsx [Server Component]

  Client Component SSR:
    ./src/components/contact/ContactForm.tsx [Client Component SSR]
    ./src/components/contact/ContactSequence.tsx [Client Component SSR]
    ./src/components/contact/ContactSequence.tsx [Server Component]
    ./src/app/page.tsx [Server Component] @ http://localhost:3000/_next/static/chunks/node_modules_next_dist_1e8vcs8._.js:1052
[ 1689953ms] [ERROR] ./src/components/contact/ContactForm.tsx:345:1
Error: Unexpected token. Did you mean `{'}'}` or `&rbrace;`?
  343 |         </div>
  344 |     );
> 345 | }
      | ^
  346 |

Parsing ecmascript source code failed

Generated code of loaders [next/dist/build/babel/loader] transform of file content of src/components/contact/ContactForm.tsx:
./src/components/contact/ContactForm.tsx:345:1
  343 |         </div>
  344 |     );
> 345 | }
      | ^
  346 |

Import traces:
  Client Component Browser:
    ./src/components/contact/ContactForm.tsx [Client Component Browser]
    ./src/components/contact/ContactSequence.tsx [Client Component Browser]
    ./src/components/contact/ContactSequence.tsx [Server Component]
    ./src/app/page.tsx [Server Component]

  Client Component SSR:
    ./src/components/contact/ContactForm.tsx [Client Component SSR]
    ./src/components/contact/ContactSequence.tsx [Client Component SSR]
    ./src/components/contact/ContactSequence.tsx [Server Component]
    ./src/app/page.tsx [Server Component] @ http://localhost:3000/_next/static/chunks/node_modules_next_dist_1e8vcs8._.js:1052
[ 1690033ms] [ERROR] ./src/components/contact/ContactForm.tsx:345:1
Error: Unexpected token. Did you mean `{'}'}` or `&rbrace;`?
  343 |         </div>
  344 |     );
> 345 | }
      | ^
  346 |

Parsing ecmascript source code failed

Generated code of loaders [next/dist/build/babel/loader] transform of file content of src/components/contact/ContactForm.tsx:
./src/components/contact/ContactForm.tsx:345:1
  343 |         </div>
  344 |     );
> 345 | }
      | ^
  346 |

Import traces:
  Client Component Browser:
    ./src/components/contact/ContactForm.tsx [Client Component Browser]
    ./src/components/contact/ContactSequence.tsx [Client Component Browser]
    ./src/components/contact/ContactSequence.tsx [Server Component]
    ./src/app/page.tsx [Server Component]

  Client Component SSR:
    ./src/components/contact/ContactForm.tsx [Client Component SSR]
    ./src/components/contact/ContactSequence.tsx [Client Component SSR]
    ./src/components/contact/ContactSequence.tsx [Server Component]
    ./src/app/page.tsx [Server Component] @ http://localhost:3000/_next/static/chunks/node_modules_next_dist_1e8vcs8._.js:1052
[ 1690122ms] [ERROR] ./src/components/contact/ContactForm.tsx:345:1
Error: Unexpected token. Did you mean `{'}'}` or `&rbrace;`?
  343 |         </div>
  344 |     );
> 345 | }
      | ^
  346 |

Parsing ecmascript source code failed

Generated code of loaders [next/dist/build/babel/loader] transform of file content of src/components/contact/ContactForm.tsx:
./src/components/contact/ContactForm.tsx:345:1
  343 |         </div>
  344 |     );
> 345 | }
      | ^
  346 |

Import traces:
  Client Component Browser:
    ./src/components/contact/ContactForm.tsx [Client Component Browser]
    ./src/components/contact/ContactSequence.tsx [Client Component Browser]
    ./src/components/contact/ContactSequence.tsx [Server Component]
    ./src/app/page.tsx [Server Component]

  Client Component SSR:
    ./src/components/contact/ContactForm.tsx [Client Component SSR]
    ./src/components/contact/ContactSequence.tsx [Client Component SSR]
    ./src/components/contact/ContactSequence.tsx [Server Component]
    ./src/app/page.tsx [Server Component] @ http://localhost:3000/_next/static/chunks/node_modules_next_dist_1e8vcs8._.js:1052
[ 1690203ms] [ERROR] ./src/components/contact/ContactForm.tsx:345:1
Error: Unexpected token. Did you mean `{'}'}` or `&rbrace;`?
  343 |         </div>
  344 |     );
> 345 | }
      | ^
  346 |

Parsing ecmascript source code failed

Generated code of loaders [next/dist/build/babel/loader] transform of file content of src/components/contact/ContactForm.tsx:
./src/components/contact/ContactForm.tsx:345:1
  343 |         </div>
  344 |     );
> 345 | }
      | ^
  346 |

Import traces:
  Client Component Browser:
    ./src/components/contact/ContactForm.tsx [Client Component Browser]
    ./src/components/contact/ContactSequence.tsx [Client Component Browser]
    ./src/components/contact/ContactSequence.tsx [Server Component]
    ./src/app/page.tsx [Server Component]

  Client Component SSR:
    ./src/components/contact/ContactForm.tsx [Client Component SSR]
    ./src/components/contact/ContactSequence.tsx [Client Component SSR]
    ./src/components/contact/ContactSequence.tsx [Server Component]
    ./src/app/page.tsx [Server Component] @ http://localhost:3000/_next/static/chunks/node_modules_next_dist_1e8vcs8._.js:1052
[ 1690299ms] [ERROR] ./src/components/contact/ContactForm.tsx:345:1
Error: Unexpected token. Did you mean `{'}'}` or `&rbrace;`?
  343 |         </div>
  344 |     );
> 345 | }
      | ^
  346 |

Parsing ecmascript source code failed

Generated code of loaders [next/dist/build/babel/loader] transform of file content of src/components/contact/ContactForm.tsx:
./src/components/contact/ContactForm.tsx:345:1
  343 |         </div>
  344 |     );
> 345 | }
      | ^
  346 |

Import traces:
  Client Component Browser:
    ./src/components/contact/ContactForm.tsx [Client Component Browser]
    ./src/components/contact/ContactSequence.tsx [Client Component Browser]
    ./src/components/contact/ContactSequence.tsx [Server Component]
    ./src/app/page.tsx [Server Component]

  Client Component SSR:
    ./src/components/contact/ContactForm.tsx [Client Component SSR]
    ./src/components/contact/ContactSequence.tsx [Client Component SSR]
    ./src/components/contact/ContactSequence.tsx [Server Component]
    ./src/app/page.tsx [Server Component] @ http://localhost:3000/_next/static/chunks/node_modules_next_dist_1e8vcs8._.js:1052
[ 1690371ms] [ERROR] ./src/components/contact/ContactForm.tsx:345:1
Error: Unexpected token. Did you mean `{'}'}` or `&rbrace;`?
  343 |         </div>
  344 |     );
> 345 | }
      | ^
  346 |

Parsing ecmascript source code failed

Generated code of loaders [next/dist/build/babel/loader] transform of file content of src/components/contact/ContactForm.tsx:
./src/components/contact/ContactForm.tsx:345:1
  343 |         </div>
  344 |     );
> 345 | }
      | ^
  346 |

Import traces:
  Client Component Browser:
    ./src/components/contact/ContactForm.tsx [Client Component Browser]
    ./src/components/contact/ContactSequence.tsx [Client Component Browser]
    ./src/components/contact/ContactSequence.tsx [Server Component]
    ./src/app/page.tsx [Server Component]

  Client Component SSR:
    ./src/components/contact/ContactForm.tsx [Client Component SSR]
    ./src/components/contact/ContactSequence.tsx [Client Component SSR]
    ./src/components/contact/ContactSequence.tsx [Server Component]
    ./src/app/page.tsx [Server Component] @ http://localhost:3000/_next/static/chunks/node_modules_next_dist_1e8vcs8._.js:1052
[ 1690451ms] [ERROR] ./src/components/contact/ContactForm.tsx:345:1
Error: Unexpected token. Did you mean `{'}'}` or `&rbrace;`?
  343 |         </div>
  344 |     );
> 345 | }
      | ^
  346 |

Parsing ecmascript source code failed

Generated code of loaders [next/dist/build/babel/loader] transform of file content of src/components/contact/ContactForm.tsx:
./src/components/contact/ContactForm.tsx:345:1
  343 |         </div>
  344 |     );
> 345 | }
      | ^
  346 |

Import traces:
  Client Component Browser:
    ./src/components/contact/ContactForm.tsx [Client Component Browser]
    ./src/components/contact/ContactSequence.tsx [Client Component Browser]
    ./src/components/contact/ContactSequence.tsx [Server Component]
    ./src/app/page.tsx [Server Component]

  Client Component SSR:
    ./src/components/contact/ContactForm.tsx [Client Component SSR]
    ./src/components/contact/ContactSequence.tsx [Client Component SSR]
    ./src/components/contact/ContactSequence.tsx [Server Component]
    ./src/app/page.tsx [Server Component] @ http://localhost:3000/_next/static/chunks/node_modules_next_dist_1e8vcs8._.js:1052
[ 1690530ms] [ERROR] ./src/components/contact/ContactForm.tsx:345:1
Error: Unexpected token. Did you mean `{'}'}` or `&rbrace;`?
  343 |         </div>
  344 |     );
> 345 | }
      | ^
  346 |

Parsing ecmascript source code failed

Generated code of loaders [next/dist/build/babel/loader] transform of file content of src/components/contact/ContactForm.tsx:
./src/components/contact/ContactForm.tsx:345:1
  343 |         </div>
  344 |     );
> 345 | }
      | ^
  346 |

Import traces:
  Client Component Browser:
    ./src/components/contact/ContactForm.tsx [Client Component Browser]
    ./src/components/contact/ContactSequence.tsx [Client Component Browser]
    ./src/components/contact/ContactSequence.tsx [Server Component]
    ./src/app/page.tsx [Server Component]

  Client Component SSR:
    ./src/components/contact/ContactForm.tsx [Client Component SSR]
    ./src/components/contact/ContactSequence.tsx [Client Component SSR]
    ./src/components/contact/ContactSequence.tsx [Server Component]
    ./src/app/page.tsx [Server Component] @ http://localhost:3000/_next/static/chunks/node_modules_next_dist_1e8vcs8._.js:1052
[ 1690621ms] [ERROR] ./src/components/contact/ContactForm.tsx:345:1
Error: Unexpected token. Did you mean `{'}'}` or `&rbrace;`?
  343 |         </div>
  344 |     );
> 345 | }
      | ^
  346 |

Parsing ecmascript source code failed

Generated code of loaders [next/dist/build/babel/loader] transform of file content of src/components/contact/ContactForm.tsx:
./src/components/contact/ContactForm.tsx:345:1
  343 |         </div>
  344 |     );
> 345 | }
      | ^
  346 |

Import traces:
  Client Component Browser:
    ./src/components/contact/ContactForm.tsx [Client Component Browser]
    ./src/components/contact/ContactSequence.tsx [Client Component Browser]
    ./src/components/contact/ContactSequence.tsx [Server Component]
    ./src/app/page.tsx [Server Component]

  Client Component SSR:
    ./src/components/contact/ContactForm.tsx [Client Component SSR]
    ./src/components/contact/ContactSequence.tsx [Client Component SSR]
    ./src/components/contact/ContactSequence.tsx [Server Component]
    ./src/app/page.tsx [Server Component] @ http://localhost:3000/_next/static/chunks/node_modules_next_dist_1e8vcs8._.js:1052
[ 1690717ms] [ERROR] ./src/components/contact/ContactForm.tsx:345:1
Error: Unexpected token. Did you mean `{'}'}` or `&rbrace;`?
  343 |         </div>
  344 |     );
> 345 | }
      | ^
  346 |

Parsing ecmascript source code failed

Generated code of loaders [next/dist/build/babel/loader] transform of file content of src/components/contact/ContactForm.tsx:
./src/components/contact/ContactForm.tsx:345:1
  343 |         </div>
  344 |     );
> 345 | }
      | ^
  346 |

Import traces:
  Client Component Browser:
    ./src/components/contact/ContactForm.tsx [Client Component Browser]
    ./src/components/contact/ContactSequence.tsx [Client Component Browser]
    ./src/components/contact/ContactSequence.tsx [Server Component]
    ./src/app/page.tsx [Server Component]

  Client Component SSR:
    ./src/components/contact/ContactForm.tsx [Client Component SSR]
    ./src/components/contact/ContactSequence.tsx [Client Component SSR]
    ./src/components/contact/ContactSequence.tsx [Server Component]
    ./src/app/page.tsx [Server Component] @ http://localhost:3000/_next/static/chunks/node_modules_next_dist_1e8vcs8._.js:1052
[ 1690793ms] [ERROR] ./src/components/contact/ContactForm.tsx:345:1
Error: Unexpected token. Did you mean `{'}'}` or `&rbrace;`?
  343 |         </div>
  344 |     );
> 345 | }
      | ^
  346 |

Parsing ecmascript source code failed

Generated code of loaders [next/dist/build/babel/loader] transform of file content of src/components/contact/ContactForm.tsx:
./src/components/contact/ContactForm.tsx:345:1
  343 |         </div>
  344 |     );
> 345 | }
      | ^
  346 |

Import traces:
  Client Component Browser:
    ./src/components/contact/ContactForm.tsx [Client Component Browser]
    ./src/components/contact/ContactSequence.tsx [Client Component Browser]
    ./src/components/contact/ContactSequence.tsx [Server Component]
    ./src/app/page.tsx [Server Component]

  Client Component SSR:
    ./src/components/contact/ContactForm.tsx [Client Component SSR]
    ./src/components/contact/ContactSequence.tsx [Client Component SSR]
    ./src/components/contact/ContactSequence.tsx [Server Component]
    ./src/app/page.tsx [Server Component] @ http://localhost:3000/_next/static/chunks/node_modules_next_dist_1e8vcs8._.js:1052
[ 1690871ms] [ERROR] ./src/components/contact/ContactForm.tsx:345:1
Error: Unexpected token. Did you mean `{'}'}` or `&rbrace;`?
  343 |         </div>
  344 |     );
> 345 | }
      | ^
  346 |

Parsing ecmascript source code failed

Generated code of loaders [next/dist/build/babel/loader] transform of file content of src/components/contact/ContactForm.tsx:
./src/components/contact/ContactForm.tsx:345:1
  343 |         </div>
  344 |     );
> 345 | }
      | ^
  346 |

Import traces:
  Client Component Browser:
    ./src/components/contact/ContactForm.tsx [Client Component Browser]
    ./src/components/contact/ContactSequence.tsx [Client Component Browser]
    ./src/components/contact/ContactSequence.tsx [Server Component]
    ./src/app/page.tsx [Server Component]

  Client Component SSR:
    ./src/components/contact/ContactForm.tsx [Client Component SSR]
    ./src/components/contact/ContactSequence.tsx [Client Component SSR]
    ./src/components/contact/ContactSequence.tsx [Server Component]
    ./src/app/page.tsx [Server Component] @ http://localhost:3000/_next/static/chunks/node_modules_next_dist_1e8vcs8._.js:1052
[ 1690951ms] [ERROR] ./src/components/contact/ContactForm.tsx:345:1
Error: Unexpected token. Did you mean `{'}'}` or `&rbrace;`?
  343 |         </div>
  344 |     );
> 345 | }
      | ^
  346 |

Parsing ecmascript source code failed

Generated code of loaders [next/dist/build/babel/loader] transform of file content of src/components/contact/ContactForm.tsx:
./src/components/contact/ContactForm.tsx:345:1
  343 |         </div>
  344 |     );
> 345 | }
      | ^
  346 |

Import traces:
  Client Component Browser:
    ./src/components/contact/ContactForm.tsx [Client Component Browser]
    ./src/components/contact/ContactSequence.tsx [Client Component Browser]
    ./src/components/contact/ContactSequence.tsx [Server Component]
    ./src/app/page.tsx [Server Component]

  Client Component SSR:
    ./src/components/contact/ContactForm.tsx [Client Component SSR]
    ./src/components/contact/ContactSequence.tsx [Client Component SSR]
    ./src/components/contact/ContactSequence.tsx [Server Component]
    ./src/app/page.tsx [Server Component] @ http://localhost:3000/_next/static/chunks/node_modules_next_dist_1e8vcs8._.js:1052
[ 1691036ms] [ERROR] ./src/components/contact/ContactForm.tsx:345:1
Error: Unexpected token. Did you mean `{'}'}` or `&rbrace;`?
  343 |         </div>
  344 |     );
> 345 | }
      | ^
  346 |

Parsing ecmascript source code failed

Generated code of loaders [next/dist/build/babel/loader] transform of file content of src/components/contact/ContactForm.tsx:
./src/components/contact/ContactForm.tsx:345:1
  343 |         </div>
  344 |     );
> 345 | }
      | ^
  346 |

Import traces:
  Client Component Browser:
    ./src/components/contact/ContactForm.tsx [Client Component Browser]
    ./src/components/contact/ContactSequence.tsx [Client Component Browser]
    ./src/components/contact/ContactSequence.tsx [Server Component]
    ./src/app/page.tsx [Server Component]

  Client Component SSR:
    ./src/components/contact/ContactForm.tsx [Client Component SSR]
    ./src/components/contact/ContactSequence.tsx [Client Component SSR]
    ./src/components/contact/ContactSequence.tsx [Server Component]
    ./src/app/page.tsx [Server Component] @ http://localhost:3000/_next/static/chunks/node_modules_next_dist_1e8vcs8._.js:1052
[ 1691107ms] [ERROR] ./src/components/contact/ContactForm.tsx:345:1
Error: Unexpected token. Did you mean `{'}'}` or `&rbrace;`?
  343 |         </div>
  344 |     );
> 345 | }
      | ^
  346 |

Parsing ecmascript source code failed

Generated code of loaders [next/dist/build/babel/loader] transform of file content of src/components/contact/ContactForm.tsx:
./src/components/contact/ContactForm.tsx:345:1
  343 |         </div>
  344 |     );
> 345 | }
      | ^
  346 |

Import traces:
  Client Component Browser:
    ./src/components/contact/ContactForm.tsx [Client Component Browser]
    ./src/components/contact/ContactSequence.tsx [Client Component Browser]
    ./src/components/contact/ContactSequence.tsx [Server Component]
    ./src/app/page.tsx [Server Component]

  Client Component SSR:
    ./src/components/contact/ContactForm.tsx [Client Component SSR]
    ./src/components/contact/ContactSequence.tsx [Client Component SSR]
    ./src/components/contact/ContactSequence.tsx [Server Component]
    ./src/app/page.tsx [Server Component] @ http://localhost:3000/_next/static/chunks/node_modules_next_dist_1e8vcs8._.js:1052
[ 1691186ms] [ERROR] ./src/components/contact/ContactForm.tsx:345:1
Error: Unexpected token. Did you mean `{'}'}` or `&rbrace;`?
  343 |         </div>
  344 |     );
> 345 | }
      | ^
  346 |

Parsing ecmascript source code failed

Generated code of loaders [next/dist/build/babel/loader] transform of file content of src/components/contact/ContactForm.tsx:
./src/components/contact/ContactForm.tsx:345:1
  343 |         </div>
  344 |     );
> 345 | }
      | ^
  346 |

Import traces:
  Client Component Browser:
    ./src/components/contact/ContactForm.tsx [Client Component Browser]
    ./src/components/contact/ContactSequence.tsx [Client Component Browser]
    ./src/components/contact/ContactSequence.tsx [Server Component]
    ./src/app/page.tsx [Server Component]

  Client Component SSR:
    ./src/components/contact/ContactForm.tsx [Client Component SSR]
    ./src/components/contact/ContactSequence.tsx [Client Component SSR]
    ./src/components/contact/ContactSequence.tsx [Server Component]
    ./src/app/page.tsx [Server Component] @ http://localhost:3000/_next/static/chunks/node_modules_next_dist_1e8vcs8._.js:1052
[ 1691270ms] [ERROR] ./src/components/contact/ContactForm.tsx:345:1
Error: Unexpected token. Did you mean `{'}'}` or `&rbrace;`?
  343 |         </div>
  344 |     );
> 345 | }
      | ^
  346 |

Parsing ecmascript source code failed

Generated code of loaders [next/dist/build/babel/loader] transform of file content of src/components/contact/ContactForm.tsx:
./src/components/contact/ContactForm.tsx:345:1
  343 |         </div>
  344 |     );
> 345 | }
      | ^
  346 |

Import traces:
  Client Component Browser:
    ./src/components/contact/ContactForm.tsx [Client Component Browser]
    ./src/components/contact/ContactSequence.tsx [Client Component Browser]
    ./src/components/contact/ContactSequence.tsx [Server Component]
    ./src/app/page.tsx [Server Component]

  Client Component SSR:
    ./src/components/contact/ContactForm.tsx [Client Component SSR]
    ./src/components/contact/ContactSequence.tsx [Client Component SSR]
    ./src/components/contact/ContactSequence.tsx [Server Component]
    ./src/app/page.tsx [Server Component] @ http://localhost:3000/_next/static/chunks/node_modules_next_dist_1e8vcs8._.js:1052
[ 1691347ms] [ERROR] ./src/components/contact/ContactForm.tsx:345:1
Error: Unexpected token. Did you mean `{'}'}` or `&rbrace;`?
  343 |         </div>
  344 |     );
> 345 | }
      | ^
  346 |

Parsing ecmascript source code failed

Generated code of loaders [next/dist/build/babel/loader] transform of file content of src/components/contact/ContactForm.tsx:
./src/components/contact/ContactForm.tsx:345:1
  343 |         </div>
  344 |     );
> 345 | }
      | ^
  346 |

Import traces:
  Client Component Browser:
    ./src/components/contact/ContactForm.tsx [Client Component Browser]
    ./src/components/contact/ContactSequence.tsx [Client Component Browser]
    ./src/components/contact/ContactSequence.tsx [Server Component]
    ./src/app/page.tsx [Server Component]

  Client Component SSR:
    ./src/components/contact/ContactForm.tsx [Client Component SSR]
    ./src/components/contact/ContactSequence.tsx [Client Component SSR]
    ./src/components/contact/ContactSequence.tsx [Server Component]
    ./src/app/page.tsx [Server Component] @ http://localhost:3000/_next/static/chunks/node_modules_next_dist_1e8vcs8._.js:1052
[ 1691420ms] [ERROR] ./src/components/contact/ContactForm.tsx:345:1
Error: Unexpected token. Did you mean `{'}'}` or `&rbrace;`?
  343 |         </div>
  344 |     );
> 345 | }
      | ^
  346 |

Parsing ecmascript source code failed

Generated code of loaders [next/dist/build/babel/loader] transform of file content of src/components/contact/ContactForm.tsx:
./src/components/contact/ContactForm.tsx:345:1
  343 |         </div>
  344 |     );
> 345 | }
      | ^
  346 |

Import traces:
  Client Component Browser:
    ./src/components/contact/ContactForm.tsx [Client Component Browser]
    ./src/components/contact/ContactSequence.tsx [Client Component Browser]
    ./src/components/contact/ContactSequence.tsx [Server Component]
    ./src/app/page.tsx [Server Component]

  Client Component SSR:
    ./src/components/contact/ContactForm.tsx [Client Component SSR]
    ./src/components/contact/ContactSequence.tsx [Client Component SSR]
    ./src/components/contact/ContactSequence.tsx [Server Component]
    ./src/app/page.tsx [Server Component] @ http://localhost:3000/_next/static/chunks/node_modules_next_dist_1e8vcs8._.js:1052
[ 1691502ms] [ERROR] ./src/components/contact/ContactForm.tsx:345:1
Error: Unexpected token. Did you mean `{'}'}` or `&rbrace;`?
  343 |         </div>
  344 |     );
> 345 | }
      | ^
  346 |

Parsing ecmascript source code failed

Generated code of loaders [next/dist/build/babel/loader] transform of file content of src/components/contact/ContactForm.tsx:
./src/components/contact/ContactForm.tsx:345:1
  343 |         </div>
  344 |     );
> 345 | }
      | ^
  346 |

Import traces:
  Client Component Browser:
    ./src/components/contact/ContactForm.tsx [Client Component Browser]
    ./src/components/contact/ContactSequence.tsx [Client Component Browser]
    ./src/components/contact/ContactSequence.tsx [Server Component]
    ./src/app/page.tsx [Server Component]

  Client Component SSR:
    ./src/components/contact/ContactForm.tsx [Client Component SSR]
    ./src/components/contact/ContactSequence.tsx [Client Component SSR]
    ./src/components/contact/ContactSequence.tsx [Server Component]
    ./src/app/page.tsx [Server Component] @ http://localhost:3000/_next/static/chunks/node_modules_next_dist_1e8vcs8._.js:1052
[ 1691577ms] [ERROR] ./src/components/contact/ContactForm.tsx:345:1
Error: Unexpected token. Did you mean `{'}'}` or `&rbrace;`?
  343 |         </div>
  344 |     );
> 345 | }
      | ^
  346 |

Parsing ecmascript source code failed

Generated code of loaders [next/dist/build/babel/loader] transform of file content of src/components/contact/ContactForm.tsx:
./src/components/contact/ContactForm.tsx:345:1
  343 |         </div>
  344 |     );
> 345 | }
      | ^
  346 |

Import traces:
  Client Component Browser:
    ./src/components/contact/ContactForm.tsx [Client Component Browser]
    ./src/components/contact/ContactSequence.tsx [Client Component Browser]
    ./src/components/contact/ContactSequence.tsx [Server Component]
    ./src/app/page.tsx [Server Component]

  Client Component SSR:
    ./src/components/contact/ContactForm.tsx [Client Component SSR]
    ./src/components/contact/ContactSequence.tsx [Client Component SSR]
    ./src/components/contact/ContactSequence.tsx [Server Component]
    ./src/app/page.tsx [Server Component] @ http://localhost:3000/_next/static/chunks/node_modules_next_dist_1e8vcs8._.js:1052
[ 1691653ms] [ERROR] ./src/components/contact/ContactForm.tsx:345:1
Error: Unexpected token. Did you mean `{'}'}` or `&rbrace;`?
  343 |         </div>
  344 |     );
> 345 | }
      | ^
  346 |

Parsing ecmascript source code failed

Generated code of loaders [next/dist/build/babel/loader] transform of file content of src/components/contact/ContactForm.tsx:
./src/components/contact/ContactForm.tsx:345:1
  343 |         </div>
  344 |     );
> 345 | }
      | ^
  346 |

Import traces:
  Client Component Browser:
    ./src/components/contact/ContactForm.tsx [Client Component Browser]
    ./src/components/contact/ContactSequence.tsx [Client Component Browser]
    ./src/components/contact/ContactSequence.tsx [Server Component]
    ./src/app/page.tsx [Server Component]

  Client Component SSR:
    ./src/components/contact/ContactForm.tsx [Client Component SSR]
    ./src/components/contact/ContactSequence.tsx [Client Component SSR]
    ./src/components/contact/ContactSequence.tsx [Server Component]
    ./src/app/page.tsx [Server Component] @ http://localhost:3000/_next/static/chunks/node_modules_next_dist_1e8vcs8._.js:1052
[ 1691733ms] [ERROR] ./src/components/contact/ContactForm.tsx:345:1
Error: Unexpected token. Did you mean `{'}'}` or `&rbrace;`?
  343 |         </div>
  344 |     );
> 345 | }
      | ^
  346 |

Parsing ecmascript source code failed

Generated code of loaders [next/dist/build/babel/loader] transform of file content of src/components/contact/ContactForm.tsx:
./src/components/contact/ContactForm.tsx:345:1
  343 |         </div>
  344 |     );
> 345 | }
      | ^
  346 |

Import traces:
  Client Component Browser:
    ./src/components/contact/ContactForm.tsx [Client Component Browser]
    ./src/components/contact/ContactSequence.tsx [Client Component Browser]
    ./src/components/contact/ContactSequence.tsx [Server Component]
    ./src/app/page.tsx [Server Component]

  Client Component SSR:
    ./src/components/contact/ContactForm.tsx [Client Component SSR]
    ./src/components/contact/ContactSequence.tsx [Client Component SSR]
    ./src/components/contact/ContactSequence.tsx [Server Component]
    ./src/app/page.tsx [Server Component] @ http://localhost:3000/_next/static/chunks/node_modules_next_dist_1e8vcs8._.js:1052
[ 1691808ms] [ERROR] ./src/components/contact/ContactForm.tsx:345:1
Error: Unexpected token. Did you mean `{'}'}` or `&rbrace;`?
  343 |         </div>
  344 |     );
> 345 | }
      | ^
  346 |

Parsing ecmascript source code failed

Generated code of loaders [next/dist/build/babel/loader] transform of file content of src/components/contact/ContactForm.tsx:
./src/components/contact/ContactForm.tsx:345:1
  343 |         </div>
  344 |     );
> 345 | }
      | ^
  346 |

Import traces:
  Client Component Browser:
    ./src/components/contact/ContactForm.tsx [Client Component Browser]
    ./src/components/contact/ContactSequence.tsx [Client Component Browser]
    ./src/components/contact/ContactSequence.tsx [Server Component]
    ./src/app/page.tsx [Server Component]

  Client Component SSR:
    ./src/components/contact/ContactForm.tsx [Client Component SSR]
    ./src/components/contact/ContactSequence.tsx [Client Component SSR]
    ./src/components/contact/ContactSequence.tsx [Server Component]
    ./src/app/page.tsx [Server Component] @ http://localhost:3000/_next/static/chunks/node_modules_next_dist_1e8vcs8._.js:1052
[ 1691887ms] [ERROR] ./src/components/contact/ContactForm.tsx:345:1
Error: Unexpected token. Did you mean `{'}'}` or `&rbrace;`?
  343 |         </div>
  344 |     );
> 345 | }
      | ^
  346 |

Parsing ecmascript source code failed

Generated code of loaders [next/dist/build/babel/loader] transform of file content of src/components/contact/ContactForm.tsx:
./src/components/contact/ContactForm.tsx:345:1
  343 |         </div>
  344 |     );
> 345 | }
      | ^
  346 |

Import traces:
  Client Component Browser:
    ./src/components/contact/ContactForm.tsx [Client Component Browser]
    ./src/components/contact/ContactSequence.tsx [Client Component Browser]
    ./src/components/contact/ContactSequence.tsx [Server Component]
    ./src/app/page.tsx [Server Component]

  Client Component SSR:
    ./src/components/contact/ContactForm.tsx [Client Component SSR]
    ./src/components/contact/ContactSequence.tsx [Client Component SSR]
    ./src/components/contact/ContactSequence.tsx [Server Component]
    ./src/app/page.tsx [Server Component] @ http://localhost:3000/_next/static/chunks/node_modules_next_dist_1e8vcs8._.js:1052
[ 1691968ms] [ERROR] ./src/components/contact/ContactForm.tsx:345:1
Error: Unexpected token. Did you mean `{'}'}` or `&rbrace;`?
  343 |         </div>
  344 |     );
> 345 | }
      | ^
  346 |

Parsing ecmascript source code failed

Generated code of loaders [next/dist/build/babel/loader] transform of file content of src/components/contact/ContactForm.tsx:
./src/components/contact/ContactForm.tsx:345:1
  343 |         </div>
  344 |     );
> 345 | }
      | ^
  346 |

Import traces:
  Client Component Browser:
    ./src/components/contact/ContactForm.tsx [Client Component Browser]
    ./src/components/contact/ContactSequence.tsx [Client Component Browser]
    ./src/components/contact/ContactSequence.tsx [Server Component]
    ./src/app/page.tsx [Server Component]

  Client Component SSR:
    ./src/components/contact/ContactForm.tsx [Client Component SSR]
    ./src/components/contact/ContactSequence.tsx [Client Component SSR]
    ./src/components/contact/ContactSequence.tsx [Server Component]
    ./src/app/page.tsx [Server Component] @ http://localhost:3000/_next/static/chunks/node_modules_next_dist_1e8vcs8._.js:1052
[ 1692211ms] [LOG] [Fast Refresh] rebuilding @ http://localhost:3000/_next/static/chunks/node_modules_next_dist_1e8vcs8._.js:776
[ 1692252ms] [ERROR] ./src/components/contact/ContactForm.tsx:345:1
Error: Unexpected token. Did you mean `{'}'}` or `&rbrace;`?
  343 |         </div>
  344 |     );
> 345 | }
      | ^
  346 |

Parsing ecmascript source code failed

Generated code of loaders [next/dist/build/babel/loader] transform of file content of src/components/contact/ContactForm.tsx:
./src/components/contact/ContactForm.tsx:345:1
  343 |         </div>
  344 |     );
> 345 | }
      | ^
  346 |

Import traces:
  Client Component Browser:
    ./src/components/contact/ContactForm.tsx [Client Component Browser]
    ./src/components/contact/ContactSequence.tsx [Client Component Browser]
    ./src/components/contact/ContactSequence.tsx [Server Component]
    ./src/app/page.tsx [Server Component]

  Client Component SSR:
    ./src/components/contact/ContactForm.tsx [Client Component SSR]
    ./src/components/contact/ContactSequence.tsx [Client Component SSR]
    ./src/components/contact/ContactSequence.tsx [Server Component]
    ./src/app/page.tsx [Server Component] @ http://localhost:3000/_next/static/chunks/node_modules_next_dist_1e8vcs8._.js:1052
[ 1692422ms] [ERROR] ./src/components/contact/ContactForm.tsx:345:1
Error: Unexpected token. Did you mean `{'}'}` or `&rbrace;`?
  343 |         </div>
  344 |     );
> 345 | }
      | ^
  346 |

Parsing ecmascript source code failed

Generated code of loaders [next/dist/build/babel/loader] transform of file content of src/components/contact/ContactForm.tsx:
./src/components/contact/ContactForm.tsx:345:1
  343 |         </div>
  344 |     );
> 345 | }
      | ^
  346 |

Import traces:
  Client Component Browser:
    ./src/components/contact/ContactForm.tsx [Client Component Browser]
    ./src/components/contact/ContactSequence.tsx [Client Component Browser]
    ./src/components/contact/ContactSequence.tsx [Server Component]
    ./src/app/page.tsx [Server Component]

  Client Component SSR:
    ./src/components/contact/ContactForm.tsx [Client Component SSR]
    ./src/components/contact/ContactSequence.tsx [Client Component SSR]
    ./src/components/contact/ContactSequence.tsx [Server Component]
    ./src/app/page.tsx [Server Component] @ http://localhost:3000/_next/static/chunks/node_modules_next_dist_1e8vcs8._.js:1052
[ 1692524ms] [ERROR] ./src/components/contact/ContactForm.tsx:345:1
Error: Unexpected token. Did you mean `{'}'}` or `&rbrace;`?
  343 |         </div>
  344 |     );
> 345 | }
      | ^
  346 |

Parsing ecmascript source code failed

Generated code of loaders [next/dist/build/babel/loader] transform of file content of src/components/contact/ContactForm.tsx:
./src/components/contact/ContactForm.tsx:345:1
  343 |         </div>
  344 |     );
> 345 | }
      | ^
  346 |

Import traces:
  Client Component Browser:
    ./src/components/contact/ContactForm.tsx [Client Component Browser]
    ./src/components/contact/ContactSequence.tsx [Client Component Browser]
    ./src/components/contact/ContactSequence.tsx [Server Component]
    ./src/app/page.tsx [Server Component]

  Client Component SSR:
    ./src/components/contact/ContactForm.tsx [Client Component SSR]
    ./src/components/contact/ContactSequence.tsx [Client Component SSR]
    ./src/components/contact/ContactSequence.tsx [Server Component]
    ./src/app/page.tsx [Server Component] @ http://localhost:3000/_next/static/chunks/node_modules_next_dist_1e8vcs8._.js:1052
[ 1692653ms] [ERROR] ./src/components/contact/ContactForm.tsx:345:1
Error: Unexpected token. Did you mean `{'}'}` or `&rbrace;`?
  343 |         </div>
  344 |     );
> 345 | }
      | ^
  346 |

Parsing ecmascript source code failed

Generated code of loaders [next/dist/build/babel/loader] transform of file content of src/components/contact/ContactForm.tsx:
./src/components/contact/ContactForm.tsx:345:1
  343 |         </div>
  344 |     );
> 345 | }
      | ^
  346 |

Import traces:
  Client Component Browser:
    ./src/components/contact/ContactForm.tsx [Client Component Browser]
    ./src/components/contact/ContactSequence.tsx [Client Component Browser]
    ./src/components/contact/ContactSequence.tsx [Server Component]
    ./src/app/page.tsx [Server Component]

  Client Component SSR:
    ./src/components/contact/ContactForm.tsx [Client Component SSR]
    ./src/components/contact/ContactSequence.tsx [Client Component SSR]
    ./src/components/contact/ContactSequence.tsx [Server Component]
    ./src/app/page.tsx [Server Component] @ http://localhost:3000/_next/static/chunks/node_modules_next_dist_1e8vcs8._.js:1052
[ 1692733ms] [ERROR] ./src/components/contact/ContactForm.tsx:345:1
Error: Unexpected token. Did you mean `{'}'}` or `&rbrace;`?
  343 |         </div>
  344 |     );
> 345 | }
      | ^
  346 |

Parsing ecmascript source code failed

Generated code of loaders [next/dist/build/babel/loader] transform of file content of src/components/contact/ContactForm.tsx:
./src/components/contact/ContactForm.tsx:345:1
  343 |         </div>
  344 |     );
> 345 | }
      | ^
  346 |

Import traces:
  Client Component Browser:
    ./src/components/contact/ContactForm.tsx [Client Component Browser]
    ./src/components/contact/ContactSequence.tsx [Client Component Browser]
    ./src/components/contact/ContactSequence.tsx [Server Component]
    ./src/app/page.tsx [Server Component]

  Client Component SSR:
    ./src/components/contact/ContactForm.tsx [Client Component SSR]
    ./src/components/contact/ContactSequence.tsx [Client Component SSR]
    ./src/components/contact/ContactSequence.tsx [Server Component]
    ./src/app/page.tsx [Server Component] @ http://localhost:3000/_next/static/chunks/node_modules_next_dist_1e8vcs8._.js:1052
[ 1692823ms] [ERROR] ./src/components/contact/ContactForm.tsx:345:1
Error: Unexpected token. Did you mean `{'}'}` or `&rbrace;`?
  343 |         </div>
  344 |     );
> 345 | }
      | ^
  346 |

Parsing ecmascript source code failed

Generated code of loaders [next/dist/build/babel/loader] transform of file content of src/components/contact/ContactForm.tsx:
./src/components/contact/ContactForm.tsx:345:1
  343 |         </div>
  344 |     );
> 345 | }
      | ^
  346 |

Import traces:
  Client Component Browser:
    ./src/components/contact/ContactForm.tsx [Client Component Browser]
    ./src/components/contact/ContactSequence.tsx [Client Component Browser]
    ./src/components/contact/ContactSequence.tsx [Server Component]
    ./src/app/page.tsx [Server Component]

  Client Component SSR:
    ./src/components/contact/ContactForm.tsx [Client Component SSR]
    ./src/components/contact/ContactSequence.tsx [Client Component SSR]
    ./src/components/contact/ContactSequence.tsx [Server Component]
    ./src/app/page.tsx [Server Component] @ http://localhost:3000/_next/static/chunks/node_modules_next_dist_1e8vcs8._.js:1052
[ 1692978ms] [ERROR] ./src/components/contact/ContactForm.tsx:345:1
Error: Unexpected token. Did you mean `{'}'}` or `&rbrace;`?
  343 |         </div>
  344 |     );
> 345 | }
      | ^
  346 |

Parsing ecmascript source code failed

Generated code of loaders [next/dist/build/babel/loader] transform of file content of src/components/contact/ContactForm.tsx:
./src/components/contact/ContactForm.tsx:345:1
  343 |         </div>
  344 |     );
> 345 | }
      | ^
  346 |

Import traces:
  Client Component Browser:
    ./src/components/contact/ContactForm.tsx [Client Component Browser]
    ./src/components/contact/ContactSequence.tsx [Client Component Browser]
    ./src/components/contact/ContactSequence.tsx [Server Component]
    ./src/app/page.tsx [Server Component]

  Client Component SSR:
    ./src/components/contact/ContactForm.tsx [Client Component SSR]
    ./src/components/contact/ContactSequence.tsx [Client Component SSR]
    ./src/components/contact/ContactSequence.tsx [Server Component]
    ./src/app/page.tsx [Server Component] @ http://localhost:3000/_next/static/chunks/node_modules_next_dist_1e8vcs8._.js:1052
[ 1693087ms] [ERROR] ./src/components/contact/ContactForm.tsx:345:1
Error: Unexpected token. Did you mean `{'}'}` or `&rbrace;`?
  343 |         </div>
  344 |     );
> 345 | }
      | ^
  346 |

Parsing ecmascript source code failed

Generated code of loaders [next/dist/build/babel/loader] transform of file content of src/components/contact/ContactForm.tsx:
./src/components/contact/ContactForm.tsx:345:1
  343 |         </div>
  344 |     );
> 345 | }
      | ^
  346 |

Import traces:
  Client Component Browser:
    ./src/components/contact/ContactForm.tsx [Client Component Browser]
    ./src/components/contact/ContactSequence.tsx [Client Component Browser]
    ./src/components/contact/ContactSequence.tsx [Server Component]
    ./src/app/page.tsx [Server Component]

  Client Component SSR:
    ./src/components/contact/ContactForm.tsx [Client Component SSR]
    ./src/components/contact/ContactSequence.tsx [Client Component SSR]
    ./src/components/contact/ContactSequence.tsx [Server Component]
    ./src/app/page.tsx [Server Component] @ http://localhost:3000/_next/static/chunks/node_modules_next_dist_1e8vcs8._.js:1052
[ 1693202ms] [ERROR] ./src/components/contact/ContactForm.tsx:345:1
Error: Unexpected token. Did you mean `{'}'}` or `&rbrace;`?
  343 |         </div>
  344 |     );
> 345 | }
      | ^
  346 |

Parsing ecmascript source code failed

Generated code of loaders [next/dist/build/babel/loader] transform of file content of src/components/contact/ContactForm.tsx:
./src/components/contact/ContactForm.tsx:345:1
  343 |         </div>
  344 |     );
> 345 | }
      | ^
  346 |

Import traces:
  Client Component Browser:
    ./src/components/contact/ContactForm.tsx [Client Component Browser]
    ./src/components/contact/ContactSequence.tsx [Client Component Browser]
    ./src/components/contact/ContactSequence.tsx [Server Component]
    ./src/app/page.tsx [Server Component]

  Client Component SSR:
    ./src/components/contact/ContactForm.tsx [Client Component SSR]
    ./src/components/contact/ContactSequence.tsx [Client Component SSR]
    ./src/components/contact/ContactSequence.tsx [Server Component]
    ./src/app/page.tsx [Server Component] @ http://localhost:3000/_next/static/chunks/node_modules_next_dist_1e8vcs8._.js:1052
[ 1693288ms] [ERROR] ./src/components/contact/ContactForm.tsx:345:1
Error: Unexpected token. Did you mean `{'}'}` or `&rbrace;`?
  343 |         </div>
  344 |     );
> 345 | }
      | ^
  346 |

Parsing ecmascript source code failed

Generated code of loaders [next/dist/build/babel/loader] transform of file content of src/components/contact/ContactForm.tsx:
./src/components/contact/ContactForm.tsx:345:1
  343 |         </div>
  344 |     );
> 345 | }
      | ^
  346 |

Import traces:
  Client Component Browser:
    ./src/components/contact/ContactForm.tsx [Client Component Browser]
    ./src/components/contact/ContactSequence.tsx [Client Component Browser]
    ./src/components/contact/ContactSequence.tsx [Server Component]
    ./src/app/page.tsx [Server Component]

  Client Component SSR:
    ./src/components/contact/ContactForm.tsx [Client Component SSR]
    ./src/components/contact/ContactSequence.tsx [Client Component SSR]
    ./src/components/contact/ContactSequence.tsx [Server Component]
    ./src/app/page.tsx [Server Component] @ http://localhost:3000/_next/static/chunks/node_modules_next_dist_1e8vcs8._.js:1052
[ 1693369ms] [ERROR] ./src/components/contact/ContactForm.tsx:345:1
Error: Unexpected token. Did you mean `{'}'}` or `&rbrace;`?
  343 |         </div>
  344 |     );
> 345 | }
      | ^
  346 |

Parsing ecmascript source code failed

Generated code of loaders [next/dist/build/babel/loader] transform of file content of src/components/contact/ContactForm.tsx:
./src/components/contact/ContactForm.tsx:345:1
  343 |         </div>
  344 |     );
> 345 | }
      | ^
  346 |

Import traces:
  Client Component Browser:
    ./src/components/contact/ContactForm.tsx [Client Component Browser]
    ./src/components/contact/ContactSequence.tsx [Client Component Browser]
    ./src/components/contact/ContactSequence.tsx [Server Component]
    ./src/app/page.tsx [Server Component]

  Client Component SSR:
    ./src/components/contact/ContactForm.tsx [Client Component SSR]
    ./src/components/contact/ContactSequence.tsx [Client Component SSR]
    ./src/components/contact/ContactSequence.tsx [Server Component]
    ./src/app/page.tsx [Server Component] @ http://localhost:3000/_next/static/chunks/node_modules_next_dist_1e8vcs8._.js:1052
[ 1693451ms] [ERROR] ./src/components/contact/ContactForm.tsx:345:1
Error: Unexpected token. Did you mean `{'}'}` or `&rbrace;`?
  343 |         </div>
  344 |     );
> 345 | }
      | ^
  346 |

Parsing ecmascript source code failed

Generated code of loaders [next/dist/build/babel/loader] transform of file content of src/components/contact/ContactForm.tsx:
./src/components/contact/ContactForm.tsx:345:1
  343 |         </div>
  344 |     );
> 345 | }
      | ^
  346 |

Import traces:
  Client Component Browser:
    ./src/components/contact/ContactForm.tsx [Client Component Browser]
    ./src/components/contact/ContactSequence.tsx [Client Component Browser]
    ./src/components/contact/ContactSequence.tsx [Server Component]
    ./src/app/page.tsx [Server Component]

  Client Component SSR:
    ./src/components/contact/ContactForm.tsx [Client Component SSR]
    ./src/components/contact/ContactSequence.tsx [Client Component SSR]
    ./src/components/contact/ContactSequence.tsx [Server Component]
    ./src/app/page.tsx [Server Component] @ http://localhost:3000/_next/static/chunks/node_modules_next_dist_1e8vcs8._.js:1052
[ 1693522ms] [ERROR] ./src/components/contact/ContactForm.tsx:345:1
Error: Unexpected token. Did you mean `{'}'}` or `&rbrace;`?
  343 |         </div>
  344 |     );
> 345 | }
      | ^
  346 |

Parsing ecmascript source code failed

Generated code of loaders [next/dist/build/babel/loader] transform of file content of src/components/contact/ContactForm.tsx:
./src/components/contact/ContactForm.tsx:345:1
  343 |         </div>
  344 |     );
> 345 | }
      | ^
  346 |

Import traces:
  Client Component Browser:
    ./src/components/contact/ContactForm.tsx [Client Component Browser]
    ./src/components/contact/ContactSequence.tsx [Client Component Browser]
    ./src/components/contact/ContactSequence.tsx [Server Component]
    ./src/app/page.tsx [Server Component]

  Client Component SSR:
    ./src/components/contact/ContactForm.tsx [Client Component SSR]
    ./src/components/contact/ContactSequence.tsx [Client Component SSR]
    ./src/components/contact/ContactSequence.tsx [Server Component]
    ./src/app/page.tsx [Server Component] @ http://localhost:3000/_next/static/chunks/node_modules_next_dist_1e8vcs8._.js:1052
[ 1693602ms] [ERROR] ./src/components/contact/ContactForm.tsx:345:1
Error: Unexpected token. Did you mean `{'}'}` or `&rbrace;`?
  343 |         </div>
  344 |     );
> 345 | }
      | ^
  346 |

Parsing ecmascript source code failed

Generated code of loaders [next/dist/build/babel/loader] transform of file content of src/components/contact/ContactForm.tsx:
./src/components/contact/ContactForm.tsx:345:1
  343 |         </div>
  344 |     );
> 345 | }
      | ^
  346 |

Import traces:
  Client Component Browser:
    ./src/components/contact/ContactForm.tsx [Client Component Browser]
    ./src/components/contact/ContactSequence.tsx [Client Component Browser]
    ./src/components/contact/ContactSequence.tsx [Server Component]
    ./src/app/page.tsx [Server Component]

  Client Component SSR:
    ./src/components/contact/ContactForm.tsx [Client Component SSR]
    ./src/components/contact/ContactSequence.tsx [Client Component SSR]
    ./src/components/contact/ContactSequence.tsx [Server Component]
    ./src/app/page.tsx [Server Component] @ http://localhost:3000/_next/static/chunks/node_modules_next_dist_1e8vcs8._.js:1052
[ 1693684ms] [ERROR] ./src/components/contact/ContactForm.tsx:345:1
Error: Unexpected token. Did you mean `{'}'}` or `&rbrace;`?
  343 |         </div>
  344 |     );
> 345 | }
      | ^
  346 |

Parsing ecmascript source code failed

Generated code of loaders [next/dist/build/babel/loader] transform of file content of src/components/contact/ContactForm.tsx:
./src/components/contact/ContactForm.tsx:345:1
  343 |         </div>
  344 |     );
> 345 | }
      | ^
  346 |

Import traces:
  Client Component Browser:
    ./src/components/contact/ContactForm.tsx [Client Component Browser]
    ./src/components/contact/ContactSequence.tsx [Client Component Browser]
    ./src/components/contact/ContactSequence.tsx [Server Component]
    ./src/app/page.tsx [Server Component]

  Client Component SSR:
    ./src/components/contact/ContactForm.tsx [Client Component SSR]
    ./src/components/contact/ContactSequence.tsx [Client Component SSR]
    ./src/components/contact/ContactSequence.tsx [Server Component]
    ./src/app/page.tsx [Server Component] @ http://localhost:3000/_next/static/chunks/node_modules_next_dist_1e8vcs8._.js:1052
[ 1693773ms] [ERROR] ./src/components/contact/ContactForm.tsx:345:1
Error: Unexpected token. Did you mean `{'}'}` or `&rbrace;`?
  343 |         </div>
  344 |     );
> 345 | }
      | ^
  346 |

Parsing ecmascript source code failed

Generated code of loaders [next/dist/build/babel/loader] transform of file content of src/components/contact/ContactForm.tsx:
./src/components/contact/ContactForm.tsx:345:1
  343 |         </div>
  344 |     );
> 345 | }
      | ^
  346 |

Import traces:
  Client Component Browser:
    ./src/components/contact/ContactForm.tsx [Client Component Browser]
    ./src/components/contact/ContactSequence.tsx [Client Component Browser]
    ./src/components/contact/ContactSequence.tsx [Server Component]
    ./src/app/page.tsx [Server Component]

  Client Component SSR:
    ./src/components/contact/ContactForm.tsx [Client Component SSR]
    ./src/components/contact/ContactSequence.tsx [Client Component SSR]
    ./src/components/contact/ContactSequence.tsx [Server Component]
    ./src/app/page.tsx [Server Component] @ http://localhost:3000/_next/static/chunks/node_modules_next_dist_1e8vcs8._.js:1052
[ 1693885ms] [ERROR] ./src/components/contact/ContactForm.tsx:345:1
Error: Unexpected token. Did you mean `{'}'}` or `&rbrace;`?
  343 |         </div>
  344 |     );
> 345 | }
      | ^
  346 |

Parsing ecmascript source code failed

Generated code of loaders [next/dist/build/babel/loader] transform of file content of src/components/contact/ContactForm.tsx:
./src/components/contact/ContactForm.tsx:345:1
  343 |         </div>
  344 |     );
> 345 | }
      | ^
  346 |

Import traces:
  Client Component Browser:
    ./src/components/contact/ContactForm.tsx [Client Component Browser]
    ./src/components/contact/ContactSequence.tsx [Client Component Browser]
    ./src/components/contact/ContactSequence.tsx [Server Component]
    ./src/app/page.tsx [Server Component]

  Client Component SSR:
    ./src/components/contact/ContactForm.tsx [Client Component SSR]
    ./src/components/contact/ContactSequence.tsx [Client Component SSR]
    ./src/components/contact/ContactSequence.tsx [Server Component]
    ./src/app/page.tsx [Server Component] @ http://localhost:3000/_next/static/chunks/node_modules_next_dist_1e8vcs8._.js:1052
[ 1693965ms] [ERROR] ./src/components/contact/ContactForm.tsx:345:1
Error: Unexpected token. Did you mean `{'}'}` or `&rbrace;`?
  343 |         </div>
  344 |     );
> 345 | }
      | ^
  346 |

Parsing ecmascript source code failed

Generated code of loaders [next/dist/build/babel/loader] transform of file content of src/components/contact/ContactForm.tsx:
./src/components/contact/ContactForm.tsx:345:1
  343 |         </div>
  344 |     );
> 345 | }
      | ^
  346 |

Import traces:
  Client Component Browser:
    ./src/components/contact/ContactForm.tsx [Client Component Browser]
    ./src/components/contact/ContactSequence.tsx [Client Component Browser]
    ./src/components/contact/ContactSequence.tsx [Server Component]
    ./src/app/page.tsx [Server Component]

  Client Component SSR:
    ./src/components/contact/ContactForm.tsx [Client Component SSR]
    ./src/components/contact/ContactSequence.tsx [Client Component SSR]
    ./src/components/contact/ContactSequence.tsx [Server Component]
    ./src/app/page.tsx [Server Component] @ http://localhost:3000/_next/static/chunks/node_modules_next_dist_1e8vcs8._.js:1052
[ 1694071ms] [ERROR] ./src/components/contact/ContactForm.tsx:345:1
Error: Unexpected token. Did you mean `{'}'}` or `&rbrace;`?
  343 |         </div>
  344 |     );
> 345 | }
      | ^
  346 |

Parsing ecmascript source code failed

Generated code of loaders [next/dist/build/babel/loader] transform of file content of src/components/contact/ContactForm.tsx:
./src/components/contact/ContactForm.tsx:345:1
  343 |         </div>
  344 |     );
> 345 | }
      | ^
  346 |

Import traces:
  Client Component Browser:
    ./src/components/contact/ContactForm.tsx [Client Component Browser]
    ./src/components/contact/ContactSequence.tsx [Client Component Browser]
    ./src/components/contact/ContactSequence.tsx [Server Component]
    ./src/app/page.tsx [Server Component]

  Client Component SSR:
    ./src/components/contact/ContactForm.tsx [Client Component SSR]
    ./src/components/contact/ContactSequence.tsx [Client Component SSR]
    ./src/components/contact/ContactSequence.tsx [Server Component]
    ./src/app/page.tsx [Server Component] @ http://localhost:3000/_next/static/chunks/node_modules_next_dist_1e8vcs8._.js:1052
[ 1694155ms] [ERROR] ./src/components/contact/ContactForm.tsx:345:1
Error: Unexpected token. Did you mean `{'}'}` or `&rbrace;`?
  343 |         </div>
  344 |     );
> 345 | }
      | ^
  346 |

Parsing ecmascript source code failed

Generated code of loaders [next/dist/build/babel/loader] transform of file content of src/components/contact/ContactForm.tsx:
./src/components/contact/ContactForm.tsx:345:1
  343 |         </div>
  344 |     );
> 345 | }
      | ^
  346 |

Import traces:
  Client Component Browser:
    ./src/components/contact/ContactForm.tsx [Client Component Browser]
    ./src/components/contact/ContactSequence.tsx [Client Component Browser]
    ./src/components/contact/ContactSequence.tsx [Server Component]
    ./src/app/page.tsx [Server Component]

  Client Component SSR:
    ./src/components/contact/ContactForm.tsx [Client Component SSR]
    ./src/components/contact/ContactSequence.tsx [Client Component SSR]
    ./src/components/contact/ContactSequence.tsx [Server Component]
    ./src/app/page.tsx [Server Component] @ http://localhost:3000/_next/static/chunks/node_modules_next_dist_1e8vcs8._.js:1052
[ 1694224ms] [ERROR] ./src/components/contact/ContactForm.tsx:345:1
Error: Unexpected token. Did you mean `{'}'}` or `&rbrace;`?
  343 |         </div>
  344 |     );
> 345 | }
      | ^
  346 |

Parsing ecmascript source code failed

Generated code of loaders [next/dist/build/babel/loader] transform of file content of src/components/contact/ContactForm.tsx:
./src/components/contact/ContactForm.tsx:345:1
  343 |         </div>
  344 |     );
> 345 | }
      | ^
  346 |

Import traces:
  Client Component Browser:
    ./src/components/contact/ContactForm.tsx [Client Component Browser]
    ./src/components/contact/ContactSequence.tsx [Client Component Browser]
    ./src/components/contact/ContactSequence.tsx [Server Component]
    ./src/app/page.tsx [Server Component]

  Client Component SSR:
    ./src/components/contact/ContactForm.tsx [Client Component SSR]
    ./src/components/contact/ContactSequence.tsx [Client Component SSR]
    ./src/components/contact/ContactSequence.tsx [Server Component]
    ./src/app/page.tsx [Server Component] @ http://localhost:3000/_next/static/chunks/node_modules_next_dist_1e8vcs8._.js:1052
[ 1694335ms] [ERROR] ./src/components/contact/ContactForm.tsx:345:1
Error: Unexpected token. Did you mean `{'}'}` or `&rbrace;`?
  343 |         </div>
  344 |     );
> 345 | }
      | ^
  346 |

Parsing ecmascript source code failed

Generated code of loaders [next/dist/build/babel/loader] transform of file content of src/components/contact/ContactForm.tsx:
./src/components/contact/ContactForm.tsx:345:1
  343 |         </div>
  344 |     );
> 345 | }
      | ^
  346 |

Import traces:
  Client Component Browser:
    ./src/components/contact/ContactForm.tsx [Client Component Browser]
    ./src/components/contact/ContactSequence.tsx [Client Component Browser]
    ./src/components/contact/ContactSequence.tsx [Server Component]
    ./src/app/page.tsx [Server Component]

  Client Component SSR:
    ./src/components/contact/ContactForm.tsx [Client Component SSR]
    ./src/components/contact/ContactSequence.tsx [Client Component SSR]
    ./src/components/contact/ContactSequence.tsx [Server Component]
    ./src/app/page.tsx [Server Component] @ http://localhost:3000/_next/static/chunks/node_modules_next_dist_1e8vcs8._.js:1052
[ 1694409ms] [ERROR] ./src/components/contact/ContactForm.tsx:345:1
Error: Unexpected token. Did you mean `{'}'}` or `&rbrace;`?
  343 |         </div>
  344 |     );
> 345 | }
      | ^
  346 |

Parsing ecmascript source code failed

Generated code of loaders [next/dist/build/babel/loader] transform of file content of src/components/contact/ContactForm.tsx:
./src/components/contact/ContactForm.tsx:345:1
  343 |         </div>
  344 |     );
> 345 | }
      | ^
  346 |

Import traces:
  Client Component Browser:
    ./src/components/contact/ContactForm.tsx [Client Component Browser]
    ./src/components/contact/ContactSequence.tsx [Client Component Browser]
    ./src/components/contact/ContactSequence.tsx [Server Component]
    ./src/app/page.tsx [Server Component]

  Client Component SSR:
    ./src/components/contact/ContactForm.tsx [Client Component SSR]
    ./src/components/contact/ContactSequence.tsx [Client Component SSR]
    ./src/components/contact/ContactSequence.tsx [Server Component]
    ./src/app/page.tsx [Server Component] @ http://localhost:3000/_next/static/chunks/node_modules_next_dist_1e8vcs8._.js:1052
[ 1694472ms] [ERROR] ./src/components/contact/ContactForm.tsx:345:1
Error: Unexpected token. Did you mean `{'}'}` or `&rbrace;`?
  343 |         </div>
  344 |     );
> 345 | }
      | ^
  346 |

Parsing ecmascript source code failed

Generated code of loaders [next/dist/build/babel/loader] transform of file content of src/components/contact/ContactForm.tsx:
./src/components/contact/ContactForm.tsx:345:1
  343 |         </div>
  344 |     );
> 345 | }
      | ^
  346 |

Import traces:
  Client Component Browser:
    ./src/components/contact/ContactForm.tsx [Client Component Browser]
    ./src/components/contact/ContactSequence.tsx [Client Component Browser]
    ./src/components/contact/ContactSequence.tsx [Server Component]
    ./src/app/page.tsx [Server Component]

  Client Component SSR:
    ./src/components/contact/ContactForm.tsx [Client Component SSR]
    ./src/components/contact/ContactSequence.tsx [Client Component SSR]
    ./src/components/contact/ContactSequence.tsx [Server Component]
    ./src/app/page.tsx [Server Component] @ http://localhost:3000/_next/static/chunks/node_modules_next_dist_1e8vcs8._.js:1052
[ 1694554ms] [ERROR] ./src/components/contact/ContactForm.tsx:345:1
Error: Unexpected token. Did you mean `{'}'}` or `&rbrace;`?
  343 |         </div>
  344 |     );
> 345 | }
      | ^
  346 |

Parsing ecmascript source code failed

Generated code of loaders [next/dist/build/babel/loader] transform of file content of src/components/contact/ContactForm.tsx:
./src/components/contact/ContactForm.tsx:345:1
  343 |         </div>
  344 |     );
> 345 | }
      | ^
  346 |

Import traces:
  Client Component Browser:
    ./src/components/contact/ContactForm.tsx [Client Component Browser]
    ./src/components/contact/ContactSequence.tsx [Client Component Browser]
    ./src/components/contact/ContactSequence.tsx [Server Component]
    ./src/app/page.tsx [Server Component]

  Client Component SSR:
    ./src/components/contact/ContactForm.tsx [Client Component SSR]
    ./src/components/contact/ContactSequence.tsx [Client Component SSR]
    ./src/components/contact/ContactSequence.tsx [Server Component]
    ./src/app/page.tsx [Server Component] @ http://localhost:3000/_next/static/chunks/node_modules_next_dist_1e8vcs8._.js:1052
[ 1694666ms] [ERROR] ./src/components/contact/ContactForm.tsx:345:1
Error: Unexpected token. Did you mean `{'}'}` or `&rbrace;`?
  343 |         </div>
  344 |     );
> 345 | }
      | ^
  346 |

Parsing ecmascript source code failed

Generated code of loaders [next/dist/build/babel/loader] transform of file content of src/components/contact/ContactForm.tsx:
./src/components/contact/ContactForm.tsx:345:1
  343 |         </div>
  344 |     );
> 345 | }
      | ^
  346 |

Import traces:
  Client Component Browser:
    ./src/components/contact/ContactForm.tsx [Client Component Browser]
    ./src/components/contact/ContactSequence.tsx [Client Component Browser]
    ./src/components/contact/ContactSequence.tsx [Server Component]
    ./src/app/page.tsx [Server Component]

  Client Component SSR:
    ./src/components/contact/ContactForm.tsx [Client Component SSR]
    ./src/components/contact/ContactSequence.tsx [Client Component SSR]
    ./src/components/contact/ContactSequence.tsx [Server Component]
    ./src/app/page.tsx [Server Component] @ http://localhost:3000/_next/static/chunks/node_modules_next_dist_1e8vcs8._.js:1052
[ 1694770ms] [ERROR] ./src/components/contact/ContactForm.tsx:345:1
Error: Unexpected token. Did you mean `{'}'}` or `&rbrace;`?
  343 |         </div>
  344 |     );
> 345 | }
      | ^
  346 |

Parsing ecmascript source code failed

Generated code of loaders [next/dist/build/babel/loader] transform of file content of src/components/contact/ContactForm.tsx:
./src/components/contact/ContactForm.tsx:345:1
  343 |         </div>
  344 |     );
> 345 | }
      | ^
  346 |

Import traces:
  Client Component Browser:
    ./src/components/contact/ContactForm.tsx [Client Component Browser]
    ./src/components/contact/ContactSequence.tsx [Client Component Browser]
    ./src/components/contact/ContactSequence.tsx [Server Component]
    ./src/app/page.tsx [Server Component]

  Client Component SSR:
    ./src/components/contact/ContactForm.tsx [Client Component SSR]
    ./src/components/contact/ContactSequence.tsx [Client Component SSR]
    ./src/components/contact/ContactSequence.tsx [Server Component]
    ./src/app/page.tsx [Server Component] @ http://localhost:3000/_next/static/chunks/node_modules_next_dist_1e8vcs8._.js:1052
[ 1694852ms] [ERROR] ./src/components/contact/ContactForm.tsx:345:1
Error: Unexpected token. Did you mean `{'}'}` or `&rbrace;`?
  343 |         </div>
  344 |     );
> 345 | }
      | ^
  346 |

Parsing ecmascript source code failed

Generated code of loaders [next/dist/build/babel/loader] transform of file content of src/components/contact/ContactForm.tsx:
./src/components/contact/ContactForm.tsx:345:1
  343 |         </div>
  344 |     );
> 345 | }
      | ^
  346 |

Import traces:
  Client Component Browser:
    ./src/components/contact/ContactForm.tsx [Client Component Browser]
    ./src/components/contact/ContactSequence.tsx [Client Component Browser]
    ./src/components/contact/ContactSequence.tsx [Server Component]
    ./src/app/page.tsx [Server Component]

  Client Component SSR:
    ./src/components/contact/ContactForm.tsx [Client Component SSR]
    ./src/components/contact/ContactSequence.tsx [Client Component SSR]
    ./src/components/contact/ContactSequence.tsx [Server Component]
    ./src/app/page.tsx [Server Component] @ http://localhost:3000/_next/static/chunks/node_modules_next_dist_1e8vcs8._.js:1052
[ 1694924ms] [ERROR] ./src/components/contact/ContactForm.tsx:345:1
Error: Unexpected token. Did you mean `{'}'}` or `&rbrace;`?
  343 |         </div>
  344 |     );
> 345 | }
      | ^
  346 |

Parsing ecmascript source code failed

Generated code of loaders [next/dist/build/babel/loader] transform of file content of src/components/contact/ContactForm.tsx:
./src/components/contact/ContactForm.tsx:345:1
  343 |         </div>
  344 |     );
> 345 | }
      | ^
  346 |

Import traces:
  Client Component Browser:
    ./src/components/contact/ContactForm.tsx [Client Component Browser]
    ./src/components/contact/ContactSequence.tsx [Client Component Browser]
    ./src/components/contact/ContactSequence.tsx [Server Component]
    ./src/app/page.tsx [Server Component]

  Client Component SSR:
    ./src/components/contact/ContactForm.tsx [Client Component SSR]
    ./src/components/contact/ContactSequence.tsx [Client Component SSR]
    ./src/components/contact/ContactSequence.tsx [Server Component]
    ./src/app/page.tsx [Server Component] @ http://localhost:3000/_next/static/chunks/node_modules_next_dist_1e8vcs8._.js:1052
[ 1695004ms] [ERROR] ./src/components/contact/ContactForm.tsx:345:1
Error: Unexpected token. Did you mean `{'}'}` or `&rbrace;`?
  343 |         </div>
  344 |     );
> 345 | }
      | ^
  346 |

Parsing ecmascript source code failed

Generated code of loaders [next/dist/build/babel/loader] transform of file content of src/components/contact/ContactForm.tsx:
./src/components/contact/ContactForm.tsx:345:1
  343 |         </div>
  344 |     );
> 345 | }
      | ^
  346 |

Import traces:
  Client Component Browser:
    ./src/components/contact/ContactForm.tsx [Client Component Browser]
    ./src/components/contact/ContactSequence.tsx [Client Component Browser]
    ./src/components/contact/ContactSequence.tsx [Server Component]
    ./src/app/page.tsx [Server Component]

  Client Component SSR:
    ./src/components/contact/ContactForm.tsx [Client Component SSR]
    ./src/components/contact/ContactSequence.tsx [Client Component SSR]
    ./src/components/contact/ContactSequence.tsx [Server Component]
    ./src/app/page.tsx [Server Component] @ http://localhost:3000/_next/static/chunks/node_modules_next_dist_1e8vcs8._.js:1052
[ 1695109ms] [ERROR] ./src/components/contact/ContactForm.tsx:345:1
Error: Unexpected token. Did you mean `{'}'}` or `&rbrace;`?
  343 |         </div>
  344 |     );
> 345 | }
      | ^
  346 |

Parsing ecmascript source code failed

Generated code of loaders [next/dist/build/babel/loader] transform of file content of src/components/contact/ContactForm.tsx:
./src/components/contact/ContactForm.tsx:345:1
  343 |         </div>
  344 |     );
> 345 | }
      | ^
  346 |

Import traces:
  Client Component Browser:
    ./src/components/contact/ContactForm.tsx [Client Component Browser]
    ./src/components/contact/ContactSequence.tsx [Client Component Browser]
    ./src/components/contact/ContactSequence.tsx [Server Component]
    ./src/app/page.tsx [Server Component]

  Client Component SSR:
    ./src/components/contact/ContactForm.tsx [Client Component SSR]
    ./src/components/contact/ContactSequence.tsx [Client Component SSR]
    ./src/components/contact/ContactSequence.tsx [Server Component]
    ./src/app/page.tsx [Server Component] @ http://localhost:3000/_next/static/chunks/node_modules_next_dist_1e8vcs8._.js:1052
[ 1695237ms] [ERROR] ./src/components/contact/ContactForm.tsx:345:1
Error: Unexpected token. Did you mean `{'}'}` or `&rbrace;`?
  343 |         </div>
  344 |     );
> 345 | }
      | ^
  346 |

Parsing ecmascript source code failed

Generated code of loaders [next/dist/build/babel/loader] transform of file content of src/components/contact/ContactForm.tsx:
./src/components/contact/ContactForm.tsx:345:1
  343 |         </div>
  344 |     );
> 345 | }
      | ^
  346 |

Import traces:
  Client Component Browser:
    ./src/components/contact/ContactForm.tsx [Client Component Browser]
    ./src/components/contact/ContactSequence.tsx [Client Component Browser]
    ./src/components/contact/ContactSequence.tsx [Server Component]
    ./src/app/page.tsx [Server Component]

  Client Component SSR:
    ./src/components/contact/ContactForm.tsx [Client Component SSR]
    ./src/components/contact/ContactSequence.tsx [Client Component SSR]
    ./src/components/contact/ContactSequence.tsx [Server Component]
    ./src/app/page.tsx [Server Component] @ http://localhost:3000/_next/static/chunks/node_modules_next_dist_1e8vcs8._.js:1052
[ 1695353ms] [ERROR] ./src/components/contact/ContactForm.tsx:345:1
Error: Unexpected token. Did you mean `{'}'}` or `&rbrace;`?
  343 |         </div>
  344 |     );
> 345 | }
      | ^
  346 |

Parsing ecmascript source code failed

Generated code of loaders [next/dist/build/babel/loader] transform of file content of src/components/contact/ContactForm.tsx:
./src/components/contact/ContactForm.tsx:345:1
  343 |         </div>
  344 |     );
> 345 | }
      | ^
  346 |

Import traces:
  Client Component Browser:
    ./src/components/contact/ContactForm.tsx [Client Component Browser]
    ./src/components/contact/ContactSequence.tsx [Client Component Browser]
    ./src/components/contact/ContactSequence.tsx [Server Component]
    ./src/app/page.tsx [Server Component]

  Client Component SSR:
    ./src/components/contact/ContactForm.tsx [Client Component SSR]
    ./src/components/contact/ContactSequence.tsx [Client Component SSR]
    ./src/components/contact/ContactSequence.tsx [Server Component]
    ./src/app/page.tsx [Server Component] @ http://localhost:3000/_next/static/chunks/node_modules_next_dist_1e8vcs8._.js:1052
[ 1695453ms] [ERROR] ./src/components/contact/ContactForm.tsx:345:1
Error: Unexpected token. Did you mean `{'}'}` or `&rbrace;`?
  343 |         </div>
  344 |     );
> 345 | }
      | ^
  346 |

Parsing ecmascript source code failed

Generated code of loaders [next/dist/build/babel/loader] transform of file content of src/components/contact/ContactForm.tsx:
./src/components/contact/ContactForm.tsx:345:1
  343 |         </div>
  344 |     );
> 345 | }
      | ^
  346 |

Import traces:
  Client Component Browser:
    ./src/components/contact/ContactForm.tsx [Client Component Browser]
    ./src/components/contact/ContactSequence.tsx [Client Component Browser]
    ./src/components/contact/ContactSequence.tsx [Server Component]
    ./src/app/page.tsx [Server Component]

  Client Component SSR:
    ./src/components/contact/ContactForm.tsx [Client Component SSR]
    ./src/components/contact/ContactSequence.tsx [Client Component SSR]
    ./src/components/contact/ContactSequence.tsx [Server Component]
    ./src/app/page.tsx [Server Component] @ http://localhost:3000/_next/static/chunks/node_modules_next_dist_1e8vcs8._.js:1052
[ 1695571ms] [ERROR] ./src/components/contact/ContactForm.tsx:345:1
Error: Unexpected token. Did you mean `{'}'}` or `&rbrace;`?
  343 |         </div>
  344 |     );
> 345 | }
      | ^
  346 |

Parsing ecmascript source code failed

Generated code of loaders [next/dist/build/babel/loader] transform of file content of src/components/contact/ContactForm.tsx:
./src/components/contact/ContactForm.tsx:345:1
  343 |         </div>
  344 |     );
> 345 | }
      | ^
  346 |

Import traces:
  Client Component Browser:
    ./src/components/contact/ContactForm.tsx [Client Component Browser]
    ./src/components/contact/ContactSequence.tsx [Client Component Browser]
    ./src/components/contact/ContactSequence.tsx [Server Component]
    ./src/app/page.tsx [Server Component]

  Client Component SSR:
    ./src/components/contact/ContactForm.tsx [Client Component SSR]
    ./src/components/contact/ContactSequence.tsx [Client Component SSR]
    ./src/components/contact/ContactSequence.tsx [Server Component]
    ./src/app/page.tsx [Server Component] @ http://localhost:3000/_next/static/chunks/node_modules_next_dist_1e8vcs8._.js:1052
[ 1695671ms] [ERROR] ./src/components/contact/ContactForm.tsx:345:1
Error: Unexpected token. Did you mean `{'}'}` or `&rbrace;`?
  343 |         </div>
  344 |     );
> 345 | }
      | ^
  346 |

Parsing ecmascript source code failed

Generated code of loaders [next/dist/build/babel/loader] transform of file content of src/components/contact/ContactForm.tsx:
./src/components/contact/ContactForm.tsx:345:1
  343 |         </div>
  344 |     );
> 345 | }
      | ^
  346 |

Import traces:
  Client Component Browser:
    ./src/components/contact/ContactForm.tsx [Client Component Browser]
    ./src/components/contact/ContactSequence.tsx [Client Component Browser]
    ./src/components/contact/ContactSequence.tsx [Server Component]
    ./src/app/page.tsx [Server Component]

  Client Component SSR:
    ./src/components/contact/ContactForm.tsx [Client Component SSR]
    ./src/components/contact/ContactSequence.tsx [Client Component SSR]
    ./src/components/contact/ContactSequence.tsx [Server Component]
    ./src/app/page.tsx [Server Component] @ http://localhost:3000/_next/static/chunks/node_modules_next_dist_1e8vcs8._.js:1052
[ 1695785ms] [ERROR] ./src/components/contact/ContactForm.tsx:345:1
Error: Unexpected token. Did you mean `{'}'}` or `&rbrace;`?
  343 |         </div>
  344 |     );
> 345 | }
      | ^
  346 |

Parsing ecmascript source code failed

Generated code of loaders [next/dist/build/babel/loader] transform of file content of src/components/contact/ContactForm.tsx:
./src/components/contact/ContactForm.tsx:345:1
  343 |         </div>
  344 |     );
> 345 | }
      | ^
  346 |

Import traces:
  Client Component Browser:
    ./src/components/contact/ContactForm.tsx [Client Component Browser]
    ./src/components/contact/ContactSequence.tsx [Client Component Browser]
    ./src/components/contact/ContactSequence.tsx [Server Component]
    ./src/app/page.tsx [Server Component]

  Client Component SSR:
    ./src/components/contact/ContactForm.tsx [Client Component SSR]
    ./src/components/contact/ContactSequence.tsx [Client Component SSR]
    ./src/components/contact/ContactSequence.tsx [Server Component]
    ./src/app/page.tsx [Server Component] @ http://localhost:3000/_next/static/chunks/node_modules_next_dist_1e8vcs8._.js:1052
[ 1695854ms] [ERROR] ./src/components/contact/ContactForm.tsx:345:1
Error: Unexpected token. Did you mean `{'}'}` or `&rbrace;`?
  343 |         </div>
  344 |     );
> 345 | }
      | ^
  346 |

Parsing ecmascript source code failed

Generated code of loaders [next/dist/build/babel/loader] transform of file content of src/components/contact/ContactForm.tsx:
./src/components/contact/ContactForm.tsx:345:1
  343 |         </div>
  344 |     );
> 345 | }
      | ^
  346 |

Import traces:
  Client Component Browser:
    ./src/components/contact/ContactForm.tsx [Client Component Browser]
    ./src/components/contact/ContactSequence.tsx [Client Component Browser]
    ./src/components/contact/ContactSequence.tsx [Server Component]
    ./src/app/page.tsx [Server Component]

  Client Component SSR:
    ./src/components/contact/ContactForm.tsx [Client Component SSR]
    ./src/components/contact/ContactSequence.tsx [Client Component SSR]
    ./src/components/contact/ContactSequence.tsx [Server Component]
    ./src/app/page.tsx [Server Component] @ http://localhost:3000/_next/static/chunks/node_modules_next_dist_1e8vcs8._.js:1052
[ 1695958ms] [ERROR] ./src/components/contact/ContactForm.tsx:345:1
Error: Unexpected token. Did you mean `{'}'}` or `&rbrace;`?
  343 |         </div>
  344 |     );
> 345 | }
      | ^
  346 |

Parsing ecmascript source code failed

Generated code of loaders [next/dist/build/babel/loader] transform of file content of src/components/contact/ContactForm.tsx:
./src/components/contact/ContactForm.tsx:345:1
  343 |         </div>
  344 |     );
> 345 | }
      | ^
  346 |

Import traces:
  Client Component Browser:
    ./src/components/contact/ContactForm.tsx [Client Component Browser]
    ./src/components/contact/ContactSequence.tsx [Client Component Browser]
    ./src/components/contact/ContactSequence.tsx [Server Component]
    ./src/app/page.tsx [Server Component]

  Client Component SSR:
    ./src/components/contact/ContactForm.tsx [Client Component SSR]
    ./src/components/contact/ContactSequence.tsx [Client Component SSR]
    ./src/components/contact/ContactSequence.tsx [Server Component]
    ./src/app/page.tsx [Server Component] @ http://localhost:3000/_next/static/chunks/node_modules_next_dist_1e8vcs8._.js:1052
[ 1696072ms] [ERROR] ./src/components/contact/ContactForm.tsx:345:1
Error: Unexpected token. Did you mean `{'}'}` or `&rbrace;`?
  343 |         </div>
  344 |     );
> 345 | }
      | ^
  346 |

Parsing ecmascript source code failed

Generated code of loaders [next/dist/build/babel/loader] transform of file content of src/components/contact/ContactForm.tsx:
./src/components/contact/ContactForm.tsx:345:1
  343 |         </div>
  344 |     );
> 345 | }
      | ^
  346 |

Import traces:
  Client Component Browser:
    ./src/components/contact/ContactForm.tsx [Client Component Browser]
    ./src/components/contact/ContactSequence.tsx [Client Component Browser]
    ./src/components/contact/ContactSequence.tsx [Server Component]
    ./src/app/page.tsx [Server Component]

  Client Component SSR:
    ./src/components/contact/ContactForm.tsx [Client Component SSR]
    ./src/components/contact/ContactSequence.tsx [Client Component SSR]
    ./src/components/contact/ContactSequence.tsx [Server Component]
    ./src/app/page.tsx [Server Component] @ http://localhost:3000/_next/static/chunks/node_modules_next_dist_1e8vcs8._.js:1052
[ 1696153ms] [ERROR] ./src/components/contact/ContactForm.tsx:345:1
Error: Unexpected token. Did you mean `{'}'}` or `&rbrace;`?
  343 |         </div>
  344 |     );
> 345 | }
      | ^
  346 |

Parsing ecmascript source code failed

Generated code of loaders [next/dist/build/babel/loader] transform of file content of src/components/contact/ContactForm.tsx:
./src/components/contact/ContactForm.tsx:345:1
  343 |         </div>
  344 |     );
> 345 | }
      | ^
  346 |

Import traces:
  Client Component Browser:
    ./src/components/contact/ContactForm.tsx [Client Component Browser]
    ./src/components/contact/ContactSequence.tsx [Client Component Browser]
    ./src/components/contact/ContactSequence.tsx [Server Component]
    ./src/app/page.tsx [Server Component]

  Client Component SSR:
    ./src/components/contact/ContactForm.tsx [Client Component SSR]
    ./src/components/contact/ContactSequence.tsx [Client Component SSR]
    ./src/components/contact/ContactSequence.tsx [Server Component]
    ./src/app/page.tsx [Server Component] @ http://localhost:3000/_next/static/chunks/node_modules_next_dist_1e8vcs8._.js:1052
[ 1696239ms] [ERROR] ./src/components/contact/ContactForm.tsx:345:1
Error: Unexpected token. Did you mean `{'}'}` or `&rbrace;`?
  343 |         </div>
  344 |     );
> 345 | }
      | ^
  346 |

Parsing ecmascript source code failed

Generated code of loaders [next/dist/build/babel/loader] transform of file content of src/components/contact/ContactForm.tsx:
./src/components/contact/ContactForm.tsx:345:1
  343 |         </div>
  344 |     );
> 345 | }
      | ^
  346 |

Import traces:
  Client Component Browser:
    ./src/components/contact/ContactForm.tsx [Client Component Browser]
    ./src/components/contact/ContactSequence.tsx [Client Component Browser]
    ./src/components/contact/ContactSequence.tsx [Server Component]
    ./src/app/page.tsx [Server Component]

  Client Component SSR:
    ./src/components/contact/ContactForm.tsx [Client Component SSR]
    ./src/components/contact/ContactSequence.tsx [Client Component SSR]
    ./src/components/contact/ContactSequence.tsx [Server Component]
    ./src/app/page.tsx [Server Component] @ http://localhost:3000/_next/static/chunks/node_modules_next_dist_1e8vcs8._.js:1052
[ 1696611ms] [LOG] [Fast Refresh] rebuilding @ http://localhost:3000/_next/static/chunks/node_modules_next_dist_1e8vcs8._.js:776
[ 1698484ms] [LOG] [Fast Refresh] done in 1947ms @ http://localhost:3000/_next/static/chunks/node_modules_next_dist_1e8vcs8._.js:776
[ 1716977ms] [LOG] [Fast Refresh] rebuilding @ http://localhost:3000/_next/static/chunks/node_modules_next_dist_1e8vcs8._.js:776
[ 1718840ms] [LOG] [Fast Refresh] done in 1972ms @ http://localhost:3000/_next/static/chunks/node_modules_next_dist_1e8vcs8._.js:776
[ 1759027ms] [LOG] [Fast Refresh] rebuilding @ http://localhost:3000/_next/static/chunks/node_modules_next_dist_1e8vcs8._.js:776
[ 1759739ms] [LOG] [Fast Refresh] done in 783ms @ http://localhost:3000/_next/static/chunks/node_modules_next_dist_1e8vcs8._.js:776
[ 1776145ms] [LOG] [Fast Refresh] rebuilding @ http://localhost:3000/_next/static/chunks/node_modules_next_dist_1e8vcs8._.js:776
[ 1776436ms] [LOG] [Fast Refresh] done in 365ms @ http://localhost:3000/_next/static/chunks/node_modules_next_dist_1e8vcs8._.js:776
[ 1776517ms] [LOG] [Fast Refresh] done in 365ms @ http://localhost:3000/_next/static/chunks/node_modules_next_dist_1e8vcs8._.js:776
[ 1776602ms] [LOG] [Fast Refresh] done in 365ms @ http://localhost:3000/_next/static/chunks/node_modules_next_dist_1e8vcs8._.js:776
[ 1776668ms] [LOG] [Fast Refresh] done in 365ms @ http://localhost:3000/_next/static/chunks/node_modules_next_dist_1e8vcs8._.js:776
[ 1776730ms] [LOG] [Fast Refresh] done in 365ms @ http://localhost:3000/_next/static/chunks/node_modules_next_dist_1e8vcs8._.js:776
[ 1776790ms] [LOG] [Fast Refresh] done in 365ms @ http://localhost:3000/_next/static/chunks/node_modules_next_dist_1e8vcs8._.js:776
[ 1776853ms] [LOG] [Fast Refresh] done in 365ms @ http://localhost:3000/_next/static/chunks/node_modules_next_dist_1e8vcs8._.js:776
[ 1776935ms] [LOG] [Fast Refresh] done in 365ms @ http://localhost:3000/_next/static/chunks/node_modules_next_dist_1e8vcs8._.js:776
[ 1777015ms] [LOG] [Fast Refresh] done in 365ms @ http://localhost:3000/_next/static/chunks/node_modules_next_dist_1e8vcs8._.js:776
[ 1777087ms] [LOG] [Fast Refresh] done in 365ms @ http://localhost:3000/_next/static/chunks/node_modules_next_dist_1e8vcs8._.js:776
[ 1777150ms] [LOG] [Fast Refresh] done in 365ms @ http://localhost:3000/_next/static/chunks/node_modules_next_dist_1e8vcs8._.js:776
[ 1777216ms] [LOG] [Fast Refresh] done in 365ms @ http://localhost:3000/_next/static/chunks/node_modules_next_dist_1e8vcs8._.js:776
[ 1777293ms] [LOG] [Fast Refresh] done in 365ms @ http://localhost:3000/_next/static/chunks/node_modules_next_dist_1e8vcs8._.js:776
[ 1777353ms] [LOG] [Fast Refresh] done in 365ms @ http://localhost:3000/_next/static/chunks/node_modules_next_dist_1e8vcs8._.js:776
[ 1777435ms] [LOG] [Fast Refresh] done in 365ms @ http://localhost:3000/_next/static/chunks/node_modules_next_dist_1e8vcs8._.js:776
[ 1777505ms] [LOG] [Fast Refresh] done in 365ms @ http://localhost:3000/_next/static/chunks/node_modules_next_dist_1e8vcs8._.js:776
[ 1777567ms] [LOG] [Fast Refresh] done in 365ms @ http://localhost:3000/_next/static/chunks/node_modules_next_dist_1e8vcs8._.js:776
[ 1777648ms] [LOG] [Fast Refresh] done in 365ms @ http://localhost:3000/_next/static/chunks/node_modules_next_dist_1e8vcs8._.js:776
[ 1777707ms] [LOG] [Fast Refresh] done in 365ms @ http://localhost:3000/_next/static/chunks/node_modules_next_dist_1e8vcs8._.js:776
[ 1777785ms] [LOG] [Fast Refresh] done in 365ms @ http://localhost:3000/_next/static/chunks/node_modules_next_dist_1e8vcs8._.js:776
[ 1777850ms] [LOG] [Fast Refresh] done in 365ms @ http://localhost:3000/_next/static/chunks/node_modules_next_dist_1e8vcs8._.js:776
[ 1777937ms] [LOG] [Fast Refresh] done in 365ms @ http://localhost:3000/_next/static/chunks/node_modules_next_dist_1e8vcs8._.js:776
[ 1778019ms] [LOG] [Fast Refresh] done in 365ms @ http://localhost:3000/_next/static/chunks/node_modules_next_dist_1e8vcs8._.js:776
[ 1778082ms] [LOG] [Fast Refresh] done in 365ms @ http://localhost:3000/_next/static/chunks/node_modules_next_dist_1e8vcs8._.js:776
[ 1778157ms] [LOG] [Fast Refresh] done in 365ms @ http://localhost:3000/_next/static/chunks/node_modules_next_dist_1e8vcs8._.js:776
[ 1778234ms] [LOG] [Fast Refresh] done in 365ms @ http://localhost:3000/_next/static/chunks/node_modules_next_dist_1e8vcs8._.js:776
[ 1778316ms] [LOG] [Fast Refresh] done in 365ms @ http://localhost:3000/_next/static/chunks/node_modules_next_dist_1e8vcs8._.js:776
[ 1778385ms] [LOG] [Fast Refresh] done in 365ms @ http://localhost:3000/_next/static/chunks/node_modules_next_dist_1e8vcs8._.js:776
[ 1778447ms] [LOG] [Fast Refresh] done in 365ms @ http://localhost:3000/_next/static/chunks/node_modules_next_dist_1e8vcs8._.js:776
[ 1778522ms] [LOG] [Fast Refresh] done in 365ms @ http://localhost:3000/_next/static/chunks/node_modules_next_dist_1e8vcs8._.js:776
[ 1778585ms] [LOG] [Fast Refresh] done in 365ms @ http://localhost:3000/_next/static/chunks/node_modules_next_dist_1e8vcs8._.js:776
[ 1778646ms] [LOG] [Fast Refresh] done in 365ms @ http://localhost:3000/_next/static/chunks/node_modules_next_dist_1e8vcs8._.js:776
[ 1778712ms] [LOG] [Fast Refresh] done in 365ms @ http://localhost:3000/_next/static/chunks/node_modules_next_dist_1e8vcs8._.js:776
[ 1778772ms] [LOG] [Fast Refresh] done in 365ms @ http://localhost:3000/_next/static/chunks/node_modules_next_dist_1e8vcs8._.js:776
[ 1778835ms] [LOG] [Fast Refresh] done in 365ms @ http://localhost:3000/_next/static/chunks/node_modules_next_dist_1e8vcs8._.js:776
[ 1778897ms] [LOG] [Fast Refresh] done in 365ms @ http://localhost:3000/_next/static/chunks/node_modules_next_dist_1e8vcs8._.js:776
[ 1778964ms] [LOG] [Fast Refresh] done in 365ms @ http://localhost:3000/_next/static/chunks/node_modules_next_dist_1e8vcs8._.js:776
[ 1779039ms] [LOG] [Fast Refresh] done in 365ms @ http://localhost:3000/_next/static/chunks/node_modules_next_dist_1e8vcs8._.js:776
[ 1779101ms] [LOG] [Fast Refresh] done in 365ms @ http://localhost:3000/_next/static/chunks/node_modules_next_dist_1e8vcs8._.js:776
[ 1779165ms] [LOG] [Fast Refresh] done in 365ms @ http://localhost:3000/_next/static/chunks/node_modules_next_dist_1e8vcs8._.js:776
[ 1779229ms] [LOG] [Fast Refresh] done in 365ms @ http://localhost:3000/_next/static/chunks/node_modules_next_dist_1e8vcs8._.js:776
[ 1779289ms] [LOG] [Fast Refresh] done in 365ms @ http://localhost:3000/_next/static/chunks/node_modules_next_dist_1e8vcs8._.js:776
[ 1779351ms] [LOG] [Fast Refresh] done in 365ms @ http://localhost:3000/_next/static/chunks/node_modules_next_dist_1e8vcs8._.js:776
[ 1779414ms] [LOG] [Fast Refresh] done in 365ms @ http://localhost:3000/_next/static/chunks/node_modules_next_dist_1e8vcs8._.js:776
[ 1779478ms] [LOG] [Fast Refresh] done in 365ms @ http://localhost:3000/_next/static/chunks/node_modules_next_dist_1e8vcs8._.js:776
[ 1779555ms] [LOG] [Fast Refresh] done in 365ms @ http://localhost:3000/_next/static/chunks/node_modules_next_dist_1e8vcs8._.js:776
[ 1779618ms] [LOG] [Fast Refresh] done in 365ms @ http://localhost:3000/_next/static/chunks/node_modules_next_dist_1e8vcs8._.js:776
[ 1779698ms] [LOG] [Fast Refresh] done in 365ms @ http://localhost:3000/_next/static/chunks/node_modules_next_dist_1e8vcs8._.js:776
[ 1779765ms] [LOG] [Fast Refresh] done in 365ms @ http://localhost:3000/_next/static/chunks/node_modules_next_dist_1e8vcs8._.js:776
[ 1779837ms] [LOG] [Fast Refresh] done in 365ms @ http://localhost:3000/_next/static/chunks/node_modules_next_dist_1e8vcs8._.js:776
[ 1779898ms] [LOG] [Fast Refresh] done in 365ms @ http://localhost:3000/_next/static/chunks/node_modules_next_dist_1e8vcs8._.js:776
[ 1779980ms] [LOG] [Fast Refresh] done in 365ms @ http://localhost:3000/_next/static/chunks/node_modules_next_dist_1e8vcs8._.js:776
[ 1780055ms] [LOG] [Fast Refresh] done in 365ms @ http://localhost:3000/_next/static/chunks/node_modules_next_dist_1e8vcs8._.js:776
[ 1780132ms] [LOG] [Fast Refresh] done in 365ms @ http://localhost:3000/_next/static/chunks/node_modules_next_dist_1e8vcs8._.js:776
[ 1780196ms] [LOG] [Fast Refresh] done in 365ms @ http://localhost:3000/_next/static/chunks/node_modules_next_dist_1e8vcs8._.js:776
[ 1780256ms] [LOG] [Fast Refresh] done in 365ms @ http://localhost:3000/_next/static/chunks/node_modules_next_dist_1e8vcs8._.js:776
[ 1780319ms] [LOG] [Fast Refresh] done in 365ms @ http://localhost:3000/_next/static/chunks/node_modules_next_dist_1e8vcs8._.js:776
[ 1780383ms] [LOG] [Fast Refresh] done in 365ms @ http://localhost:3000/_next/static/chunks/node_modules_next_dist_1e8vcs8._.js:776
[ 1780446ms] [LOG] [Fast Refresh] done in 365ms @ http://localhost:3000/_next/static/chunks/node_modules_next_dist_1e8vcs8._.js:776
[ 1780522ms] [LOG] [Fast Refresh] done in 365ms @ http://localhost:3000/_next/static/chunks/node_modules_next_dist_1e8vcs8._.js:776
[ 1780584ms] [LOG] [Fast Refresh] done in 365ms @ http://localhost:3000/_next/static/chunks/node_modules_next_dist_1e8vcs8._.js:776
[ 1780681ms] [LOG] [Fast Refresh] done in 365ms @ http://localhost:3000/_next/static/chunks/node_modules_next_dist_1e8vcs8._.js:776
[ 1780740ms] [LOG] [Fast Refresh] done in 365ms @ http://localhost:3000/_next/static/chunks/node_modules_next_dist_1e8vcs8._.js:776
[ 1780819ms] [LOG] [Fast Refresh] done in 365ms @ http://localhost:3000/_next/static/chunks/node_modules_next_dist_1e8vcs8._.js:776
[ 1780896ms] [LOG] [Fast Refresh] done in 365ms @ http://localhost:3000/_next/static/chunks/node_modules_next_dist_1e8vcs8._.js:776
[ 1780972ms] [LOG] [Fast Refresh] done in 365ms @ http://localhost:3000/_next/static/chunks/node_modules_next_dist_1e8vcs8._.js:776
[ 1781035ms] [LOG] [Fast Refresh] done in 365ms @ http://localhost:3000/_next/static/chunks/node_modules_next_dist_1e8vcs8._.js:776
[ 1781098ms] [LOG] [Fast Refresh] done in 365ms @ http://localhost:3000/_next/static/chunks/node_modules_next_dist_1e8vcs8._.js:776
[ 1781181ms] [LOG] [Fast Refresh] done in 365ms @ http://localhost:3000/_next/static/chunks/node_modules_next_dist_1e8vcs8._.js:776
[ 1781239ms] [LOG] [Fast Refresh] done in 365ms @ http://localhost:3000/_next/static/chunks/node_modules_next_dist_1e8vcs8._.js:776
[ 1781317ms] [LOG] [Fast Refresh] done in 365ms @ http://localhost:3000/_next/static/chunks/node_modules_next_dist_1e8vcs8._.js:776
[ 1781381ms] [LOG] [Fast Refresh] done in 365ms @ http://localhost:3000/_next/static/chunks/node_modules_next_dist_1e8vcs8._.js:776
[ 1781447ms] [LOG] [Fast Refresh] done in 365ms @ http://localhost:3000/_next/static/chunks/node_modules_next_dist_1e8vcs8._.js:776
[ 1781505ms] [LOG] [Fast Refresh] done in 365ms @ http://localhost:3000/_next/static/chunks/node_modules_next_dist_1e8vcs8._.js:776
[ 1781584ms] [LOG] [Fast Refresh] done in 365ms @ http://localhost:3000/_next/static/chunks/node_modules_next_dist_1e8vcs8._.js:776
[ 1781647ms] [LOG] [Fast Refresh] done in 365ms @ http://localhost:3000/_next/static/chunks/node_modules_next_dist_1e8vcs8._.js:776
[ 1781712ms] [LOG] [Fast Refresh] done in 365ms @ http://localhost:3000/_next/static/chunks/node_modules_next_dist_1e8vcs8._.js:776
[ 1781770ms] [LOG] [Fast Refresh] done in 365ms @ http://localhost:3000/_next/static/chunks/node_modules_next_dist_1e8vcs8._.js:776
[ 1781834ms] [LOG] [Fast Refresh] done in 365ms @ http://localhost:3000/_next/static/chunks/node_modules_next_dist_1e8vcs8._.js:776
[ 1781896ms] [LOG] [Fast Refresh] done in 365ms @ http://localhost:3000/_next/static/chunks/node_modules_next_dist_1e8vcs8._.js:776
[ 1781957ms] [LOG] [Fast Refresh] done in 365ms @ http://localhost:3000/_next/static/chunks/node_modules_next_dist_1e8vcs8._.js:776
[ 1782019ms] [LOG] [Fast Refresh] done in 365ms @ http://localhost:3000/_next/static/chunks/node_modules_next_dist_1e8vcs8._.js:776
[ 1782082ms] [LOG] [Fast Refresh] done in 365ms @ http://localhost:3000/_next/static/chunks/node_modules_next_dist_1e8vcs8._.js:776
[ 1782146ms] [LOG] [Fast Refresh] done in 365ms @ http://localhost:3000/_next/static/chunks/node_modules_next_dist_1e8vcs8._.js:776
[ 1782220ms] [LOG] [Fast Refresh] done in 365ms @ http://localhost:3000/_next/static/chunks/node_modules_next_dist_1e8vcs8._.js:776
[ 1782283ms] [LOG] [Fast Refresh] done in 365ms @ http://localhost:3000/_next/static/chunks/node_modules_next_dist_1e8vcs8._.js:776
[ 1782347ms] [LOG] [Fast Refresh] done in 365ms @ http://localhost:3000/_next/static/chunks/node_modules_next_dist_1e8vcs8._.js:776
[ 1782451ms] [LOG] [Fast Refresh] done in 365ms @ http://localhost:3000/_next/static/chunks/node_modules_next_dist_1e8vcs8._.js:776
[ 1782533ms] [LOG] [Fast Refresh] done in 365ms @ http://localhost:3000/_next/static/chunks/node_modules_next_dist_1e8vcs8._.js:776
[ 1782616ms] [LOG] [Fast Refresh] done in 365ms @ http://localhost:3000/_next/static/chunks/node_modules_next_dist_1e8vcs8._.js:776
[ 1782689ms] [LOG] [Fast Refresh] done in 365ms @ http://localhost:3000/_next/static/chunks/node_modules_next_dist_1e8vcs8._.js:776
[ 1782768ms] [LOG] [Fast Refresh] done in 365ms @ http://localhost:3000/_next/static/chunks/node_modules_next_dist_1e8vcs8._.js:776
[ 1782831ms] [LOG] [Fast Refresh] done in 365ms @ http://localhost:3000/_next/static/chunks/node_modules_next_dist_1e8vcs8._.js:776
[ 1782913ms] [LOG] [Fast Refresh] done in 365ms @ http://localhost:3000/_next/static/chunks/node_modules_next_dist_1e8vcs8._.js:776
[ 1782971ms] [LOG] [Fast Refresh] done in 365ms @ http://localhost:3000/_next/static/chunks/node_modules_next_dist_1e8vcs8._.js:776
[ 1783035ms] [LOG] [Fast Refresh] done in 365ms @ http://localhost:3000/_next/static/chunks/node_modules_next_dist_1e8vcs8._.js:776
[ 1783097ms] [LOG] [Fast Refresh] done in 365ms @ http://localhost:3000/_next/static/chunks/node_modules_next_dist_1e8vcs8._.js:776
[ 1783163ms] [LOG] [Fast Refresh] done in 365ms @ http://localhost:3000/_next/static/chunks/node_modules_next_dist_1e8vcs8._.js:776
[ 1783223ms] [LOG] [Fast Refresh] done in 365ms @ http://localhost:3000/_next/static/chunks/node_modules_next_dist_1e8vcs8._.js:776
[ 1783302ms] [LOG] [Fast Refresh] done in 365ms @ http://localhost:3000/_next/static/chunks/node_modules_next_dist_1e8vcs8._.js:776
[ 1783381ms] [LOG] [Fast Refresh] done in 365ms @ http://localhost:3000/_next/static/chunks/node_modules_next_dist_1e8vcs8._.js:776
[ 1783439ms] [LOG] [Fast Refresh] done in 365ms @ http://localhost:3000/_next/static/chunks/node_modules_next_dist_1e8vcs8._.js:776
[ 1783502ms] [LOG] [Fast Refresh] done in 365ms @ http://localhost:3000/_next/static/chunks/node_modules_next_dist_1e8vcs8._.js:776
[ 1783565ms] [LOG] [Fast Refresh] done in 365ms @ http://localhost:3000/_next/static/chunks/node_modules_next_dist_1e8vcs8._.js:776
[ 1783629ms] [LOG] [Fast Refresh] done in 365ms @ http://localhost:3000/_next/static/chunks/node_modules_next_dist_1e8vcs8._.js:776
[ 1783690ms] [LOG] [Fast Refresh] done in 365ms @ http://localhost:3000/_next/static/chunks/node_modules_next_dist_1e8vcs8._.js:776
[ 1783753ms] [LOG] [Fast Refresh] done in 365ms @ http://localhost:3000/_next/static/chunks/node_modules_next_dist_1e8vcs8._.js:776
[ 1783817ms] [LOG] [Fast Refresh] done in 365ms @ http://localhost:3000/_next/static/chunks/node_modules_next_dist_1e8vcs8._.js:776
[ 1783880ms] [LOG] [Fast Refresh] done in 365ms @ http://localhost:3000/_next/static/chunks/node_modules_next_dist_1e8vcs8._.js:776
[ 1783955ms] [LOG] [Fast Refresh] done in 365ms @ http://localhost:3000/_next/static/chunks/node_modules_next_dist_1e8vcs8._.js:776
[ 1784018ms] [LOG] [Fast Refresh] done in 365ms @ http://localhost:3000/_next/static/chunks/node_modules_next_dist_1e8vcs8._.js:776
[ 1784082ms] [LOG] [Fast Refresh] done in 365ms @ http://localhost:3000/_next/static/chunks/node_modules_next_dist_1e8vcs8._.js:776
[ 1784146ms] [LOG] [Fast Refresh] done in 365ms @ http://localhost:3000/_next/static/chunks/node_modules_next_dist_1e8vcs8._.js:776
[ 1784205ms] [LOG] [Fast Refresh] done in 365ms @ http://localhost:3000/_next/static/chunks/node_modules_next_dist_1e8vcs8._.js:776
[ 1784267ms] [LOG] [Fast Refresh] done in 365ms @ http://localhost:3000/_next/static/chunks/node_modules_next_dist_1e8vcs8._.js:776
[ 1784330ms] [LOG] [Fast Refresh] done in 365ms @ http://localhost:3000/_next/static/chunks/node_modules_next_dist_1e8vcs8._.js:776
[ 1784396ms] [LOG] [Fast Refresh] done in 365ms @ http://localhost:3000/_next/static/chunks/node_modules_next_dist_1e8vcs8._.js:776
[ 1784468ms] [LOG] [Fast Refresh] done in 365ms @ http://localhost:3000/_next/static/chunks/node_modules_next_dist_1e8vcs8._.js:776
[ 1784531ms] [LOG] [Fast Refresh] done in 365ms @ http://localhost:3000/_next/static/chunks/node_modules_next_dist_1e8vcs8._.js:776
[ 1784595ms] [LOG] [Fast Refresh] done in 365ms @ http://localhost:3000/_next/static/chunks/node_modules_next_dist_1e8vcs8._.js:776
[ 1784672ms] [LOG] [Fast Refresh] done in 365ms @ http://localhost:3000/_next/static/chunks/node_modules_next_dist_1e8vcs8._.js:776
[ 1784750ms] [LOG] [Fast Refresh] done in 365ms @ http://localhost:3000/_next/static/chunks/node_modules_next_dist_1e8vcs8._.js:776
[ 1784831ms] [LOG] [Fast Refresh] done in 365ms @ http://localhost:3000/_next/static/chunks/node_modules_next_dist_1e8vcs8._.js:776
[ 1784891ms] [LOG] [Fast Refresh] done in 365ms @ http://localhost:3000/_next/static/chunks/node_modules_next_dist_1e8vcs8._.js:776
[ 1784953ms] [LOG] [Fast Refresh] done in 365ms @ http://localhost:3000/_next/static/chunks/node_modules_next_dist_1e8vcs8._.js:776
[ 1785016ms] [LOG] [Fast Refresh] done in 365ms @ http://localhost:3000/_next/static/chunks/node_modules_next_dist_1e8vcs8._.js:776
[ 1785096ms] [LOG] [Fast Refresh] done in 365ms @ http://localhost:3000/_next/static/chunks/node_modules_next_dist_1e8vcs8._.js:776
[ 1785156ms] [LOG] [Fast Refresh] done in 365ms @ http://localhost:3000/_next/static/chunks/node_modules_next_dist_1e8vcs8._.js:776
[ 1785218ms] [LOG] [Fast Refresh] done in 365ms @ http://localhost:3000/_next/static/chunks/node_modules_next_dist_1e8vcs8._.js:776
[ 1785281ms] [LOG] [Fast Refresh] done in 365ms @ http://localhost:3000/_next/static/chunks/node_modules_next_dist_1e8vcs8._.js:776
[ 1785343ms] [LOG] [Fast Refresh] done in 365ms @ http://localhost:3000/_next/static/chunks/node_modules_next_dist_1e8vcs8._.js:776
[ 1785419ms] [LOG] [Fast Refresh] done in 365ms @ http://localhost:3000/_next/static/chunks/node_modules_next_dist_1e8vcs8._.js:776
[ 1785481ms] [LOG] [Fast Refresh] done in 365ms @ http://localhost:3000/_next/static/chunks/node_modules_next_dist_1e8vcs8._.js:776
[ 1785546ms] [LOG] [Fast Refresh] done in 365ms @ http://localhost:3000/_next/static/chunks/node_modules_next_dist_1e8vcs8._.js:776
[ 1785606ms] [LOG] [Fast Refresh] done in 365ms @ http://localhost:3000/_next/static/chunks/node_modules_next_dist_1e8vcs8._.js:776
[ 1785684ms] [LOG] [Fast Refresh] done in 365ms @ http://localhost:3000/_next/static/chunks/node_modules_next_dist_1e8vcs8._.js:776
[ 1785764ms] [LOG] [Fast Refresh] done in 365ms @ http://localhost:3000/_next/static/chunks/node_modules_next_dist_1e8vcs8._.js:776
[ 1785842ms] [LOG] [Fast Refresh] done in 365ms @ http://localhost:3000/_next/static/chunks/node_modules_next_dist_1e8vcs8._.js:776
[ 1785917ms] [LOG] [Fast Refresh] done in 365ms @ http://localhost:3000/_next/static/chunks/node_modules_next_dist_1e8vcs8._.js:776
[ 1786000ms] [LOG] [Fast Refresh] done in 365ms @ http://localhost:3000/_next/static/chunks/node_modules_next_dist_1e8vcs8._.js:776
[ 1786072ms] [LOG] [Fast Refresh] done in 365ms @ http://localhost:3000/_next/static/chunks/node_modules_next_dist_1e8vcs8._.js:776
[ 1786152ms] [LOG] [Fast Refresh] done in 365ms @ http://localhost:3000/_next/static/chunks/node_modules_next_dist_1e8vcs8._.js:776
[ 1786232ms] [LOG] [Fast Refresh] done in 365ms @ http://localhost:3000/_next/static/chunks/node_modules_next_dist_1e8vcs8._.js:776
[ 1786316ms] [LOG] [Fast Refresh] done in 365ms @ http://localhost:3000/_next/static/chunks/node_modules_next_dist_1e8vcs8._.js:776
[ 1786389ms] [LOG] [Fast Refresh] done in 365ms @ http://localhost:3000/_next/static/chunks/node_modules_next_dist_1e8vcs8._.js:776
[ 1786557ms] [LOG] [Fast Refresh] done in 365ms @ http://localhost:3000/_next/static/chunks/node_modules_next_dist_1e8vcs8._.js:776
[ 1786722ms] [LOG] [Fast Refresh] done in 365ms @ http://localhost:3000/_next/static/chunks/node_modules_next_dist_1e8vcs8._.js:776
[ 1786780ms] [LOG] [Fast Refresh] done in 365ms @ http://localhost:3000/_next/static/chunks/node_modules_next_dist_1e8vcs8._.js:776
[ 1786840ms] [LOG] [Fast Refresh] done in 365ms @ http://localhost:3000/_next/static/chunks/node_modules_next_dist_1e8vcs8._.js:776
[ 1786902ms] [LOG] [Fast Refresh] done in 365ms @ http://localhost:3000/_next/static/chunks/node_modules_next_dist_1e8vcs8._.js:776
[ 1786966ms] [LOG] [Fast Refresh] done in 365ms @ http://localhost:3000/_next/static/chunks/node_modules_next_dist_1e8vcs8._.js:776
[ 1787032ms] [LOG] [Fast Refresh] done in 365ms @ http://localhost:3000/_next/static/chunks/node_modules_next_dist_1e8vcs8._.js:776
[ 1787105ms] [LOG] [Fast Refresh] done in 365ms @ http://localhost:3000/_next/static/chunks/node_modules_next_dist_1e8vcs8._.js:776
[ 1787169ms] [LOG] [Fast Refresh] done in 365ms @ http://localhost:3000/_next/static/chunks/node_modules_next_dist_1e8vcs8._.js:776
[ 1787272ms] [LOG] [Fast Refresh] done in 365ms @ http://localhost:3000/_next/static/chunks/node_modules_next_dist_1e8vcs8._.js:776
[ 1787353ms] [LOG] [Fast Refresh] done in 365ms @ http://localhost:3000/_next/static/chunks/node_modules_next_dist_1e8vcs8._.js:776
[ 1787433ms] [LOG] [Fast Refresh] done in 365ms @ http://localhost:3000/_next/static/chunks/node_modules_next_dist_1e8vcs8._.js:776
[ 1787512ms] [LOG] [Fast Refresh] done in 365ms @ http://localhost:3000/_next/static/chunks/node_modules_next_dist_1e8vcs8._.js:776
[ 1787586ms] [LOG] [Fast Refresh] done in 365ms @ http://localhost:3000/_next/static/chunks/node_modules_next_dist_1e8vcs8._.js:776
[ 1787664ms] [LOG] [Fast Refresh] done in 365ms @ http://localhost:3000/_next/static/chunks/node_modules_next_dist_1e8vcs8._.js:776
[ 1787724ms] [LOG] [Fast Refresh] done in 365ms @ http://localhost:3000/_next/static/chunks/node_modules_next_dist_1e8vcs8._.js:776
[ 1787787ms] [LOG] [Fast Refresh] done in 365ms @ http://localhost:3000/_next/static/chunks/node_modules_next_dist_1e8vcs8._.js:776
[ 1787849ms] [LOG] [Fast Refresh] done in 365ms @ http://localhost:3000/_next/static/chunks/node_modules_next_dist_1e8vcs8._.js:776
[ 1787914ms] [LOG] [Fast Refresh] done in 365ms @ http://localhost:3000/_next/static/chunks/node_modules_next_dist_1e8vcs8._.js:776
[ 1787972ms] [LOG] [Fast Refresh] done in 365ms @ http://localhost:3000/_next/static/chunks/node_modules_next_dist_1e8vcs8._.js:776
[ 1788052ms] [LOG] [Fast Refresh] done in 365ms @ http://localhost:3000/_next/static/chunks/node_modules_next_dist_1e8vcs8._.js:776
[ 1788114ms] [LOG] [Fast Refresh] done in 365ms @ http://localhost:3000/_next/static/chunks/node_modules_next_dist_1e8vcs8._.js:776
[ 1788189ms] [LOG] [Fast Refresh] done in 365ms @ http://localhost:3000/_next/static/chunks/node_modules_next_dist_1e8vcs8._.js:776
[ 1788269ms] [LOG] [Fast Refresh] done in 365ms @ http://localhost:3000/_next/static/chunks/node_modules_next_dist_1e8vcs8._.js:776
[ 1788334ms] [LOG] [Fast Refresh] done in 365ms @ http://localhost:3000/_next/static/chunks/node_modules_next_dist_1e8vcs8._.js:776
[ 1788406ms] [LOG] [Fast Refresh] done in 365ms @ http://localhost:3000/_next/static/chunks/node_modules_next_dist_1e8vcs8._.js:776
[ 1788485ms] [LOG] [Fast Refresh] done in 365ms @ http://localhost:3000/_next/static/chunks/node_modules_next_dist_1e8vcs8._.js:776
[ 1788566ms] [LOG] [Fast Refresh] done in 365ms @ http://localhost:3000/_next/static/chunks/node_modules_next_dist_1e8vcs8._.js:776
[ 1788630ms] [LOG] [Fast Refresh] done in 365ms @ http://localhost:3000/_next/static/chunks/node_modules_next_dist_1e8vcs8._.js:776
[ 1788688ms] [LOG] [Fast Refresh] done in 365ms @ http://localhost:3000/_next/static/chunks/node_modules_next_dist_1e8vcs8._.js:776
[ 1788768ms] [LOG] [Fast Refresh] done in 365ms @ http://localhost:3000/_next/static/chunks/node_modules_next_dist_1e8vcs8._.js:776
[ 1788846ms] [LOG] [Fast Refresh] done in 365ms @ http://localhost:3000/_next/static/chunks/node_modules_next_dist_1e8vcs8._.js:776
[ 1788906ms] [LOG] [Fast Refresh] done in 365ms @ http://localhost:3000/_next/static/chunks/node_modules_next_dist_1e8vcs8._.js:776
[ 1788986ms] [LOG] [Fast Refresh] done in 365ms @ http://localhost:3000/_next/static/chunks/node_modules_next_dist_1e8vcs8._.js:776
[ 1789064ms] [LOG] [Fast Refresh] done in 365ms @ http://localhost:3000/_next/static/chunks/node_modules_next_dist_1e8vcs8._.js:776
[ 1789126ms] [LOG] [Fast Refresh] done in 365ms @ http://localhost:3000/_next/static/chunks/node_modules_next_dist_1e8vcs8._.js:776
[ 1789186ms] [LOG] [Fast Refresh] done in 365ms @ http://localhost:3000/_next/static/chunks/node_modules_next_dist_1e8vcs8._.js:776
[ 1789250ms] [LOG] [Fast Refresh] done in 365ms @ http://localhost:3000/_next/static/chunks/node_modules_next_dist_1e8vcs8._.js:776
[ 1789313ms] [LOG] [Fast Refresh] done in 365ms @ http://localhost:3000/_next/static/chunks/node_modules_next_dist_1e8vcs8._.js:776
[ 1789381ms] [LOG] [Fast Refresh] done in 365ms @ http://localhost:3000/_next/static/chunks/node_modules_next_dist_1e8vcs8._.js:776
[ 1789452ms] [LOG] [Fast Refresh] done in 365ms @ http://localhost:3000/_next/static/chunks/node_modules_next_dist_1e8vcs8._.js:776
[ 1789516ms] [LOG] [Fast Refresh] done in 365ms @ http://localhost:3000/_next/static/chunks/node_modules_next_dist_1e8vcs8._.js:776
[ 1789581ms] [LOG] [Fast Refresh] done in 365ms @ http://localhost:3000/_next/static/chunks/node_modules_next_dist_1e8vcs8._.js:776
[ 1789654ms] [LOG] [Fast Refresh] done in 365ms @ http://localhost:3000/_next/static/chunks/node_modules_next_dist_1e8vcs8._.js:776
[ 1789733ms] [LOG] [Fast Refresh] done in 365ms @ http://localhost:3000/_next/static/chunks/node_modules_next_dist_1e8vcs8._.js:776
[ 1789796ms] [LOG] [Fast Refresh] done in 365ms @ http://localhost:3000/_next/static/chunks/node_modules_next_dist_1e8vcs8._.js:776
[ 1789857ms] [LOG] [Fast Refresh] done in 365ms @ http://localhost:3000/_next/static/chunks/node_modules_next_dist_1e8vcs8._.js:776
[ 1789936ms] [LOG] [Fast Refresh] done in 365ms @ http://localhost:3000/_next/static/chunks/node_modules_next_dist_1e8vcs8._.js:776
[ 1789999ms] [LOG] [Fast Refresh] done in 365ms @ http://localhost:3000/_next/static/chunks/node_modules_next_dist_1e8vcs8._.js:776
[ 1790064ms] [LOG] [Fast Refresh] done in 365ms @ http://localhost:3000/_next/static/chunks/node_modules_next_dist_1e8vcs8._.js:776
[ 1790138ms] [LOG] [Fast Refresh] done in 365ms @ http://localhost:3000/_next/static/chunks/node_modules_next_dist_1e8vcs8._.js:776
[ 1790217ms] [LOG] [Fast Refresh] done in 365ms @ http://localhost:3000/_next/static/chunks/node_modules_next_dist_1e8vcs8._.js:776
[ 1790297ms] [LOG] [Fast Refresh] done in 365ms @ http://localhost:3000/_next/static/chunks/node_modules_next_dist_1e8vcs8._.js:776
[ 1790372ms] [LOG] [Fast Refresh] done in 365ms @ http://localhost:3000/_next/static/chunks/node_modules_next_dist_1e8vcs8._.js:776
[ 1790451ms] [LOG] [Fast Refresh] done in 365ms @ http://localhost:3000/_next/static/chunks/node_modules_next_dist_1e8vcs8._.js:776
[ 1790535ms] [LOG] [Fast Refresh] done in 365ms @ http://localhost:3000/_next/static/chunks/node_modules_next_dist_1e8vcs8._.js:776
[ 1790606ms] [LOG] [Fast Refresh] done in 365ms @ http://localhost:3000/_next/static/chunks/node_modules_next_dist_1e8vcs8._.js:776
[ 1790687ms] [LOG] [Fast Refresh] done in 365ms @ http://localhost:3000/_next/static/chunks/node_modules_next_dist_1e8vcs8._.js:776
[ 1790766ms] [LOG] [Fast Refresh] done in 365ms @ http://localhost:3000/_next/static/chunks/node_modules_next_dist_1e8vcs8._.js:776
[ 1790840ms] [LOG] [Fast Refresh] done in 365ms @ http://localhost:3000/_next/static/chunks/node_modules_next_dist_1e8vcs8._.js:776
[ 1790918ms] [LOG] [Fast Refresh] done in 365ms @ http://localhost:3000/_next/static/chunks/node_modules_next_dist_1e8vcs8._.js:776
[ 1790982ms] [LOG] [Fast Refresh] done in 365ms @ http://localhost:3000/_next/static/chunks/node_modules_next_dist_1e8vcs8._.js:776
[ 1791057ms] [LOG] [Fast Refresh] done in 365ms @ http://localhost:3000/_next/static/chunks/node_modules_next_dist_1e8vcs8._.js:776
[ 1791135ms] [LOG] [Fast Refresh] done in 365ms @ http://localhost:3000/_next/static/chunks/node_modules_next_dist_1e8vcs8._.js:776
[ 1791198ms] [LOG] [Fast Refresh] done in 365ms @ http://localhost:3000/_next/static/chunks/node_modules_next_dist_1e8vcs8._.js:776
[ 1791266ms] [LOG] [Fast Refresh] done in 365ms @ http://localhost:3000/_next/static/chunks/node_modules_next_dist_1e8vcs8._.js:776
[ 1791339ms] [LOG] [Fast Refresh] done in 365ms @ http://localhost:3000/_next/static/chunks/node_modules_next_dist_1e8vcs8._.js:776
[ 1791417ms] [LOG] [Fast Refresh] done in 365ms @ http://localhost:3000/_next/static/chunks/node_modules_next_dist_1e8vcs8._.js:776
[ 1791497ms] [LOG] [Fast Refresh] done in 365ms @ http://localhost:3000/_next/static/chunks/node_modules_next_dist_1e8vcs8._.js:776
[ 1791556ms] [LOG] [Fast Refresh] done in 365ms @ http://localhost:3000/_next/static/chunks/node_modules_next_dist_1e8vcs8._.js:776
[ 1791635ms] [LOG] [Fast Refresh] done in 365ms @ http://localhost:3000/_next/static/chunks/node_modules_next_dist_1e8vcs8._.js:776
[ 1791715ms] [LOG] [Fast Refresh] done in 365ms @ http://localhost:3000/_next/static/chunks/node_modules_next_dist_1e8vcs8._.js:776
[ 1791796ms] [LOG] [Fast Refresh] done in 365ms @ http://localhost:3000/_next/static/chunks/node_modules_next_dist_1e8vcs8._.js:776
[ 1791870ms] [LOG] [Fast Refresh] done in 365ms @ http://localhost:3000/_next/static/chunks/node_modules_next_dist_1e8vcs8._.js:776
[ 1791950ms] [LOG] [Fast Refresh] done in 365ms @ http://localhost:3000/_next/static/chunks/node_modules_next_dist_1e8vcs8._.js:776
[ 1792014ms] [LOG] [Fast Refresh] done in 365ms @ http://localhost:3000/_next/static/chunks/node_modules_next_dist_1e8vcs8._.js:776
[ 1792088ms] [LOG] [Fast Refresh] done in 365ms @ http://localhost:3000/_next/static/chunks/node_modules_next_dist_1e8vcs8._.js:776
[ 1792171ms] [LOG] [Fast Refresh] done in 365ms @ http://localhost:3000/_next/static/chunks/node_modules_next_dist_1e8vcs8._.js:776
[ 1792248ms] [LOG] [Fast Refresh] done in 365ms @ http://localhost:3000/_next/static/chunks/node_modules_next_dist_1e8vcs8._.js:776
[ 1792319ms] [LOG] [Fast Refresh] done in 365ms @ http://localhost:3000/_next/static/chunks/node_modules_next_dist_1e8vcs8._.js:776
[ 1792398ms] [LOG] [Fast Refresh] done in 365ms @ http://localhost:3000/_next/static/chunks/node_modules_next_dist_1e8vcs8._.js:776
[ 1792481ms] [LOG] [Fast Refresh] done in 365ms @ http://localhost:3000/_next/static/chunks/node_modules_next_dist_1e8vcs8._.js:776
[ 1792554ms] [LOG] [Fast Refresh] done in 365ms @ http://localhost:3000/_next/static/chunks/node_modules_next_dist_1e8vcs8._.js:776
[ 1792634ms] [LOG] [Fast Refresh] done in 365ms @ http://localhost:3000/_next/static/chunks/node_modules_next_dist_1e8vcs8._.js:776
[ 1792715ms] [LOG] [Fast Refresh] done in 365ms @ http://localhost:3000/_next/static/chunks/node_modules_next_dist_1e8vcs8._.js:776
[ 1792789ms] [LOG] [Fast Refresh] done in 365ms @ http://localhost:3000/_next/static/chunks/node_modules_next_dist_1e8vcs8._.js:776
[ 1792866ms] [LOG] [Fast Refresh] done in 365ms @ http://localhost:3000/_next/static/chunks/node_modules_next_dist_1e8vcs8._.js:776
[ 1792946ms] [LOG] [Fast Refresh] done in 365ms @ http://localhost:3000/_next/static/chunks/node_modules_next_dist_1e8vcs8._.js:776
[ 1793006ms] [LOG] [Fast Refresh] done in 365ms @ http://localhost:3000/_next/static/chunks/node_modules_next_dist_1e8vcs8._.js:776
[ 1793069ms] [LOG] [Fast Refresh] done in 365ms @ http://localhost:3000/_next/static/chunks/node_modules_next_dist_1e8vcs8._.js:776
[ 1793151ms] [LOG] [Fast Refresh] done in 365ms @ http://localhost:3000/_next/static/chunks/node_modules_next_dist_1e8vcs8._.js:776
[ 1793214ms] [LOG] [Fast Refresh] done in 365ms @ http://localhost:3000/_next/static/chunks/node_modules_next_dist_1e8vcs8._.js:776
[ 1793289ms] [LOG] [Fast Refresh] done in 365ms @ http://localhost:3000/_next/static/chunks/node_modules_next_dist_1e8vcs8._.js:776
[ 1793366ms] [LOG] [Fast Refresh] done in 365ms @ http://localhost:3000/_next/static/chunks/node_modules_next_dist_1e8vcs8._.js:776
[ 1793435ms] [LOG] [Fast Refresh] done in 365ms @ http://localhost:3000/_next/static/chunks/node_modules_next_dist_1e8vcs8._.js:776
[ 1793505ms] [LOG] [Fast Refresh] done in 365ms @ http://localhost:3000/_next/static/chunks/node_modules_next_dist_1e8vcs8._.js:776
[ 1793585ms] [LOG] [Fast Refresh] done in 365ms @ http://localhost:3000/_next/static/chunks/node_modules_next_dist_1e8vcs8._.js:776
[ 1793664ms] [LOG] [Fast Refresh] done in 365ms @ http://localhost:3000/_next/static/chunks/node_modules_next_dist_1e8vcs8._.js:776
[ 1793745ms] [LOG] [Fast Refresh] done in 365ms @ http://localhost:3000/_next/static/chunks/node_modules_next_dist_1e8vcs8._.js:776
[ 1793820ms] [LOG] [Fast Refresh] done in 365ms @ http://localhost:3000/_next/static/chunks/node_modules_next_dist_1e8vcs8._.js:776
[ 1793900ms] [LOG] [Fast Refresh] done in 365ms @ http://localhost:3000/_next/static/chunks/node_modules_next_dist_1e8vcs8._.js:776
[ 1793966ms] [LOG] [Fast Refresh] done in 365ms @ http://localhost:3000/_next/static/chunks/node_modules_next_dist_1e8vcs8._.js:776
[ 1794041ms] [LOG] [Fast Refresh] done in 365ms @ http://localhost:3000/_next/static/chunks/node_modules_next_dist_1e8vcs8._.js:776
[ 1794118ms] [LOG] [Fast Refresh] done in 365ms @ http://localhost:3000/_next/static/chunks/node_modules_next_dist_1e8vcs8._.js:776
[ 1794202ms] [LOG] [Fast Refresh] done in 365ms @ http://localhost:3000/_next/static/chunks/node_modules_next_dist_1e8vcs8._.js:776
[ 1794273ms] [LOG] [Fast Refresh] done in 365ms @ http://localhost:3000/_next/static/chunks/node_modules_next_dist_1e8vcs8._.js:776
[ 1794336ms] [LOG] [Fast Refresh] done in 365ms @ http://localhost:3000/_next/static/chunks/node_modules_next_dist_1e8vcs8._.js:776
[ 1794417ms] [LOG] [Fast Refresh] done in 365ms @ http://localhost:3000/_next/static/chunks/node_modules_next_dist_1e8vcs8._.js:776
[ 1794481ms] [LOG] [Fast Refresh] done in 365ms @ http://localhost:3000/_next/static/chunks/node_modules_next_dist_1e8vcs8._.js:776
[ 1794557ms] [LOG] [Fast Refresh] done in 365ms @ http://localhost:3000/_next/static/chunks/node_modules_next_dist_1e8vcs8._.js:776
[ 1794649ms] [LOG] [Fast Refresh] done in 365ms @ http://localhost:3000/_next/static/chunks/node_modules_next_dist_1e8vcs8._.js:776
[ 1794715ms] [LOG] [Fast Refresh] done in 365ms @ http://localhost:3000/_next/static/chunks/node_modules_next_dist_1e8vcs8._.js:776
[ 1794771ms] [LOG] [Fast Refresh] done in 365ms @ http://localhost:3000/_next/static/chunks/node_modules_next_dist_1e8vcs8._.js:776
[ 1794835ms] [LOG] [Fast Refresh] done in 365ms @ http://localhost:3000/_next/static/chunks/node_modules_next_dist_1e8vcs8._.js:776
[ 1794898ms] [LOG] [Fast Refresh] done in 365ms @ http://localhost:3000/_next/static/chunks/node_modules_next_dist_1e8vcs8._.js:776
[ 1794981ms] [LOG] [Fast Refresh] done in 365ms @ http://localhost:3000/_next/static/chunks/node_modules_next_dist_1e8vcs8._.js:776
[ 1795039ms] [LOG] [Fast Refresh] done in 365ms @ http://localhost:3000/_next/static/chunks/node_modules_next_dist_1e8vcs8._.js:776
[ 1795118ms] [LOG] [Fast Refresh] done in 365ms @ http://localhost:3000/_next/static/chunks/node_modules_next_dist_1e8vcs8._.js:776
[ 1795199ms] [LOG] [Fast Refresh] done in 365ms @ http://localhost:3000/_next/static/chunks/node_modules_next_dist_1e8vcs8._.js:776
[ 1795257ms] [LOG] [Fast Refresh] done in 365ms @ http://localhost:3000/_next/static/chunks/node_modules_next_dist_1e8vcs8._.js:776
[ 1795335ms] [LOG] [Fast Refresh] done in 365ms @ http://localhost:3000/_next/static/chunks/node_modules_next_dist_1e8vcs8._.js:776
[ 1795400ms] [LOG] [Fast Refresh] done in 365ms @ http://localhost:3000/_next/static/chunks/node_modules_next_dist_1e8vcs8._.js:776
[ 1795465ms] [LOG] [Fast Refresh] done in 365ms @ http://localhost:3000/_next/static/chunks/node_modules_next_dist_1e8vcs8._.js:776
[ 1795539ms] [LOG] [Fast Refresh] done in 365ms @ http://localhost:3000/_next/static/chunks/node_modules_next_dist_1e8vcs8._.js:776
[ 1795617ms] [LOG] [Fast Refresh] done in 365ms @ http://localhost:3000/_next/static/chunks/node_modules_next_dist_1e8vcs8._.js:776
[ 1795697ms] [LOG] [Fast Refresh] done in 365ms @ http://localhost:3000/_next/static/chunks/node_modules_next_dist_1e8vcs8._.js:776
[ 1795770ms] [LOG] [Fast Refresh] done in 365ms @ http://localhost:3000/_next/static/chunks/node_modules_next_dist_1e8vcs8._.js:776
[ 1795850ms] [LOG] [Fast Refresh] done in 365ms @ http://localhost:3000/_next/static/chunks/node_modules_next_dist_1e8vcs8._.js:776
[ 1795932ms] [LOG] [Fast Refresh] done in 365ms @ http://localhost:3000/_next/static/chunks/node_modules_next_dist_1e8vcs8._.js:776
[ 1796004ms] [LOG] [Fast Refresh] done in 365ms @ http://localhost:3000/_next/static/chunks/node_modules_next_dist_1e8vcs8._.js:776
[ 1796082ms] [LOG] [Fast Refresh] done in 365ms @ http://localhost:3000/_next/static/chunks/node_modules_next_dist_1e8vcs8._.js:776
[ 1796148ms] [LOG] [Fast Refresh] done in 365ms @ http://localhost:3000/_next/static/chunks/node_modules_next_dist_1e8vcs8._.js:776
[ 1796220ms] [LOG] [Fast Refresh] done in 365ms @ http://localhost:3000/_next/static/chunks/node_modules_next_dist_1e8vcs8._.js:776
[ 1796302ms] [LOG] [Fast Refresh] done in 365ms @ http://localhost:3000/_next/static/chunks/node_modules_next_dist_1e8vcs8._.js:776
[ 1796376ms] [LOG] [Fast Refresh] done in 365ms @ http://localhost:3000/_next/static/chunks/node_modules_next_dist_1e8vcs8._.js:776
[ 1796454ms] [LOG] [Fast Refresh] done in 365ms @ http://localhost:3000/_next/static/chunks/node_modules_next_dist_1e8vcs8._.js:776
[ 1796551ms] [LOG] [Fast Refresh] done in 365ms @ http://localhost:3000/_next/static/chunks/node_modules_next_dist_1e8vcs8._.js:776
[ 1796623ms] [LOG] [Fast Refresh] done in 365ms @ http://localhost:3000/_next/static/chunks/node_modules_next_dist_1e8vcs8._.js:776
[ 1796723ms] [LOG] [Fast Refresh] done in 365ms @ http://localhost:3000/_next/static/chunks/node_modules_next_dist_1e8vcs8._.js:776
[ 1796825ms] [LOG] [Fast Refresh] done in 365ms @ http://localhost:3000/_next/static/chunks/node_modules_next_dist_1e8vcs8._.js:776
[ 1796921ms] [LOG] [Fast Refresh] done in 365ms @ http://localhost:3000/_next/static/chunks/node_modules_next_dist_1e8vcs8._.js:776
[ 1797002ms] [LOG] [Fast Refresh] done in 365ms @ http://localhost:3000/_next/static/chunks/node_modules_next_dist_1e8vcs8._.js:776
[ 1797073ms] [LOG] [Fast Refresh] done in 365ms @ http://localhost:3000/_next/static/chunks/node_modules_next_dist_1e8vcs8._.js:776
[ 1797150ms] [LOG] [Fast Refresh] done in 365ms @ http://localhost:3000/_next/static/chunks/node_modules_next_dist_1e8vcs8._.js:776
[ 1797232ms] [LOG] [Fast Refresh] done in 365ms @ http://localhost:3000/_next/static/chunks/node_modules_next_dist_1e8vcs8._.js:776
[ 1797290ms] [LOG] [Fast Refresh] done in 365ms @ http://localhost:3000/_next/static/chunks/node_modules_next_dist_1e8vcs8._.js:776
[ 1797371ms] [LOG] [Fast Refresh] done in 365ms @ http://localhost:3000/_next/static/chunks/node_modules_next_dist_1e8vcs8._.js:776
[ 1797465ms] [LOG] [Fast Refresh] done in 365ms @ http://localhost:3000/_next/static/chunks/node_modules_next_dist_1e8vcs8._.js:776
[ 1797523ms] [LOG] [Fast Refresh] done in 365ms @ http://localhost:3000/_next/static/chunks/node_modules_next_dist_1e8vcs8._.js:776
[ 1797586ms] [LOG] [Fast Refresh] done in 365ms @ http://localhost:3000/_next/static/chunks/node_modules_next_dist_1e8vcs8._.js:776
[ 1797649ms] [LOG] [Fast Refresh] done in 365ms @ http://localhost:3000/_next/static/chunks/node_modules_next_dist_1e8vcs8._.js:776
[ 1797729ms] [LOG] [Fast Refresh] done in 365ms @ http://localhost:3000/_next/static/chunks/node_modules_next_dist_1e8vcs8._.js:776
[ 1797803ms] [LOG] [Fast Refresh] done in 365ms @ http://localhost:3000/_next/static/chunks/node_modules_next_dist_1e8vcs8._.js:776
[ 1797883ms] [LOG] [Fast Refresh] done in 365ms @ http://localhost:3000/_next/static/chunks/node_modules_next_dist_1e8vcs8._.js:776
[ 1797964ms] [LOG] [Fast Refresh] done in 365ms @ http://localhost:3000/_next/static/chunks/node_modules_next_dist_1e8vcs8._.js:776
[ 1798040ms] [LOG] [Fast Refresh] done in 365ms @ http://localhost:3000/_next/static/chunks/node_modules_next_dist_1e8vcs8._.js:776
[ 1798200ms] [LOG] [Fast Refresh] done in 365ms @ http://localhost:3000/_next/static/chunks/node_modules_next_dist_1e8vcs8._.js:776
[ 1798287ms] [LOG] [Fast Refresh] done in 365ms @ http://localhost:3000/_next/static/chunks/node_modules_next_dist_1e8vcs8._.js:776
[ 1798368ms] [LOG] [Fast Refresh] done in 365ms @ http://localhost:3000/_next/static/chunks/node_modules_next_dist_1e8vcs8._.js:776
[ 1798441ms] [LOG] [Fast Refresh] done in 365ms @ http://localhost:3000/_next/static/chunks/node_modules_next_dist_1e8vcs8._.js:776
[ 1798519ms] [LOG] [Fast Refresh] done in 365ms @ http://localhost:3000/_next/static/chunks/node_modules_next_dist_1e8vcs8._.js:776
[ 1798599ms] [LOG] [Fast Refresh] done in 365ms @ http://localhost:3000/_next/static/chunks/node_modules_next_dist_1e8vcs8._.js:776
[ 1798680ms] [LOG] [Fast Refresh] done in 365ms @ http://localhost:3000/_next/static/chunks/node_modules_next_dist_1e8vcs8._.js:776
[ 1798753ms] [LOG] [Fast Refresh] done in 365ms @ http://localhost:3000/_next/static/chunks/node_modules_next_dist_1e8vcs8._.js:776
[ 1798834ms] [LOG] [Fast Refresh] done in 365ms @ http://localhost:3000/_next/static/chunks/node_modules_next_dist_1e8vcs8._.js:776
[ 1798916ms] [LOG] [Fast Refresh] done in 365ms @ http://localhost:3000/_next/static/chunks/node_modules_next_dist_1e8vcs8._.js:776
[ 1798974ms] [LOG] [Fast Refresh] done in 365ms @ http://localhost:3000/_next/static/chunks/node_modules_next_dist_1e8vcs8._.js:776
[ 1799052ms] [LOG] [Fast Refresh] done in 365ms @ http://localhost:3000/_next/static/chunks/node_modules_next_dist_1e8vcs8._.js:776
[ 1799117ms] [LOG] [Fast Refresh] done in 365ms @ http://localhost:3000/_next/static/chunks/node_modules_next_dist_1e8vcs8._.js:776
[ 1799181ms] [LOG] [Fast Refresh] done in 365ms @ http://localhost:3000/_next/static/chunks/node_modules_next_dist_1e8vcs8._.js:776
[ 1799240ms] [LOG] [Fast Refresh] done in 365ms @ http://localhost:3000/_next/static/chunks/node_modules_next_dist_1e8vcs8._.js:776
[ 1799318ms] [LOG] [Fast Refresh] done in 365ms @ http://localhost:3000/_next/static/chunks/node_modules_next_dist_1e8vcs8._.js:776
[ 1799382ms] [LOG] [Fast Refresh] done in 365ms @ http://localhost:3000/_next/static/chunks/node_modules_next_dist_1e8vcs8._.js:776
[ 1799443ms] [LOG] [Fast Refresh] done in 365ms @ http://localhost:3000/_next/static/chunks/node_modules_next_dist_1e8vcs8._.js:776
[ 1799519ms] [LOG] [Fast Refresh] done in 365ms @ http://localhost:3000/_next/static/chunks/node_modules_next_dist_1e8vcs8._.js:776
[ 1799598ms] [LOG] [Fast Refresh] done in 365ms @ http://localhost:3000/_next/static/chunks/node_modules_next_dist_1e8vcs8._.js:776
[ 1799662ms] [LOG] [Fast Refresh] done in 365ms @ http://localhost:3000/_next/static/chunks/node_modules_next_dist_1e8vcs8._.js:776
[ 1799737ms] [LOG] [Fast Refresh] done in 365ms @ http://localhost:3000/_next/static/chunks/node_modules_next_dist_1e8vcs8._.js:776
[ 1799800ms] [LOG] [Fast Refresh] done in 365ms @ http://localhost:3000/_next/static/chunks/node_modules_next_dist_1e8vcs8._.js:776
[ 1799863ms] [LOG] [Fast Refresh] done in 365ms @ http://localhost:3000/_next/static/chunks/node_modules_next_dist_1e8vcs8._.js:776
[ 1799926ms] [LOG] [Fast Refresh] done in 365ms @ http://localhost:3000/_next/static/chunks/node_modules_next_dist_1e8vcs8._.js:776
[ 1799986ms] [LOG] [Fast Refresh] done in 365ms @ http://localhost:3000/_next/static/chunks/node_modules_next_dist_1e8vcs8._.js:776
[ 1800064ms] [LOG] [Fast Refresh] done in 365ms @ http://localhost:3000/_next/static/chunks/node_modules_next_dist_1e8vcs8._.js:776
[ 1800129ms] [LOG] [Fast Refresh] done in 365ms @ http://localhost:3000/_next/static/chunks/node_modules_next_dist_1e8vcs8._.js:776
[ 1800186ms] [LOG] [Fast Refresh] done in 365ms @ http://localhost:3000/_next/static/chunks/node_modules_next_dist_1e8vcs8._.js:776
[ 1800266ms] [LOG] [Fast Refresh] done in 365ms @ http://localhost:3000/_next/static/chunks/node_modules_next_dist_1e8vcs8._.js:776
[ 1800331ms] [LOG] [Fast Refresh] done in 365ms @ http://localhost:3000/_next/static/chunks/node_modules_next_dist_1e8vcs8._.js:776
[ 1800389ms] [LOG] [Fast Refresh] done in 365ms @ http://localhost:3000/_next/static/chunks/node_modules_next_dist_1e8vcs8._.js:776
[ 1800467ms] [LOG] [Fast Refresh] done in 365ms @ http://localhost:3000/_next/static/chunks/node_modules_next_dist_1e8vcs8._.js:776
[ 1800532ms] [LOG] [Fast Refresh] done in 365ms @ http://localhost:3000/_next/static/chunks/node_modules_next_dist_1e8vcs8._.js:776
[ 1800614ms] [LOG] [Fast Refresh] done in 365ms @ http://localhost:3000/_next/static/chunks/node_modules_next_dist_1e8vcs8._.js:776
[ 1800689ms] [LOG] [Fast Refresh] done in 365ms @ http://localhost:3000/_next/static/chunks/node_modules_next_dist_1e8vcs8._.js:776
[ 1800767ms] [LOG] [Fast Refresh] done in 365ms @ http://localhost:3000/_next/static/chunks/node_modules_next_dist_1e8vcs8._.js:776
[ 1800846ms] [LOG] [Fast Refresh] done in 365ms @ http://localhost:3000/_next/static/chunks/node_modules_next_dist_1e8vcs8._.js:776
[ 1800920ms] [LOG] [Fast Refresh] done in 365ms @ http://localhost:3000/_next/static/chunks/node_modules_next_dist_1e8vcs8._.js:776
[ 1801001ms] [LOG] [Fast Refresh] done in 365ms @ http://localhost:3000/_next/static/chunks/node_modules_next_dist_1e8vcs8._.js:776
[ 1801083ms] [LOG] [Fast Refresh] done in 365ms @ http://localhost:3000/_next/static/chunks/node_modules_next_dist_1e8vcs8._.js:776
[ 1801156ms] [LOG] [Fast Refresh] done in 365ms @ http://localhost:3000/_next/static/chunks/node_modules_next_dist_1e8vcs8._.js:776
[ 1801235ms] [LOG] [Fast Refresh] done in 365ms @ http://localhost:3000/_next/static/chunks/node_modules_next_dist_1e8vcs8._.js:776
[ 1801317ms] [LOG] [Fast Refresh] done in 365ms @ http://localhost:3000/_next/static/chunks/node_modules_next_dist_1e8vcs8._.js:776
[ 1801390ms] [LOG] [Fast Refresh] done in 365ms @ http://localhost:3000/_next/static/chunks/node_modules_next_dist_1e8vcs8._.js:776
[ 1801468ms] [LOG] [Fast Refresh] done in 365ms @ http://localhost:3000/_next/static/chunks/node_modules_next_dist_1e8vcs8._.js:776
[ 1801551ms] [LOG] [Fast Refresh] done in 365ms @ http://localhost:3000/_next/static/chunks/node_modules_next_dist_1e8vcs8._.js:776
[ 1801622ms] [LOG] [Fast Refresh] done in 365ms @ http://localhost:3000/_next/static/chunks/node_modules_next_dist_1e8vcs8._.js:776
[ 1801701ms] [LOG] [Fast Refresh] done in 365ms @ http://localhost:3000/_next/static/chunks/node_modules_next_dist_1e8vcs8._.js:776
[ 1801782ms] [LOG] [Fast Refresh] done in 365ms @ http://localhost:3000/_next/static/chunks/node_modules_next_dist_1e8vcs8._.js:776
[ 1801854ms] [LOG] [Fast Refresh] done in 365ms @ http://localhost:3000/_next/static/chunks/node_modules_next_dist_1e8vcs8._.js:776
[ 1801933ms] [LOG] [Fast Refresh] done in 365ms @ http://localhost:3000/_next/static/chunks/node_modules_next_dist_1e8vcs8._.js:776
[ 1802000ms] [LOG] [Fast Refresh] done in 365ms @ http://localhost:3000/_next/static/chunks/node_modules_next_dist_1e8vcs8._.js:776
[ 1802064ms] [LOG] [Fast Refresh] done in 365ms @ http://localhost:3000/_next/static/chunks/node_modules_next_dist_1e8vcs8._.js:776
[ 1802138ms] [LOG] [Fast Refresh] done in 365ms @ http://localhost:3000/_next/static/chunks/node_modules_next_dist_1e8vcs8._.js:776
[ 1802216ms] [LOG] [Fast Refresh] done in 365ms @ http://localhost:3000/_next/static/chunks/node_modules_next_dist_1e8vcs8._.js:776
[ 1802297ms] [LOG] [Fast Refresh] done in 365ms @ http://localhost:3000/_next/static/chunks/node_modules_next_dist_1e8vcs8._.js:776
[ 1802372ms] [LOG] [Fast Refresh] done in 365ms @ http://localhost:3000/_next/static/chunks/node_modules_next_dist_1e8vcs8._.js:776
[ 1802450ms] [LOG] [Fast Refresh] done in 365ms @ http://localhost:3000/_next/static/chunks/node_modules_next_dist_1e8vcs8._.js:776
[ 1802531ms] [LOG] [Fast Refresh] done in 365ms @ http://localhost:3000/_next/static/chunks/node_modules_next_dist_1e8vcs8._.js:776
[ 1802604ms] [LOG] [Fast Refresh] done in 365ms @ http://localhost:3000/_next/static/chunks/node_modules_next_dist_1e8vcs8._.js:776
[ 1802683ms] [LOG] [Fast Refresh] done in 365ms @ http://localhost:3000/_next/static/chunks/node_modules_next_dist_1e8vcs8._.js:776
[ 1802763ms] [LOG] [Fast Refresh] done in 365ms @ http://localhost:3000/_next/static/chunks/node_modules_next_dist_1e8vcs8._.js:776
[ 1802837ms] [LOG] [Fast Refresh] done in 365ms @ http://localhost:3000/_next/static/chunks/node_modules_next_dist_1e8vcs8._.js:776
[ 1802916ms] [LOG] [Fast Refresh] done in 365ms @ http://localhost:3000/_next/static/chunks/node_modules_next_dist_1e8vcs8._.js:776
[ 1802997ms] [LOG] [Fast Refresh] done in 365ms @ http://localhost:3000/_next/static/chunks/node_modules_next_dist_1e8vcs8._.js:776
[ 1803071ms] [LOG] [Fast Refresh] done in 365ms @ http://localhost:3000/_next/static/chunks/node_modules_next_dist_1e8vcs8._.js:776
[ 1803151ms] [LOG] [Fast Refresh] done in 365ms @ http://localhost:3000/_next/static/chunks/node_modules_next_dist_1e8vcs8._.js:776
[ 1803214ms] [LOG] [Fast Refresh] done in 365ms @ http://localhost:3000/_next/static/chunks/node_modules_next_dist_1e8vcs8._.js:776
[ 1803290ms] [LOG] [Fast Refresh] done in 365ms @ http://localhost:3000/_next/static/chunks/node_modules_next_dist_1e8vcs8._.js:776
[ 1803351ms] [LOG] [Fast Refresh] done in 365ms @ http://localhost:3000/_next/static/chunks/node_modules_next_dist_1e8vcs8._.js:776
[ 1803413ms] [LOG] [Fast Refresh] done in 365ms @ http://localhost:3000/_next/static/chunks/node_modules_next_dist_1e8vcs8._.js:776
[ 1803490ms] [LOG] [Fast Refresh] done in 365ms @ http://localhost:3000/_next/static/chunks/node_modules_next_dist_1e8vcs8._.js:776
[ 1803570ms] [LOG] [Fast Refresh] done in 365ms @ http://localhost:3000/_next/static/chunks/node_modules_next_dist_1e8vcs8._.js:776
[ 1803634ms] [LOG] [Fast Refresh] done in 365ms @ http://localhost:3000/_next/static/chunks/node_modules_next_dist_1e8vcs8._.js:776
[ 1803695ms] [LOG] [Fast Refresh] done in 365ms @ http://localhost:3000/_next/static/chunks/node_modules_next_dist_1e8vcs8._.js:776
[ 1803757ms] [LOG] [Fast Refresh] done in 365ms @ http://localhost:3000/_next/static/chunks/node_modules_next_dist_1e8vcs8._.js:776
[ 1803819ms] [LOG] [Fast Refresh] done in 365ms @ http://localhost:3000/_next/static/chunks/node_modules_next_dist_1e8vcs8._.js:776
[ 1803883ms] [LOG] [Fast Refresh] done in 365ms @ http://localhost:3000/_next/static/chunks/node_modules_next_dist_1e8vcs8._.js:776
[ 1803946ms] [LOG] [Fast Refresh] done in 365ms @ http://localhost:3000/_next/static/chunks/node_modules_next_dist_1e8vcs8._.js:776
[ 1804007ms] [LOG] [Fast Refresh] done in 365ms @ http://localhost:3000/_next/static/chunks/node_modules_next_dist_1e8vcs8._.js:776
[ 1804070ms] [LOG] [Fast Refresh] done in 365ms @ http://localhost:3000/_next/static/chunks/node_modules_next_dist_1e8vcs8._.js:776
[ 1804134ms] [LOG] [Fast Refresh] done in 365ms @ http://localhost:3000/_next/static/chunks/node_modules_next_dist_1e8vcs8._.js:776
[ 1804196ms] [LOG] [Fast Refresh] done in 365ms @ http://localhost:3000/_next/static/chunks/node_modules_next_dist_1e8vcs8._.js:776
[ 1804257ms] [LOG] [Fast Refresh] done in 365ms @ http://localhost:3000/_next/static/chunks/node_modules_next_dist_1e8vcs8._.js:776
[ 1804336ms] [LOG] [Fast Refresh] done in 365ms @ http://localhost:3000/_next/static/chunks/node_modules_next_dist_1e8vcs8._.js:776
[ 1804416ms] [LOG] [Fast Refresh] done in 365ms @ http://localhost:3000/_next/static/chunks/node_modules_next_dist_1e8vcs8._.js:776
[ 1804480ms] [LOG] [Fast Refresh] done in 365ms @ http://localhost:3000/_next/static/chunks/node_modules_next_dist_1e8vcs8._.js:776
[ 1804540ms] [LOG] [Fast Refresh] done in 365ms @ http://localhost:3000/_next/static/chunks/node_modules_next_dist_1e8vcs8._.js:776
[ 1804619ms] [LOG] [Fast Refresh] done in 365ms @ http://localhost:3000/_next/static/chunks/node_modules_next_dist_1e8vcs8._.js:776
[ 1804682ms] [LOG] [Fast Refresh] done in 365ms @ http://localhost:3000/_next/static/chunks/node_modules_next_dist_1e8vcs8._.js:776
[ 1804766ms] [LOG] [Fast Refresh] done in 365ms @ http://localhost:3000/_next/static/chunks/node_modules_next_dist_1e8vcs8._.js:776
[ 1804823ms] [LOG] [Fast Refresh] done in 365ms @ http://localhost:3000/_next/static/chunks/node_modules_next_dist_1e8vcs8._.js:776
[ 1804901ms] [LOG] [Fast Refresh] done in 365ms @ http://localhost:3000/_next/static/chunks/node_modules_next_dist_1e8vcs8._.js:776
[ 1804981ms] [LOG] [Fast Refresh] done in 365ms @ http://localhost:3000/_next/static/chunks/node_modules_next_dist_1e8vcs8._.js:776
[ 1805063ms] [LOG] [Fast Refresh] done in 365ms @ http://localhost:3000/_next/static/chunks/node_modules_next_dist_1e8vcs8._.js:776
[ 1805122ms] [LOG] [Fast Refresh] done in 365ms @ http://localhost:3000/_next/static/chunks/node_modules_next_dist_1e8vcs8._.js:776
[ 1805202ms] [LOG] [Fast Refresh] done in 365ms @ http://localhost:3000/_next/static/chunks/node_modules_next_dist_1e8vcs8._.js:776
[ 1805268ms] [LOG] [Fast Refresh] done in 365ms @ http://localhost:3000/_next/static/chunks/node_modules_next_dist_1e8vcs8._.js:776
[ 1805350ms] [LOG] [Fast Refresh] done in 365ms @ http://localhost:3000/_next/static/chunks/node_modules_next_dist_1e8vcs8._.js:776
[ 1805420ms] [LOG] [Fast Refresh] done in 365ms @ http://localhost:3000/_next/static/chunks/node_modules_next_dist_1e8vcs8._.js:776
[ 1805500ms] [LOG] [Fast Refresh] done in 365ms @ http://localhost:3000/_next/static/chunks/node_modules_next_dist_1e8vcs8._.js:776
[ 1805565ms] [LOG] [Fast Refresh] done in 365ms @ http://localhost:3000/_next/static/chunks/node_modules_next_dist_1e8vcs8._.js:776
[ 1805640ms] [LOG] [Fast Refresh] done in 365ms @ http://localhost:3000/_next/static/chunks/node_modules_next_dist_1e8vcs8._.js:776
[ 1805737ms] [LOG] [Fast Refresh] done in 365ms @ http://localhost:3000/_next/static/chunks/node_modules_next_dist_1e8vcs8._.js:776
[ 1805814ms] [LOG] [Fast Refresh] done in 365ms @ http://localhost:3000/_next/static/chunks/node_modules_next_dist_1e8vcs8._.js:776
[ 1805890ms] [LOG] [Fast Refresh] done in 365ms @ http://localhost:3000/_next/static/chunks/node_modules_next_dist_1e8vcs8._.js:776
[ 1805968ms] [LOG] [Fast Refresh] done in 365ms @ http://localhost:3000/_next/static/chunks/node_modules_next_dist_1e8vcs8._.js:776
[ 1806053ms] [LOG] [Fast Refresh] done in 365ms @ http://localhost:3000/_next/static/chunks/node_modules_next_dist_1e8vcs8._.js:776
[ 1806123ms] [LOG] [Fast Refresh] done in 365ms @ http://localhost:3000/_next/static/chunks/node_modules_next_dist_1e8vcs8._.js:776
[ 1806203ms] [LOG] [Fast Refresh] done in 365ms @ http://localhost:3000/_next/static/chunks/node_modules_next_dist_1e8vcs8._.js:776
[ 1806282ms] [LOG] [Fast Refresh] done in 365ms @ http://localhost:3000/_next/static/chunks/node_modules_next_dist_1e8vcs8._.js:776
[ 1806356ms] [LOG] [Fast Refresh] done in 365ms @ http://localhost:3000/_next/static/chunks/node_modules_next_dist_1e8vcs8._.js:776
[ 1806435ms] [LOG] [Fast Refresh] done in 365ms @ http://localhost:3000/_next/static/chunks/node_modules_next_dist_1e8vcs8._.js:776
[ 1806515ms] [LOG] [Fast Refresh] done in 365ms @ http://localhost:3000/_next/static/chunks/node_modules_next_dist_1e8vcs8._.js:776
[ 1806601ms] [LOG] [Fast Refresh] done in 365ms @ http://localhost:3000/_next/static/chunks/node_modules_next_dist_1e8vcs8._.js:776
[ 1806669ms] [LOG] [Fast Refresh] done in 365ms @ http://localhost:3000/_next/static/chunks/node_modules_next_dist_1e8vcs8._.js:776
[ 1806752ms] [LOG] [Fast Refresh] done in 365ms @ http://localhost:3000/_next/static/chunks/node_modules_next_dist_1e8vcs8._.js:776
[ 1806887ms] [LOG] [Fast Refresh] done in 365ms @ http://localhost:3000/_next/static/chunks/node_modules_next_dist_1e8vcs8._.js:776
[ 1807000ms] [LOG] [Fast Refresh] done in 365ms @ http://localhost:3000/_next/static/chunks/node_modules_next_dist_1e8vcs8._.js:776
[ 1807071ms] [LOG] [Fast Refresh] done in 365ms @ http://localhost:3000/_next/static/chunks/node_modules_next_dist_1e8vcs8._.js:776
[ 1807149ms] [LOG] [Fast Refresh] done in 365ms @ http://localhost:3000/_next/static/chunks/node_modules_next_dist_1e8vcs8._.js:776
[ 1807229ms] [LOG] [Fast Refresh] done in 365ms @ http://localhost:3000/_next/static/chunks/node_modules_next_dist_1e8vcs8._.js:776
[ 1807303ms] [LOG] [Fast Refresh] done in 365ms @ http://localhost:3000/_next/static/chunks/node_modules_next_dist_1e8vcs8._.js:776
[ 1807381ms] [LOG] [Fast Refresh] done in 365ms @ http://localhost:3000/_next/static/chunks/node_modules_next_dist_1e8vcs8._.js:776
[ 1807457ms] [LOG] [Fast Refresh] done in 365ms @ http://localhost:3000/_next/static/chunks/node_modules_next_dist_1e8vcs8._.js:776
[ 1807520ms] [LOG] [Fast Refresh] done in 365ms @ http://localhost:3000/_next/static/chunks/node_modules_next_dist_1e8vcs8._.js:776
[ 1807599ms] [LOG] [Fast Refresh] done in 365ms @ http://localhost:3000/_next/static/chunks/node_modules_next_dist_1e8vcs8._.js:776
[ 1807664ms] [LOG] [Fast Refresh] done in 365ms @ http://localhost:3000/_next/static/chunks/node_modules_next_dist_1e8vcs8._.js:776
[ 1807737ms] [LOG] [Fast Refresh] done in 365ms @ http://localhost:3000/_next/static/chunks/node_modules_next_dist_1e8vcs8._.js:776
[ 1807816ms] [LOG] [Fast Refresh] done in 365ms @ http://localhost:3000/_next/static/chunks/node_modules_next_dist_1e8vcs8._.js:776
[ 1807881ms] [LOG] [Fast Refresh] done in 365ms @ http://localhost:3000/_next/static/chunks/node_modules_next_dist_1e8vcs8._.js:776
[ 1807938ms] [LOG] [Fast Refresh] done in 365ms @ http://localhost:3000/_next/static/chunks/node_modules_next_dist_1e8vcs8._.js:776
[ 1808002ms] [LOG] [Fast Refresh] done in 365ms @ http://localhost:3000/_next/static/chunks/node_modules_next_dist_1e8vcs8._.js:776
[ 1808082ms] [LOG] [Fast Refresh] done in 365ms @ http://localhost:3000/_next/static/chunks/node_modules_next_dist_1e8vcs8._.js:776
[ 1808146ms] [LOG] [Fast Refresh] done in 365ms @ http://localhost:3000/_next/static/chunks/node_modules_next_dist_1e8vcs8._.js:776
[ 1808205ms] [LOG] [Fast Refresh] done in 365ms @ http://localhost:3000/_next/static/chunks/node_modules_next_dist_1e8vcs8._.js:776
[ 1808284ms] [LOG] [Fast Refresh] done in 365ms @ http://localhost:3000/_next/static/chunks/node_modules_next_dist_1e8vcs8._.js:776
[ 1808346ms] [LOG] [Fast Refresh] done in 365ms @ http://localhost:3000/_next/static/chunks/node_modules_next_dist_1e8vcs8._.js:776
[ 1808426ms] [LOG] [Fast Refresh] done in 365ms @ http://localhost:3000/_next/static/chunks/node_modules_next_dist_1e8vcs8._.js:776
[ 1808487ms] [LOG] [Fast Refresh] done in 365ms @ http://localhost:3000/_next/static/chunks/node_modules_next_dist_1e8vcs8._.js:776
[ 1808551ms] [LOG] [Fast Refresh] done in 365ms @ http://localhost:3000/_next/static/chunks/node_modules_next_dist_1e8vcs8._.js:776
[ 1808630ms] [LOG] [Fast Refresh] done in 365ms @ http://localhost:3000/_next/static/chunks/node_modules_next_dist_1e8vcs8._.js:776
[ 1808693ms] [LOG] [Fast Refresh] done in 365ms @ http://localhost:3000/_next/static/chunks/node_modules_next_dist_1e8vcs8._.js:776
[ 1808768ms] [LOG] [Fast Refresh] done in 365ms @ http://localhost:3000/_next/static/chunks/node_modules_next_dist_1e8vcs8._.js:776
[ 1808833ms] [LOG] [Fast Refresh] done in 365ms @ http://localhost:3000/_next/static/chunks/node_modules_next_dist_1e8vcs8._.js:776
[ 1808912ms] [LOG] [Fast Refresh] done in 365ms @ http://localhost:3000/_next/static/chunks/node_modules_next_dist_1e8vcs8._.js:776
[ 1808972ms] [LOG] [Fast Refresh] done in 365ms @ http://localhost:3000/_next/static/chunks/node_modules_next_dist_1e8vcs8._.js:776
[ 1809051ms] [LOG] [Fast Refresh] done in 365ms @ http://localhost:3000/_next/static/chunks/node_modules_next_dist_1e8vcs8._.js:776
[ 1809114ms] [LOG] [Fast Refresh] done in 365ms @ http://localhost:3000/_next/static/chunks/node_modules_next_dist_1e8vcs8._.js:776
[ 1809192ms] [LOG] [Fast Refresh] done in 365ms @ http://localhost:3000/_next/static/chunks/node_modules_next_dist_1e8vcs8._.js:776
[ 1809269ms] [LOG] [Fast Refresh] done in 365ms @ http://localhost:3000/_next/static/chunks/node_modules_next_dist_1e8vcs8._.js:776
[ 1809333ms] [LOG] [Fast Refresh] done in 365ms @ http://localhost:3000/_next/static/chunks/node_modules_next_dist_1e8vcs8._.js:776
[ 1809413ms] [LOG] [Fast Refresh] done in 365ms @ http://localhost:3000/_next/static/chunks/node_modules_next_dist_1e8vcs8._.js:776
[ 1809473ms] [LOG] [Fast Refresh] done in 365ms @ http://localhost:3000/_next/static/chunks/node_modules_next_dist_1e8vcs8._.js:776
[ 1809534ms] [LOG] [Fast Refresh] done in 365ms @ http://localhost:3000/_next/static/chunks/node_modules_next_dist_1e8vcs8._.js:776
[ 1809613ms] [LOG] [Fast Refresh] done in 365ms @ http://localhost:3000/_next/static/chunks/node_modules_next_dist_1e8vcs8._.js:776
[ 1809672ms] [LOG] [Fast Refresh] done in 365ms @ http://localhost:3000/_next/static/chunks/node_modules_next_dist_1e8vcs8._.js:776
[ 1809751ms] [LOG] [Fast Refresh] done in 365ms @ http://localhost:3000/_next/static/chunks/node_modules_next_dist_1e8vcs8._.js:776
[ 1809829ms] [LOG] [Fast Refresh] done in 365ms @ http://localhost:3000/_next/static/chunks/node_modules_next_dist_1e8vcs8._.js:776
[ 1809890ms] [LOG] [Fast Refresh] done in 365ms @ http://localhost:3000/_next/static/chunks/node_modules_next_dist_1e8vcs8._.js:776
[ 1809952ms] [LOG] [Fast Refresh] done in 365ms @ http://localhost:3000/_next/static/chunks/node_modules_next_dist_1e8vcs8._.js:776
[ 1810031ms] [LOG] [Fast Refresh] done in 365ms @ http://localhost:3000/_next/static/chunks/node_modules_next_dist_1e8vcs8._.js:776
[ 1810092ms] [LOG] [Fast Refresh] done in 365ms @ http://localhost:3000/_next/static/chunks/node_modules_next_dist_1e8vcs8._.js:776
[ 1810169ms] [LOG] [Fast Refresh] done in 365ms @ http://localhost:3000/_next/static/chunks/node_modules_next_dist_1e8vcs8._.js:776
[ 1810249ms] [LOG] [Fast Refresh] done in 365ms @ http://localhost:3000/_next/static/chunks/node_modules_next_dist_1e8vcs8._.js:776
[ 1810317ms] [LOG] [Fast Refresh] done in 365ms @ http://localhost:3000/_next/static/chunks/node_modules_next_dist_1e8vcs8._.js:776
[ 1810373ms] [LOG] [Fast Refresh] done in 365ms @ http://localhost:3000/_next/static/chunks/node_modules_next_dist_1e8vcs8._.js:776
[ 1810452ms] [LOG] [Fast Refresh] done in 365ms @ http://localhost:3000/_next/static/chunks/node_modules_next_dist_1e8vcs8._.js:776
[ 1810517ms] [LOG] [Fast Refresh] done in 365ms @ http://localhost:3000/_next/static/chunks/node_modules_next_dist_1e8vcs8._.js:776
[ 1810583ms] [LOG] [Fast Refresh] done in 365ms @ http://localhost:3000/_next/static/chunks/node_modules_next_dist_1e8vcs8._.js:776
[ 1810639ms] [LOG] [Fast Refresh] done in 365ms @ http://localhost:3000/_next/static/chunks/node_modules_next_dist_1e8vcs8._.js:776
[ 1810717ms] [LOG] [Fast Refresh] done in 365ms @ http://localhost:3000/_next/static/chunks/node_modules_next_dist_1e8vcs8._.js:776
[ 1810782ms] [LOG] [Fast Refresh] done in 365ms @ http://localhost:3000/_next/static/chunks/node_modules_next_dist_1e8vcs8._.js:776
[ 1810862ms] [LOG] [Fast Refresh] done in 365ms @ http://localhost:3000/_next/static/chunks/node_modules_next_dist_1e8vcs8._.js:776
[ 1810935ms] [LOG] [Fast Refresh] done in 365ms @ http://localhost:3000/_next/static/chunks/node_modules_next_dist_1e8vcs8._.js:776
[ 1811017ms] [LOG] [Fast Refresh] done in 365ms @ http://localhost:3000/_next/static/chunks/node_modules_next_dist_1e8vcs8._.js:776
[ 1811101ms] [LOG] [Fast Refresh] done in 365ms @ http://localhost:3000/_next/static/chunks/node_modules_next_dist_1e8vcs8._.js:776
[ 1811171ms] [LOG] [Fast Refresh] done in 365ms @ http://localhost:3000/_next/static/chunks/node_modules_next_dist_1e8vcs8._.js:776
[ 1811250ms] [LOG] [Fast Refresh] done in 365ms @ http://localhost:3000/_next/static/chunks/node_modules_next_dist_1e8vcs8._.js:776
[ 1811333ms] [LOG] [Fast Refresh] done in 365ms @ http://localhost:3000/_next/static/chunks/node_modules_next_dist_1e8vcs8._.js:776
[ 1811433ms] [LOG] [Fast Refresh] done in 365ms @ http://localhost:3000/_next/static/chunks/node_modules_next_dist_1e8vcs8._.js:776
[ 1811514ms] [LOG] [Fast Refresh] done in 365ms @ http://localhost:3000/_next/static/chunks/node_modules_next_dist_1e8vcs8._.js:776
[ 1811587ms] [LOG] [Fast Refresh] done in 365ms @ http://localhost:3000/_next/static/chunks/node_modules_next_dist_1e8vcs8._.js:776
[ 1811666ms] [LOG] [Fast Refresh] done in 365ms @ http://localhost:3000/_next/static/chunks/node_modules_next_dist_1e8vcs8._.js:776
[ 1811749ms] [LOG] [Fast Refresh] done in 365ms @ http://localhost:3000/_next/static/chunks/node_modules_next_dist_1e8vcs8._.js:776
[ 1811807ms] [LOG] [Fast Refresh] done in 365ms @ http://localhost:3000/_next/static/chunks/node_modules_next_dist_1e8vcs8._.js:776
[ 1811884ms] [LOG] [Fast Refresh] done in 365ms @ http://localhost:3000/_next/static/chunks/node_modules_next_dist_1e8vcs8._.js:776
[ 1811963ms] [LOG] [Fast Refresh] done in 365ms @ http://localhost:3000/_next/static/chunks/node_modules_next_dist_1e8vcs8._.js:776
[ 1812039ms] [LOG] [Fast Refresh] done in 365ms @ http://localhost:3000/_next/static/chunks/node_modules_next_dist_1e8vcs8._.js:776
[ 1812117ms] [LOG] [Fast Refresh] done in 365ms @ http://localhost:3000/_next/static/chunks/node_modules_next_dist_1e8vcs8._.js:776
[ 1812181ms] [LOG] [Fast Refresh] done in 365ms @ http://localhost:3000/_next/static/chunks/node_modules_next_dist_1e8vcs8._.js:776
[ 1812257ms] [LOG] [Fast Refresh] done in 365ms @ http://localhost:3000/_next/static/chunks/node_modules_next_dist_1e8vcs8._.js:776
[ 1812335ms] [LOG] [Fast Refresh] done in 365ms @ http://localhost:3000/_next/static/chunks/node_modules_next_dist_1e8vcs8._.js:776
[ 1812417ms] [LOG] [Fast Refresh] done in 365ms @ http://localhost:3000/_next/static/chunks/node_modules_next_dist_1e8vcs8._.js:776
[ 1812473ms] [LOG] [Fast Refresh] done in 365ms @ http://localhost:3000/_next/static/chunks/node_modules_next_dist_1e8vcs8._.js:776
[ 1812552ms] [LOG] [Fast Refresh] done in 365ms @ http://localhost:3000/_next/static/chunks/node_modules_next_dist_1e8vcs8._.js:776
[ 1812633ms] [LOG] [Fast Refresh] done in 365ms @ http://localhost:3000/_next/static/chunks/node_modules_next_dist_1e8vcs8._.js:776
[ 1812697ms] [LOG] [Fast Refresh] done in 365ms @ http://localhost:3000/_next/static/chunks/node_modules_next_dist_1e8vcs8._.js:776
[ 1812771ms] [LOG] [Fast Refresh] done in 365ms @ http://localhost:3000/_next/static/chunks/node_modules_next_dist_1e8vcs8._.js:776
[ 1812851ms] [LOG] [Fast Refresh] done in 365ms @ http://localhost:3000/_next/static/chunks/node_modules_next_dist_1e8vcs8._.js:776
[ 1812916ms] [LOG] [Fast Refresh] done in 365ms @ http://localhost:3000/_next/static/chunks/node_modules_next_dist_1e8vcs8._.js:776
[ 1812991ms] [LOG] [Fast Refresh] done in 365ms @ http://localhost:3000/_next/static/chunks/node_modules_next_dist_1e8vcs8._.js:776
[ 1813068ms] [LOG] [Fast Refresh] done in 365ms @ http://localhost:3000/_next/static/chunks/node_modules_next_dist_1e8vcs8._.js:776
[ 1813132ms] [LOG] [Fast Refresh] done in 365ms @ http://localhost:3000/_next/static/chunks/node_modules_next_dist_1e8vcs8._.js:776
[ 1813208ms] [LOG] [Fast Refresh] done in 365ms @ http://localhost:3000/_next/static/chunks/node_modules_next_dist_1e8vcs8._.js:776
[ 1813286ms] [LOG] [Fast Refresh] done in 365ms @ http://localhost:3000/_next/static/chunks/node_modules_next_dist_1e8vcs8._.js:776
[ 1813367ms] [LOG] [Fast Refresh] done in 365ms @ http://localhost:3000/_next/static/chunks/node_modules_next_dist_1e8vcs8._.js:776
[ 1813445ms] [LOG] [Fast Refresh] done in 365ms @ http://localhost:3000/_next/static/chunks/node_modules_next_dist_1e8vcs8._.js:776
[ 1813504ms] [LOG] [Fast Refresh] done in 365ms @ http://localhost:3000/_next/static/chunks/node_modules_next_dist_1e8vcs8._.js:776
[ 1813583ms] [LOG] [Fast Refresh] done in 365ms @ http://localhost:3000/_next/static/chunks/node_modules_next_dist_1e8vcs8._.js:776
[ 1813663ms] [LOG] [Fast Refresh] done in 365ms @ http://localhost:3000/_next/static/chunks/node_modules_next_dist_1e8vcs8._.js:776
[ 1813737ms] [LOG] [Fast Refresh] done in 365ms @ http://localhost:3000/_next/static/chunks/node_modules_next_dist_1e8vcs8._.js:776
[ 1813816ms] [LOG] [Fast Refresh] done in 365ms @ http://localhost:3000/_next/static/chunks/node_modules_next_dist_1e8vcs8._.js:776
[ 1813897ms] [LOG] [Fast Refresh] done in 365ms @ http://localhost:3000/_next/static/chunks/node_modules_next_dist_1e8vcs8._.js:776
[ 1813956ms] [LOG] [Fast Refresh] done in 365ms @ http://localhost:3000/_next/static/chunks/node_modules_next_dist_1e8vcs8._.js:776
[ 1814019ms] [LOG] [Fast Refresh] done in 365ms @ http://localhost:3000/_next/static/chunks/node_modules_next_dist_1e8vcs8._.js:776
[ 1814099ms] [LOG] [Fast Refresh] done in 365ms @ http://localhost:3000/_next/static/chunks/node_modules_next_dist_1e8vcs8._.js:776
[ 1814175ms] [LOG] [Fast Refresh] done in 365ms @ http://localhost:3000/_next/static/chunks/node_modules_next_dist_1e8vcs8._.js:776
[ 1814240ms] [LOG] [Fast Refresh] done in 365ms @ http://localhost:3000/_next/static/chunks/node_modules_next_dist_1e8vcs8._.js:776
[ 1814365ms] [LOG] [Fast Refresh] done in 365ms @ http://localhost:3000/_next/static/chunks/node_modules_next_dist_1e8vcs8._.js:776
[ 1814475ms] [LOG] [Fast Refresh] done in 365ms @ http://localhost:3000/_next/static/chunks/node_modules_next_dist_1e8vcs8._.js:776
[ 1814551ms] [LOG] [Fast Refresh] done in 365ms @ http://localhost:3000/_next/static/chunks/node_modules_next_dist_1e8vcs8._.js:776
[ 1814616ms] [LOG] [Fast Refresh] done in 365ms @ http://localhost:3000/_next/static/chunks/node_modules_next_dist_1e8vcs8._.js:776
[ 1814691ms] [LOG] [Fast Refresh] done in 365ms @ http://localhost:3000/_next/static/chunks/node_modules_next_dist_1e8vcs8._.js:776
[ 1814771ms] [LOG] [Fast Refresh] done in 365ms @ http://localhost:3000/_next/static/chunks/node_modules_next_dist_1e8vcs8._.js:776
[ 1814850ms] [LOG] [Fast Refresh] done in 365ms @ http://localhost:3000/_next/static/chunks/node_modules_next_dist_1e8vcs8._.js:776
[ 1814923ms] [LOG] [Fast Refresh] done in 365ms @ http://localhost:3000/_next/static/chunks/node_modules_next_dist_1e8vcs8._.js:776
[ 1815002ms] [LOG] [Fast Refresh] done in 365ms @ http://localhost:3000/_next/static/chunks/node_modules_next_dist_1e8vcs8._.js:776
[ 1815085ms] [LOG] [Fast Refresh] done in 365ms @ http://localhost:3000/_next/static/chunks/node_modules_next_dist_1e8vcs8._.js:776
[ 1815169ms] [LOG] [Fast Refresh] done in 365ms @ http://localhost:3000/_next/static/chunks/node_modules_next_dist_1e8vcs8._.js:776
[ 1815238ms] [LOG] [Fast Refresh] done in 365ms @ http://localhost:3000/_next/static/chunks/node_modules_next_dist_1e8vcs8._.js:776
[ 1815317ms] [LOG] [Fast Refresh] done in 365ms @ http://localhost:3000/_next/static/chunks/node_modules_next_dist_1e8vcs8._.js:776
[ 1815396ms] [LOG] [Fast Refresh] done in 365ms @ http://localhost:3000/_next/static/chunks/node_modules_next_dist_1e8vcs8._.js:776
[ 1815469ms] [LOG] [Fast Refresh] done in 365ms @ http://localhost:3000/_next/static/chunks/node_modules_next_dist_1e8vcs8._.js:776
[ 1815550ms] [LOG] [Fast Refresh] done in 365ms @ http://localhost:3000/_next/static/chunks/node_modules_next_dist_1e8vcs8._.js:776
[ 1815633ms] [LOG] [Fast Refresh] done in 365ms @ http://localhost:3000/_next/static/chunks/node_modules_next_dist_1e8vcs8._.js:776
[ 1815703ms] [LOG] [Fast Refresh] done in 365ms @ http://localhost:3000/_next/static/chunks/node_modules_next_dist_1e8vcs8._.js:776
[ 1815768ms] [LOG] [Fast Refresh] done in 365ms @ http://localhost:3000/_next/static/chunks/node_modules_next_dist_1e8vcs8._.js:776
[ 1815848ms] [LOG] [Fast Refresh] done in 365ms @ http://localhost:3000/_next/static/chunks/node_modules_next_dist_1e8vcs8._.js:776
[ 1815924ms] [LOG] [Fast Refresh] done in 365ms @ http://localhost:3000/_next/static/chunks/node_modules_next_dist_1e8vcs8._.js:776
[ 1816001ms] [LOG] [Fast Refresh] done in 365ms @ http://localhost:3000/_next/static/chunks/node_modules_next_dist_1e8vcs8._.js:776
[ 1816065ms] [LOG] [Fast Refresh] done in 365ms @ http://localhost:3000/_next/static/chunks/node_modules_next_dist_1e8vcs8._.js:776
[ 1816139ms] [LOG] [Fast Refresh] done in 365ms @ http://localhost:3000/_next/static/chunks/node_modules_next_dist_1e8vcs8._.js:776
[ 1816218ms] [LOG] [Fast Refresh] done in 365ms @ http://localhost:3000/_next/static/chunks/node_modules_next_dist_1e8vcs8._.js:776
[ 1816284ms] [LOG] [Fast Refresh] done in 365ms @ http://localhost:3000/_next/static/chunks/node_modules_next_dist_1e8vcs8._.js:776
[ 1816366ms] [LOG] [Fast Refresh] done in 365ms @ http://localhost:3000/_next/static/chunks/node_modules_next_dist_1e8vcs8._.js:776
[ 1816422ms] [LOG] [Fast Refresh] done in 365ms @ http://localhost:3000/_next/static/chunks/node_modules_next_dist_1e8vcs8._.js:776
[ 1816501ms] [LOG] [Fast Refresh] done in 365ms @ http://localhost:3000/_next/static/chunks/node_modules_next_dist_1e8vcs8._.js:776
[ 1816584ms] [LOG] [Fast Refresh] done in 365ms @ http://localhost:3000/_next/static/chunks/node_modules_next_dist_1e8vcs8._.js:776
[ 1816640ms] [LOG] [Fast Refresh] done in 365ms @ http://localhost:3000/_next/static/chunks/node_modules_next_dist_1e8vcs8._.js:776
[ 1816718ms] [LOG] [Fast Refresh] done in 365ms @ http://localhost:3000/_next/static/chunks/node_modules_next_dist_1e8vcs8._.js:776
[ 1816783ms] [LOG] [Fast Refresh] done in 365ms @ http://localhost:3000/_next/static/chunks/node_modules_next_dist_1e8vcs8._.js:776
[ 1816847ms] [LOG] [Fast Refresh] done in 365ms @ http://localhost:3000/_next/static/chunks/node_modules_next_dist_1e8vcs8._.js:776
[ 1816919ms] [LOG] [Fast Refresh] done in 365ms @ http://localhost:3000/_next/static/chunks/node_modules_next_dist_1e8vcs8._.js:776
[ 1817000ms] [LOG] [Fast Refresh] done in 365ms @ http://localhost:3000/_next/static/chunks/node_modules_next_dist_1e8vcs8._.js:776
[ 1817080ms] [LOG] [Fast Refresh] done in 365ms @ http://localhost:3000/_next/static/chunks/node_modules_next_dist_1e8vcs8._.js:776
[ 1817138ms] [LOG] [Fast Refresh] done in 365ms @ http://localhost:3000/_next/static/chunks/node_modules_next_dist_1e8vcs8._.js:776
[ 1817217ms] [LOG] [Fast Refresh] done in 365ms @ http://localhost:3000/_next/static/chunks/node_modules_next_dist_1e8vcs8._.js:776
[ 1817297ms] [LOG] [Fast Refresh] done in 365ms @ http://localhost:3000/_next/static/chunks/node_modules_next_dist_1e8vcs8._.js:776
[ 1817366ms] [LOG] [Fast Refresh] done in 365ms @ http://localhost:3000/_next/static/chunks/node_modules_next_dist_1e8vcs8._.js:776
[ 1817437ms] [LOG] [Fast Refresh] done in 365ms @ http://localhost:3000/_next/static/chunks/node_modules_next_dist_1e8vcs8._.js:776
[ 1817517ms] [LOG] [Fast Refresh] done in 365ms @ http://localhost:3000/_next/static/chunks/node_modules_next_dist_1e8vcs8._.js:776
[ 1817597ms] [LOG] [Fast Refresh] done in 365ms @ http://localhost:3000/_next/static/chunks/node_modules_next_dist_1e8vcs8._.js:776
[ 1817671ms] [LOG] [Fast Refresh] done in 365ms @ http://localhost:3000/_next/static/chunks/node_modules_next_dist_1e8vcs8._.js:776
[ 1817734ms] [LOG] [Fast Refresh] done in 365ms @ http://localhost:3000/_next/static/chunks/node_modules_next_dist_1e8vcs8._.js:776
[ 1817814ms] [LOG] [Fast Refresh] done in 365ms @ http://localhost:3000/_next/static/chunks/node_modules_next_dist_1e8vcs8._.js:776
[ 1817874ms] [LOG] [Fast Refresh] done in 365ms @ http://localhost:3000/_next/static/chunks/node_modules_next_dist_1e8vcs8._.js:776
[ 1817951ms] [LOG] [Fast Refresh] done in 365ms @ http://localhost:3000/_next/static/chunks/node_modules_next_dist_1e8vcs8._.js:776
[ 1818030ms] [LOG] [Fast Refresh] done in 365ms @ http://localhost:3000/_next/static/chunks/node_modules_next_dist_1e8vcs8._.js:776
[ 1818091ms] [LOG] [Fast Refresh] done in 365ms @ http://localhost:3000/_next/static/chunks/node_modules_next_dist_1e8vcs8._.js:776
[ 1818169ms] [LOG] [Fast Refresh] done in 365ms @ http://localhost:3000/_next/static/chunks/node_modules_next_dist_1e8vcs8._.js:776
[ 1818233ms] [LOG] [Fast Refresh] done in 365ms @ http://localhost:3000/_next/static/chunks/node_modules_next_dist_1e8vcs8._.js:776
[ 1818314ms] [LOG] [Fast Refresh] done in 365ms @ http://localhost:3000/_next/static/chunks/node_modules_next_dist_1e8vcs8._.js:776
[ 1818390ms] [LOG] [Fast Refresh] done in 365ms @ http://localhost:3000/_next/static/chunks/node_modules_next_dist_1e8vcs8._.js:776
[ 1818468ms] [LOG] [Fast Refresh] done in 365ms @ http://localhost:3000/_next/static/chunks/node_modules_next_dist_1e8vcs8._.js:776
[ 1818550ms] [LOG] [Fast Refresh] done in 365ms @ http://localhost:3000/_next/static/chunks/node_modules_next_dist_1e8vcs8._.js:776
[ 1818621ms] [LOG] [Fast Refresh] done in 365ms @ http://localhost:3000/_next/static/chunks/node_modules_next_dist_1e8vcs8._.js:776
[ 1818700ms] [LOG] [Fast Refresh] done in 365ms @ http://localhost:3000/_next/static/chunks/node_modules_next_dist_1e8vcs8._.js:776
[ 1818764ms] [LOG] [Fast Refresh] done in 365ms @ http://localhost:3000/_next/static/chunks/node_modules_next_dist_1e8vcs8._.js:776
[ 1818823ms] [LOG] [Fast Refresh] done in 365ms @ http://localhost:3000/_next/static/chunks/node_modules_next_dist_1e8vcs8._.js:776
[ 1818901ms] [LOG] [Fast Refresh] done in 365ms @ http://localhost:3000/_next/static/chunks/node_modules_next_dist_1e8vcs8._.js:776
[ 1818980ms] [LOG] [Fast Refresh] done in 365ms @ http://localhost:3000/_next/static/chunks/node_modules_next_dist_1e8vcs8._.js:776
[ 1819056ms] [LOG] [Fast Refresh] done in 365ms @ http://localhost:3000/_next/static/chunks/node_modules_next_dist_1e8vcs8._.js:776
[ 1819119ms] [LOG] [Fast Refresh] done in 365ms @ http://localhost:3000/_next/static/chunks/node_modules_next_dist_1e8vcs8._.js:776
[ 1819199ms] [LOG] [Fast Refresh] done in 365ms @ http://localhost:3000/_next/static/chunks/node_modules_next_dist_1e8vcs8._.js:776
[ 1819264ms] [LOG] [Fast Refresh] done in 365ms @ http://localhost:3000/_next/static/chunks/node_modules_next_dist_1e8vcs8._.js:776
[ 1819335ms] [LOG] [Fast Refresh] done in 365ms @ http://localhost:3000/_next/static/chunks/node_modules_next_dist_1e8vcs8._.js:776
[ 1819417ms] [LOG] [Fast Refresh] done in 365ms @ http://localhost:3000/_next/static/chunks/node_modules_next_dist_1e8vcs8._.js:776
[ 1819496ms] [LOG] [Fast Refresh] done in 365ms @ http://localhost:3000/_next/static/chunks/node_modules_next_dist_1e8vcs8._.js:776
[ 1819572ms] [LOG] [Fast Refresh] done in 365ms @ http://localhost:3000/_next/static/chunks/node_modules_next_dist_1e8vcs8._.js:776
[ 1819651ms] [LOG] [Fast Refresh] done in 365ms @ http://localhost:3000/_next/static/chunks/node_modules_next_dist_1e8vcs8._.js:776
[ 1819734ms] [LOG] [Fast Refresh] done in 365ms @ http://localhost:3000/_next/static/chunks/node_modules_next_dist_1e8vcs8._.js:776
[ 1819806ms] [LOG] [Fast Refresh] done in 365ms @ http://localhost:3000/_next/static/chunks/node_modules_next_dist_1e8vcs8._.js:776
[ 1819884ms] [LOG] [Fast Refresh] done in 365ms @ http://localhost:3000/_next/static/chunks/node_modules_next_dist_1e8vcs8._.js:776
[ 1819948ms] [LOG] [Fast Refresh] done in 365ms @ http://localhost:3000/_next/static/chunks/node_modules_next_dist_1e8vcs8._.js:776
[ 1820014ms] [LOG] [Fast Refresh] done in 365ms @ http://localhost:3000/_next/static/chunks/node_modules_next_dist_1e8vcs8._.js:776
[ 1820071ms] [LOG] [Fast Refresh] done in 365ms @ http://localhost:3000/_next/static/chunks/node_modules_next_dist_1e8vcs8._.js:776
[ 1820151ms] [LOG] [Fast Refresh] done in 365ms @ http://localhost:3000/_next/static/chunks/node_modules_next_dist_1e8vcs8._.js:776
[ 1820213ms] [LOG] [Fast Refresh] done in 365ms @ http://localhost:3000/_next/static/chunks/node_modules_next_dist_1e8vcs8._.js:776
[ 1820274ms] [LOG] [Fast Refresh] done in 365ms @ http://localhost:3000/_next/static/chunks/node_modules_next_dist_1e8vcs8._.js:776
[ 1820352ms] [LOG] [Fast Refresh] done in 365ms @ http://localhost:3000/_next/static/chunks/node_modules_next_dist_1e8vcs8._.js:776
[ 1820432ms] [LOG] [Fast Refresh] done in 365ms @ http://localhost:3000/_next/static/chunks/node_modules_next_dist_1e8vcs8._.js:776
[ 1820508ms] [LOG] [Fast Refresh] done in 365ms @ http://localhost:3000/_next/static/chunks/node_modules_next_dist_1e8vcs8._.js:776
[ 1820586ms] [LOG] [Fast Refresh] done in 365ms @ http://localhost:3000/_next/static/chunks/node_modules_next_dist_1e8vcs8._.js:776
[ 1820666ms] [LOG] [Fast Refresh] done in 365ms @ http://localhost:3000/_next/static/chunks/node_modules_next_dist_1e8vcs8._.js:776
[ 1820731ms] [LOG] [Fast Refresh] done in 365ms @ http://localhost:3000/_next/static/chunks/node_modules_next_dist_1e8vcs8._.js:776
[ 1820804ms] [LOG] [Fast Refresh] done in 365ms @ http://localhost:3000/_next/static/chunks/node_modules_next_dist_1e8vcs8._.js:776
[ 1820882ms] [LOG] [Fast Refresh] done in 365ms @ http://localhost:3000/_next/static/chunks/node_modules_next_dist_1e8vcs8._.js:776
[ 1820946ms] [LOG] [Fast Refresh] done in 365ms @ http://localhost:3000/_next/static/chunks/node_modules_next_dist_1e8vcs8._.js:776
[ 1821022ms] [LOG] [Fast Refresh] done in 365ms @ http://localhost:3000/_next/static/chunks/node_modules_next_dist_1e8vcs8._.js:776
[ 1821085ms] [LOG] [Fast Refresh] done in 365ms @ http://localhost:3000/_next/static/chunks/node_modules_next_dist_1e8vcs8._.js:776
[ 1821164ms] [LOG] [Fast Refresh] done in 365ms @ http://localhost:3000/_next/static/chunks/node_modules_next_dist_1e8vcs8._.js:776
[ 1821225ms] [LOG] [Fast Refresh] done in 365ms @ http://localhost:3000/_next/static/chunks/node_modules_next_dist_1e8vcs8._.js:776
[ 1821301ms] [LOG] [Fast Refresh] done in 365ms @ http://localhost:3000/_next/static/chunks/node_modules_next_dist_1e8vcs8._.js:776
[ 1821380ms] [LOG] [Fast Refresh] done in 365ms @ http://localhost:3000/_next/static/chunks/node_modules_next_dist_1e8vcs8._.js:776
[ 1821440ms] [LOG] [Fast Refresh] done in 365ms @ http://localhost:3000/_next/static/chunks/node_modules_next_dist_1e8vcs8._.js:776
[ 1821516ms] [LOG] [Fast Refresh] done in 365ms @ http://localhost:3000/_next/static/chunks/node_modules_next_dist_1e8vcs8._.js:776
[ 1821580ms] [LOG] [Fast Refresh] done in 365ms @ http://localhost:3000/_next/static/chunks/node_modules_next_dist_1e8vcs8._.js:776
[ 1821639ms] [LOG] [Fast Refresh] done in 365ms @ http://localhost:3000/_next/static/chunks/node_modules_next_dist_1e8vcs8._.js:776
[ 1821717ms] [LOG] [Fast Refresh] done in 365ms @ http://localhost:3000/_next/static/chunks/node_modules_next_dist_1e8vcs8._.js:776
[ 1821781ms] [LOG] [Fast Refresh] done in 365ms @ http://localhost:3000/_next/static/chunks/node_modules_next_dist_1e8vcs8._.js:776
[ 1821841ms] [LOG] [Fast Refresh] done in 365ms @ http://localhost:3000/_next/static/chunks/node_modules_next_dist_1e8vcs8._.js:776
[ 1821919ms] [LOG] [Fast Refresh] done in 365ms @ http://localhost:3000/_next/static/chunks/node_modules_next_dist_1e8vcs8._.js:776
[ 1821996ms] [LOG] [Fast Refresh] done in 365ms @ http://localhost:3000/_next/static/chunks/node_modules_next_dist_1e8vcs8._.js:776
[ 1822062ms] [LOG] [Fast Refresh] done in 365ms @ http://localhost:3000/_next/static/chunks/node_modules_next_dist_1e8vcs8._.js:776
[ 1822122ms] [LOG] [Fast Refresh] done in 365ms @ http://localhost:3000/_next/static/chunks/node_modules_next_dist_1e8vcs8._.js:776
[ 1822185ms] [LOG] [Fast Refresh] done in 365ms @ http://localhost:3000/_next/static/chunks/node_modules_next_dist_1e8vcs8._.js:776
[ 1822264ms] [LOG] [Fast Refresh] done in 365ms @ http://localhost:3000/_next/static/chunks/node_modules_next_dist_1e8vcs8._.js:776
[ 1822323ms] [LOG] [Fast Refresh] done in 365ms @ http://localhost:3000/_next/static/chunks/node_modules_next_dist_1e8vcs8._.js:776
[ 1822386ms] [LOG] [Fast Refresh] done in 365ms @ http://localhost:3000/_next/static/chunks/node_modules_next_dist_1e8vcs8._.js:776
[ 1822450ms] [LOG] [Fast Refresh] done in 365ms @ http://localhost:3000/_next/static/chunks/node_modules_next_dist_1e8vcs8._.js:776
[ 1822513ms] [LOG] [Fast Refresh] done in 365ms @ http://localhost:3000/_next/static/chunks/node_modules_next_dist_1e8vcs8._.js:776
[ 1822573ms] [LOG] [Fast Refresh] done in 365ms @ http://localhost:3000/_next/static/chunks/node_modules_next_dist_1e8vcs8._.js:776
[ 1822636ms] [LOG] [Fast Refresh] done in 365ms @ http://localhost:3000/_next/static/chunks/node_modules_next_dist_1e8vcs8._.js:776
[ 1822700ms] [LOG] [Fast Refresh] done in 365ms @ http://localhost:3000/_next/static/chunks/node_modules_next_dist_1e8vcs8._.js:776
[ 1822764ms] [LOG] [Fast Refresh] done in 365ms @ http://localhost:3000/_next/static/chunks/node_modules_next_dist_1e8vcs8._.js:776
[ 1822824ms] [LOG] [Fast Refresh] done in 365ms @ http://localhost:3000/_next/static/chunks/node_modules_next_dist_1e8vcs8._.js:776
[ 1822886ms] [LOG] [Fast Refresh] done in 365ms @ http://localhost:3000/_next/static/chunks/node_modules_next_dist_1e8vcs8._.js:776
[ 1822948ms] [LOG] [Fast Refresh] done in 365ms @ http://localhost:3000/_next/static/chunks/node_modules_next_dist_1e8vcs8._.js:776
[ 1823011ms] [LOG] [Fast Refresh] done in 365ms @ http://localhost:3000/_next/static/chunks/node_modules_next_dist_1e8vcs8._.js:776
[ 1823072ms] [LOG] [Fast Refresh] done in 365ms @ http://localhost:3000/_next/static/chunks/node_modules_next_dist_1e8vcs8._.js:776
[ 1823135ms] [LOG] [Fast Refresh] done in 365ms @ http://localhost:3000/_next/static/chunks/node_modules_next_dist_1e8vcs8._.js:776
[ 1823199ms] [LOG] [Fast Refresh] done in 365ms @ http://localhost:3000/_next/static/chunks/node_modules_next_dist_1e8vcs8._.js:776
[ 1823262ms] [LOG] [Fast Refresh] done in 365ms @ http://localhost:3000/_next/static/chunks/node_modules_next_dist_1e8vcs8._.js:776
[ 1823333ms] [LOG] [Fast Refresh] done in 365ms @ http://localhost:3000/_next/static/chunks/node_modules_next_dist_1e8vcs8._.js:776
[ 1823417ms] [LOG] [Fast Refresh] done in 365ms @ http://localhost:3000/_next/static/chunks/node_modules_next_dist_1e8vcs8._.js:776
[ 1823481ms] [LOG] [Fast Refresh] done in 365ms @ http://localhost:3000/_next/static/chunks/node_modules_next_dist_1e8vcs8._.js:776
[ 1823542ms] [LOG] [Fast Refresh] done in 365ms @ http://localhost:3000/_next/static/chunks/node_modules_next_dist_1e8vcs8._.js:776
[ 1823619ms] [LOG] [Fast Refresh] done in 365ms @ http://localhost:3000/_next/static/chunks/node_modules_next_dist_1e8vcs8._.js:776
[ 1823682ms] [LOG] [Fast Refresh] done in 365ms @ http://localhost:3000/_next/static/chunks/node_modules_next_dist_1e8vcs8._.js:776
[ 1823746ms] [LOG] [Fast Refresh] done in 365ms @ http://localhost:3000/_next/static/chunks/node_modules_next_dist_1e8vcs8._.js:776
[ 1823820ms] [LOG] [Fast Refresh] done in 365ms @ http://localhost:3000/_next/static/chunks/node_modules_next_dist_1e8vcs8._.js:776
[ 1823883ms] [LOG] [Fast Refresh] done in 365ms @ http://localhost:3000/_next/static/chunks/node_modules_next_dist_1e8vcs8._.js:776
[ 1823963ms] [LOG] [Fast Refresh] done in 365ms @ http://localhost:3000/_next/static/chunks/node_modules_next_dist_1e8vcs8._.js:776
[ 1824022ms] [LOG] [Fast Refresh] done in 365ms @ http://localhost:3000/_next/static/chunks/node_modules_next_dist_1e8vcs8._.js:776
[ 1824086ms] [LOG] [Fast Refresh] done in 365ms @ http://localhost:3000/_next/static/chunks/node_modules_next_dist_1e8vcs8._.js:776
[ 1824149ms] [LOG] [Fast Refresh] done in 365ms @ http://localhost:3000/_next/static/chunks/node_modules_next_dist_1e8vcs8._.js:776
[ 1824212ms] [LOG] [Fast Refresh] done in 365ms @ http://localhost:3000/_next/static/chunks/node_modules_next_dist_1e8vcs8._.js:776
[ 1824272ms] [LOG] [Fast Refresh] done in 365ms @ http://localhost:3000/_next/static/chunks/node_modules_next_dist_1e8vcs8._.js:776
[ 1824350ms] [LOG] [Fast Refresh] done in 365ms @ http://localhost:3000/_next/static/chunks/node_modules_next_dist_1e8vcs8._.js:776
[ 1824429ms] [LOG] [Fast Refresh] done in 365ms @ http://localhost:3000/_next/static/chunks/node_modules_next_dist_1e8vcs8._.js:776
[ 1824489ms] [LOG] [Fast Refresh] done in 365ms @ http://localhost:3000/_next/static/chunks/node_modules_next_dist_1e8vcs8._.js:776
[ 1824568ms] [LOG] [Fast Refresh] done in 365ms @ http://localhost:3000/_next/static/chunks/node_modules_next_dist_1e8vcs8._.js:776
[ 1824632ms] [LOG] [Fast Refresh] done in 365ms @ http://localhost:3000/_next/static/chunks/node_modules_next_dist_1e8vcs8._.js:776
[ 1824713ms] [LOG] [Fast Refresh] done in 365ms @ http://localhost:3000/_next/static/chunks/node_modules_next_dist_1e8vcs8._.js:776
[ 1824787ms] [LOG] [Fast Refresh] done in 365ms @ http://localhost:3000/_next/static/chunks/node_modules_next_dist_1e8vcs8._.js:776
[ 1824867ms] [LOG] [Fast Refresh] done in 365ms @ http://localhost:3000/_next/static/chunks/node_modules_next_dist_1e8vcs8._.js:776
[ 1824946ms] [LOG] [Fast Refresh] done in 365ms @ http://localhost:3000/_next/static/chunks/node_modules_next_dist_1e8vcs8._.js:776
[ 1825008ms] [LOG] [Fast Refresh] done in 365ms @ http://localhost:3000/_next/static/chunks/node_modules_next_dist_1e8vcs8._.js:776
[ 1825085ms] [LOG] [Fast Refresh] done in 365ms @ http://localhost:3000/_next/static/chunks/node_modules_next_dist_1e8vcs8._.js:776
[ 1825147ms] [LOG] [Fast Refresh] done in 365ms @ http://localhost:3000/_next/static/chunks/node_modules_next_dist_1e8vcs8._.js:776
[ 1825225ms] [LOG] [Fast Refresh] done in 365ms @ http://localhost:3000/_next/static/chunks/node_modules_next_dist_1e8vcs8._.js:776
[ 1825303ms] [LOG] [Fast Refresh] done in 365ms @ http://localhost:3000/_next/static/chunks/node_modules_next_dist_1e8vcs8._.js:776
[ 1825382ms] [LOG] [Fast Refresh] done in 365ms @ http://localhost:3000/_next/static/chunks/node_modules_next_dist_1e8vcs8._.js:776
[ 1825462ms] [LOG] [Fast Refresh] done in 365ms @ http://localhost:3000/_next/static/chunks/node_modules_next_dist_1e8vcs8._.js:776
[ 1825521ms] [LOG] [Fast Refresh] done in 365ms @ http://localhost:3000/_next/static/chunks/node_modules_next_dist_1e8vcs8._.js:776
[ 1825584ms] [LOG] [Fast Refresh] done in 365ms @ http://localhost:3000/_next/static/chunks/node_modules_next_dist_1e8vcs8._.js:776
[ 1825648ms] [LOG] [Fast Refresh] done in 365ms @ http://localhost:3000/_next/static/chunks/node_modules_next_dist_1e8vcs8._.js:776
[ 1825712ms] [LOG] [Fast Refresh] done in 365ms @ http://localhost:3000/_next/static/chunks/node_modules_next_dist_1e8vcs8._.js:776
[ 1825772ms] [LOG] [Fast Refresh] done in 365ms @ http://localhost:3000/_next/static/chunks/node_modules_next_dist_1e8vcs8._.js:776
[ 1825835ms] [LOG] [Fast Refresh] done in 365ms @ http://localhost:3000/_next/static/chunks/node_modules_next_dist_1e8vcs8._.js:776
[ 1825898ms] [LOG] [Fast Refresh] done in 365ms @ http://localhost:3000/_next/static/chunks/node_modules_next_dist_1e8vcs8._.js:776
[ 1825974ms] [LOG] [Fast Refresh] done in 365ms @ http://localhost:3000/_next/static/chunks/node_modules_next_dist_1e8vcs8._.js:776
[ 1826036ms] [LOG] [Fast Refresh] done in 365ms @ http://localhost:3000/_next/static/chunks/node_modules_next_dist_1e8vcs8._.js:776
[ 1826098ms] [LOG] [Fast Refresh] done in 365ms @ http://localhost:3000/_next/static/chunks/node_modules_next_dist_1e8vcs8._.js:776
[ 1826163ms] [LOG] [Fast Refresh] done in 365ms @ http://localhost:3000/_next/static/chunks/node_modules_next_dist_1e8vcs8._.js:776
[ 1826222ms] [LOG] [Fast Refresh] done in 365ms @ http://localhost:3000/_next/static/chunks/node_modules_next_dist_1e8vcs8._.js:776
[ 1826284ms] [LOG] [Fast Refresh] done in 365ms @ http://localhost:3000/_next/static/chunks/node_modules_next_dist_1e8vcs8._.js:776
[ 1826346ms] [LOG] [Fast Refresh] done in 365ms @ http://localhost:3000/_next/static/chunks/node_modules_next_dist_1e8vcs8._.js:776
[ 1826424ms] [LOG] [Fast Refresh] done in 365ms @ http://localhost:3000/_next/static/chunks/node_modules_next_dist_1e8vcs8._.js:776
[ 1826501ms] [LOG] [Fast Refresh] done in 365ms @ http://localhost:3000/_next/static/chunks/node_modules_next_dist_1e8vcs8._.js:776
[ 1826566ms] [LOG] [Fast Refresh] done in 365ms @ http://localhost:3000/_next/static/chunks/node_modules_next_dist_1e8vcs8._.js:776
[ 1826630ms] [LOG] [Fast Refresh] done in 365ms @ http://localhost:3000/_next/static/chunks/node_modules_next_dist_1e8vcs8._.js:776
[ 1826690ms] [LOG] [Fast Refresh] done in 365ms @ http://localhost:3000/_next/static/chunks/node_modules_next_dist_1e8vcs8._.js:776
[ 1826751ms] [LOG] [Fast Refresh] done in 365ms @ http://localhost:3000/_next/static/chunks/node_modules_next_dist_1e8vcs8._.js:776
[ 1826813ms] [LOG] [Fast Refresh] done in 365ms @ http://localhost:3000/_next/static/chunks/node_modules_next_dist_1e8vcs8._.js:776
[ 1826879ms] [LOG] [Fast Refresh] done in 365ms @ http://localhost:3000/_next/static/chunks/node_modules_next_dist_1e8vcs8._.js:776
[ 1826938ms] [LOG] [Fast Refresh] done in 365ms @ http://localhost:3000/_next/static/chunks/node_modules_next_dist_1e8vcs8._.js:776
[ 1827000ms] [LOG] [Fast Refresh] done in 365ms @ http://localhost:3000/_next/static/chunks/node_modules_next_dist_1e8vcs8._.js:776
[ 1827063ms] [LOG] [Fast Refresh] done in 365ms @ http://localhost:3000/_next/static/chunks/node_modules_next_dist_1e8vcs8._.js:776
[ 1827128ms] [LOG] [Fast Refresh] done in 365ms @ http://localhost:3000/_next/static/chunks/node_modules_next_dist_1e8vcs8._.js:776
[ 1827188ms] [LOG] [Fast Refresh] done in 365ms @ http://localhost:3000/_next/static/chunks/node_modules_next_dist_1e8vcs8._.js:776
[ 1827250ms] [LOG] [Fast Refresh] done in 365ms @ http://localhost:3000/_next/static/chunks/node_modules_next_dist_1e8vcs8._.js:776
[ 1827314ms] [LOG] [Fast Refresh] done in 365ms @ http://localhost:3000/_next/static/chunks/node_modules_next_dist_1e8vcs8._.js:776
[ 1827378ms] [LOG] [Fast Refresh] done in 365ms @ http://localhost:3000/_next/static/chunks/node_modules_next_dist_1e8vcs8._.js:776
[ 1827452ms] [LOG] [Fast Refresh] done in 365ms @ http://localhost:3000/_next/static/chunks/node_modules_next_dist_1e8vcs8._.js:776
[ 1827516ms] [LOG] [Fast Refresh] done in 365ms @ http://localhost:3000/_next/static/chunks/node_modules_next_dist_1e8vcs8._.js:776
[ 1827580ms] [LOG] [Fast Refresh] done in 365ms @ http://localhost:3000/_next/static/chunks/node_modules_next_dist_1e8vcs8._.js:776
[ 1827640ms] [LOG] [Fast Refresh] done in 365ms @ http://localhost:3000/_next/static/chunks/node_modules_next_dist_1e8vcs8._.js:776
[ 1827702ms] [LOG] [Fast Refresh] done in 365ms @ http://localhost:3000/_next/static/chunks/node_modules_next_dist_1e8vcs8._.js:776
[ 1827781ms] [LOG] [Fast Refresh] done in 365ms @ http://localhost:3000/_next/static/chunks/node_modules_next_dist_1e8vcs8._.js:776
[ 1827855ms] [LOG] [Fast Refresh] done in 365ms @ http://localhost:3000/_next/static/chunks/node_modules_next_dist_1e8vcs8._.js:776
[ 1827918ms] [LOG] [Fast Refresh] done in 365ms @ http://localhost:3000/_next/static/chunks/node_modules_next_dist_1e8vcs8._.js:776
[ 1827982ms] [LOG] [Fast Refresh] done in 365ms @ http://localhost:3000/_next/static/chunks/node_modules_next_dist_1e8vcs8._.js:776
[ 1828044ms] [LOG] [Fast Refresh] done in 365ms @ http://localhost:3000/_next/static/chunks/node_modules_next_dist_1e8vcs8._.js:776
[ 1828118ms] [LOG] [Fast Refresh] done in 365ms @ http://localhost:3000/_next/static/chunks/node_modules_next_dist_1e8vcs8._.js:776
[ 1828180ms] [LOG] [Fast Refresh] done in 365ms @ http://localhost:3000/_next/static/chunks/node_modules_next_dist_1e8vcs8._.js:776
[ 1828240ms] [LOG] [Fast Refresh] done in 365ms @ http://localhost:3000/_next/static/chunks/node_modules_next_dist_1e8vcs8._.js:776
[ 1828304ms] [LOG] [Fast Refresh] done in 365ms @ http://localhost:3000/_next/static/chunks/node_modules_next_dist_1e8vcs8._.js:776
[ 1828383ms] [LOG] [Fast Refresh] done in 365ms @ http://localhost:3000/_next/static/chunks/node_modules_next_dist_1e8vcs8._.js:776
[ 1828463ms] [LOG] [Fast Refresh] done in 365ms @ http://localhost:3000/_next/static/chunks/node_modules_next_dist_1e8vcs8._.js:776
[ 1828536ms] [LOG] [Fast Refresh] done in 365ms @ http://localhost:3000/_next/static/chunks/node_modules_next_dist_1e8vcs8._.js:776
[ 1828600ms] [LOG] [Fast Refresh] done in 365ms @ http://localhost:3000/_next/static/chunks/node_modules_next_dist_1e8vcs8._.js:776
[ 1828663ms] [LOG] [Fast Refresh] done in 365ms @ http://localhost:3000/_next/static/chunks/node_modules_next_dist_1e8vcs8._.js:776
[ 1828737ms] [LOG] [Fast Refresh] done in 365ms @ http://localhost:3000/_next/static/chunks/node_modules_next_dist_1e8vcs8._.js:776
[ 1828816ms] [LOG] [Fast Refresh] done in 365ms @ http://localhost:3000/_next/static/chunks/node_modules_next_dist_1e8vcs8._.js:776
[ 1828880ms] [LOG] [Fast Refresh] done in 365ms @ http://localhost:3000/_next/static/chunks/node_modules_next_dist_1e8vcs8._.js:776
[ 1828953ms] [LOG] [Fast Refresh] done in 365ms @ http://localhost:3000/_next/static/chunks/node_modules_next_dist_1e8vcs8._.js:776
[ 1829033ms] [LOG] [Fast Refresh] done in 365ms @ http://localhost:3000/_next/static/chunks/node_modules_next_dist_1e8vcs8._.js:776
[ 1829120ms] [LOG] [Fast Refresh] done in 365ms @ http://localhost:3000/_next/static/chunks/node_modules_next_dist_1e8vcs8._.js:776
[ 1829188ms] [LOG] [Fast Refresh] done in 365ms @ http://localhost:3000/_next/static/chunks/node_modules_next_dist_1e8vcs8._.js:776
[ 1829268ms] [LOG] [Fast Refresh] done in 365ms @ http://localhost:3000/_next/static/chunks/node_modules_next_dist_1e8vcs8._.js:776
[ 1829332ms] [LOG] [Fast Refresh] done in 365ms @ http://localhost:3000/_next/static/chunks/node_modules_next_dist_1e8vcs8._.js:776
[ 1829392ms] [LOG] [Fast Refresh] done in 365ms @ http://localhost:3000/_next/static/chunks/node_modules_next_dist_1e8vcs8._.js:776
[ 1829469ms] [LOG] [Fast Refresh] done in 365ms @ http://localhost:3000/_next/static/chunks/node_modules_next_dist_1e8vcs8._.js:776
[ 1829546ms] [LOG] [Fast Refresh] done in 365ms @ http://localhost:3000/_next/static/chunks/node_modules_next_dist_1e8vcs8._.js:776
[ 1829612ms] [LOG] [Fast Refresh] done in 365ms @ http://localhost:3000/_next/static/chunks/node_modules_next_dist_1e8vcs8._.js:776
[ 1829672ms] [LOG] [Fast Refresh] done in 365ms @ http://localhost:3000/_next/static/chunks/node_modules_next_dist_1e8vcs8._.js:776
[ 1829750ms] [LOG] [Fast Refresh] done in 365ms @ http://localhost:3000/_next/static/chunks/node_modules_next_dist_1e8vcs8._.js:776
[ 1829813ms] [LOG] [Fast Refresh] done in 365ms @ http://localhost:3000/_next/static/chunks/node_modules_next_dist_1e8vcs8._.js:776
[ 1829874ms] [LOG] [Fast Refresh] done in 365ms @ http://localhost:3000/_next/static/chunks/node_modules_next_dist_1e8vcs8._.js:776
[ 1829951ms] [LOG] [Fast Refresh] done in 365ms @ http://localhost:3000/_next/static/chunks/node_modules_next_dist_1e8vcs8._.js:776
[ 1830031ms] [LOG] [Fast Refresh] done in 365ms @ http://localhost:3000/_next/static/chunks/node_modules_next_dist_1e8vcs8._.js:776
[ 1830091ms] [LOG] [Fast Refresh] done in 365ms @ http://localhost:3000/_next/static/chunks/node_modules_next_dist_1e8vcs8._.js:776
[ 1830168ms] [LOG] [Fast Refresh] done in 365ms @ http://localhost:3000/_next/static/chunks/node_modules_next_dist_1e8vcs8._.js:776
[ 1830231ms] [LOG] [Fast Refresh] done in 365ms @ http://localhost:3000/_next/static/chunks/node_modules_next_dist_1e8vcs8._.js:776
[ 1830312ms] [LOG] [Fast Refresh] done in 365ms @ http://localhost:3000/_next/static/chunks/node_modules_next_dist_1e8vcs8._.js:776
[ 1830371ms] [LOG] [Fast Refresh] done in 365ms @ http://localhost:3000/_next/static/chunks/node_modules_next_dist_1e8vcs8._.js:776
[ 1830434ms] [LOG] [Fast Refresh] done in 365ms @ http://localhost:3000/_next/static/chunks/node_modules_next_dist_1e8vcs8._.js:776
[ 1830496ms] [LOG] [Fast Refresh] done in 365ms @ http://localhost:3000/_next/static/chunks/node_modules_next_dist_1e8vcs8._.js:776
[ 1830557ms] [LOG] [Fast Refresh] done in 365ms @ http://localhost:3000/_next/static/chunks/node_modules_next_dist_1e8vcs8._.js:776
[ 1830619ms] [LOG] [Fast Refresh] done in 365ms @ http://localhost:3000/_next/static/chunks/node_modules_next_dist_1e8vcs8._.js:776
[ 1830683ms] [LOG] [Fast Refresh] done in 365ms @ http://localhost:3000/_next/static/chunks/node_modules_next_dist_1e8vcs8._.js:776
[ 1830746ms] [LOG] [Fast Refresh] done in 365ms @ http://localhost:3000/_next/static/chunks/node_modules_next_dist_1e8vcs8._.js:776
[ 1830807ms] [LOG] [Fast Refresh] done in 365ms @ http://localhost:3000/_next/static/chunks/node_modules_next_dist_1e8vcs8._.js:776
[ 1830885ms] [LOG] [Fast Refresh] done in 365ms @ http://localhost:3000/_next/static/chunks/node_modules_next_dist_1e8vcs8._.js:776
[ 1830966ms] [LOG] [Fast Refresh] done in 365ms @ http://localhost:3000/_next/static/chunks/node_modules_next_dist_1e8vcs8._.js:776
[ 1831039ms] [LOG] [Fast Refresh] done in 365ms @ http://localhost:3000/_next/static/chunks/node_modules_next_dist_1e8vcs8._.js:776
[ 1831135ms] [LOG] [Fast Refresh] done in 365ms @ http://localhost:3000/_next/static/chunks/node_modules_next_dist_1e8vcs8._.js:776
[ 1831214ms] [LOG] [Fast Refresh] done in 365ms @ http://localhost:3000/_next/static/chunks/node_modules_next_dist_1e8vcs8._.js:776
[ 1831273ms] [LOG] [Fast Refresh] done in 365ms @ http://localhost:3000/_next/static/chunks/node_modules_next_dist_1e8vcs8._.js:776
[ 1831351ms] [LOG] [Fast Refresh] done in 365ms @ http://localhost:3000/_next/static/chunks/node_modules_next_dist_1e8vcs8._.js:776
[ 1831414ms] [LOG] [Fast Refresh] done in 365ms @ http://localhost:3000/_next/static/chunks/node_modules_next_dist_1e8vcs8._.js:776
[ 1831478ms] [LOG] [Fast Refresh] done in 365ms @ http://localhost:3000/_next/static/chunks/node_modules_next_dist_1e8vcs8._.js:776
[ 1831553ms] [LOG] [Fast Refresh] done in 365ms @ http://localhost:3000/_next/static/chunks/node_modules_next_dist_1e8vcs8._.js:776
[ 1831633ms] [LOG] [Fast Refresh] done in 365ms @ http://localhost:3000/_next/static/chunks/node_modules_next_dist_1e8vcs8._.js:776
[ 1831695ms] [LOG] [Fast Refresh] done in 365ms @ http://localhost:3000/_next/static/chunks/node_modules_next_dist_1e8vcs8._.js:776
[ 1831756ms] [LOG] [Fast Refresh] done in 365ms @ http://localhost:3000/_next/static/chunks/node_modules_next_dist_1e8vcs8._.js:776
[ 1831819ms] [LOG] [Fast Refresh] done in 365ms @ http://localhost:3000/_next/static/chunks/node_modules_next_dist_1e8vcs8._.js:776
[ 1831881ms] [LOG] [Fast Refresh] done in 365ms @ http://localhost:3000/_next/static/chunks/node_modules_next_dist_1e8vcs8._.js:776
[ 1831945ms] [LOG] [Fast Refresh] done in 365ms @ http://localhost:3000/_next/static/chunks/node_modules_next_dist_1e8vcs8._.js:776
[ 1832006ms] [LOG] [Fast Refresh] done in 365ms @ http://localhost:3000/_next/static/chunks/node_modules_next_dist_1e8vcs8._.js:776
[ 1832069ms] [LOG] [Fast Refresh] done in 365ms @ http://localhost:3000/_next/static/chunks/node_modules_next_dist_1e8vcs8._.js:776
[ 1832130ms] [LOG] [Fast Refresh] done in 365ms @ http://localhost:3000/_next/static/chunks/node_modules_next_dist_1e8vcs8._.js:776
[ 1832192ms] [LOG] [Fast Refresh] done in 365ms @ http://localhost:3000/_next/static/chunks/node_modules_next_dist_1e8vcs8._.js:776
[ 1832253ms] [LOG] [Fast Refresh] done in 365ms @ http://localhost:3000/_next/static/chunks/node_modules_next_dist_1e8vcs8._.js:776
[ 1832316ms] [LOG] [Fast Refresh] done in 365ms @ http://localhost:3000/_next/static/chunks/node_modules_next_dist_1e8vcs8._.js:776
[ 1832380ms] [LOG] [Fast Refresh] done in 365ms @ http://localhost:3000/_next/static/chunks/node_modules_next_dist_1e8vcs8._.js:776
[ 1832439ms] [LOG] [Fast Refresh] done in 365ms @ http://localhost:3000/_next/static/chunks/node_modules_next_dist_1e8vcs8._.js:776
[ 1832502ms] [LOG] [Fast Refresh] done in 365ms @ http://localhost:3000/_next/static/chunks/node_modules_next_dist_1e8vcs8._.js:776
[ 1832566ms] [LOG] [Fast Refresh] done in 365ms @ http://localhost:3000/_next/static/chunks/node_modules_next_dist_1e8vcs8._.js:776
[ 1832630ms] [LOG] [Fast Refresh] done in 365ms @ http://localhost:3000/_next/static/chunks/node_modules_next_dist_1e8vcs8._.js:776
[ 1832690ms] [LOG] [Fast Refresh] done in 365ms @ http://localhost:3000/_next/static/chunks/node_modules_next_dist_1e8vcs8._.js:776
[ 1832752ms] [LOG] [Fast Refresh] done in 365ms @ http://localhost:3000/_next/static/chunks/node_modules_next_dist_1e8vcs8._.js:776
[ 1832817ms] [LOG] [Fast Refresh] done in 365ms @ http://localhost:3000/_next/static/chunks/node_modules_next_dist_1e8vcs8._.js:776
[ 1832879ms] [LOG] [Fast Refresh] done in 365ms @ http://localhost:3000/_next/static/chunks/node_modules_next_dist_1e8vcs8._.js:776
[ 1832944ms] [LOG] [Fast Refresh] done in 365ms @ http://localhost:3000/_next/static/chunks/node_modules_next_dist_1e8vcs8._.js:776
[ 1833004ms] [LOG] [Fast Refresh] done in 365ms @ http://localhost:3000/_next/static/chunks/node_modules_next_dist_1e8vcs8._.js:776
[ 1833067ms] [LOG] [Fast Refresh] done in 365ms @ http://localhost:3000/_next/static/chunks/node_modules_next_dist_1e8vcs8._.js:776
[ 1833131ms] [LOG] [Fast Refresh] done in 365ms @ http://localhost:3000/_next/static/chunks/node_modules_next_dist_1e8vcs8._.js:776
[ 1833190ms] [LOG] [Fast Refresh] done in 365ms @ http://localhost:3000/_next/static/chunks/node_modules_next_dist_1e8vcs8._.js:776
[ 1833268ms] [LOG] [Fast Refresh] done in 365ms @ http://localhost:3000/_next/static/chunks/node_modules_next_dist_1e8vcs8._.js:776
[ 1833331ms] [LOG] [Fast Refresh] done in 365ms @ http://localhost:3000/_next/static/chunks/node_modules_next_dist_1e8vcs8._.js:776
[ 1833412ms] [LOG] [Fast Refresh] done in 365ms @ http://localhost:3000/_next/static/chunks/node_modules_next_dist_1e8vcs8._.js:776
[ 1833470ms] [LOG] [Fast Refresh] done in 365ms @ http://localhost:3000/_next/static/chunks/node_modules_next_dist_1e8vcs8._.js:776
[ 1833549ms] [LOG] [Fast Refresh] done in 365ms @ http://localhost:3000/_next/static/chunks/node_modules_next_dist_1e8vcs8._.js:776
[ 1833613ms] [LOG] [Fast Refresh] done in 365ms @ http://localhost:3000/_next/static/chunks/node_modules_next_dist_1e8vcs8._.js:776
[ 1833673ms] [LOG] [Fast Refresh] done in 365ms @ http://localhost:3000/_next/static/chunks/node_modules_next_dist_1e8vcs8._.js:776
[ 1833750ms] [LOG] [Fast Refresh] done in 365ms @ http://localhost:3000/_next/static/chunks/node_modules_next_dist_1e8vcs8._.js:776
[ 1833813ms] [LOG] [Fast Refresh] done in 365ms @ http://localhost:3000/_next/static/chunks/node_modules_next_dist_1e8vcs8._.js:776
[ 1833874ms] [LOG] [Fast Refresh] done in 365ms @ http://localhost:3000/_next/static/chunks/node_modules_next_dist_1e8vcs8._.js:776
[ 1833935ms] [LOG] [Fast Refresh] done in 365ms @ http://localhost:3000/_next/static/chunks/node_modules_next_dist_1e8vcs8._.js:776
[ 1834000ms] [LOG] [Fast Refresh] done in 365ms @ http://localhost:3000/_next/static/chunks/node_modules_next_dist_1e8vcs8._.js:776
[ 1834063ms] [LOG] [Fast Refresh] done in 365ms @ http://localhost:3000/_next/static/chunks/node_modules_next_dist_1e8vcs8._.js:776
[ 1834123ms] [LOG] [Fast Refresh] done in 365ms @ http://localhost:3000/_next/static/chunks/node_modules_next_dist_1e8vcs8._.js:776
[ 1834185ms] [LOG] [Fast Refresh] done in 365ms @ http://localhost:3000/_next/static/chunks/node_modules_next_dist_1e8vcs8._.js:776
[ 1834247ms] [LOG] [Fast Refresh] done in 365ms @ http://localhost:3000/_next/static/chunks/node_modules_next_dist_1e8vcs8._.js:776
[ 1834314ms] [LOG] [Fast Refresh] done in 365ms @ http://localhost:3000/_next/static/chunks/node_modules_next_dist_1e8vcs8._.js:776
[ 1834371ms] [LOG] [Fast Refresh] done in 365ms @ http://localhost:3000/_next/static/chunks/node_modules_next_dist_1e8vcs8._.js:776
[ 1834434ms] [LOG] [Fast Refresh] done in 365ms @ http://localhost:3000/_next/static/chunks/node_modules_next_dist_1e8vcs8._.js:776
[ 1834516ms] [LOG] [Fast Refresh] done in 365ms @ http://localhost:3000/_next/static/chunks/node_modules_next_dist_1e8vcs8._.js:776
[ 1834590ms] [LOG] [Fast Refresh] done in 365ms @ http://localhost:3000/_next/static/chunks/node_modules_next_dist_1e8vcs8._.js:776
[ 1834652ms] [LOG] [Fast Refresh] done in 365ms @ http://localhost:3000/_next/static/chunks/node_modules_next_dist_1e8vcs8._.js:776
[ 1834731ms] [LOG] [Fast Refresh] done in 365ms @ http://localhost:3000/_next/static/chunks/node_modules_next_dist_1e8vcs8._.js:776
[ 1834796ms] [LOG] [Fast Refresh] done in 365ms @ http://localhost:3000/_next/static/chunks/node_modules_next_dist_1e8vcs8._.js:776
[ 1834854ms] [LOG] [Fast Refresh] done in 365ms @ http://localhost:3000/_next/static/chunks/node_modules_next_dist_1e8vcs8._.js:776
[ 1834933ms] [LOG] [Fast Refresh] done in 365ms @ http://localhost:3000/_next/static/chunks/node_modules_next_dist_1e8vcs8._.js:776
[ 1835013ms] [LOG] [Fast Refresh] done in 365ms @ http://localhost:3000/_next/static/chunks/node_modules_next_dist_1e8vcs8._.js:776
[ 1835089ms] [LOG] [Fast Refresh] done in 365ms @ http://localhost:3000/_next/static/chunks/node_modules_next_dist_1e8vcs8._.js:776
[ 1835169ms] [LOG] [Fast Refresh] done in 365ms @ http://localhost:3000/_next/static/chunks/node_modules_next_dist_1e8vcs8._.js:776
[ 1835246ms] [LOG] [Fast Refresh] done in 365ms @ http://localhost:3000/_next/static/chunks/node_modules_next_dist_1e8vcs8._.js:776
[ 1835307ms] [LOG] [Fast Refresh] done in 365ms @ http://localhost:3000/_next/static/chunks/node_modules_next_dist_1e8vcs8._.js:776
[ 1835370ms] [LOG] [Fast Refresh] done in 365ms @ http://localhost:3000/_next/static/chunks/node_modules_next_dist_1e8vcs8._.js:776
[ 1835449ms] [LOG] [Fast Refresh] done in 365ms @ http://localhost:3000/_next/static/chunks/node_modules_next_dist_1e8vcs8._.js:776
[ 1835516ms] [LOG] [Fast Refresh] done in 365ms @ http://localhost:3000/_next/static/chunks/node_modules_next_dist_1e8vcs8._.js:776
[ 1835590ms] [LOG] [Fast Refresh] done in 365ms @ http://localhost:3000/_next/static/chunks/node_modules_next_dist_1e8vcs8._.js:776
[ 1835652ms] [LOG] [Fast Refresh] done in 365ms @ http://localhost:3000/_next/static/chunks/node_modules_next_dist_1e8vcs8._.js:776
[ 1835732ms] [LOG] [Fast Refresh] done in 365ms @ http://localhost:3000/_next/static/chunks/node_modules_next_dist_1e8vcs8._.js:776
[ 1835794ms] [LOG] [Fast Refresh] done in 365ms @ http://localhost:3000/_next/static/chunks/node_modules_next_dist_1e8vcs8._.js:776
[ 1835868ms] [LOG] [Fast Refresh] done in 365ms @ http://localhost:3000/_next/static/chunks/node_modules_next_dist_1e8vcs8._.js:776
[ 1835932ms] [LOG] [Fast Refresh] done in 365ms @ http://localhost:3000/_next/static/chunks/node_modules_next_dist_1e8vcs8._.js:776
[ 1835997ms] [LOG] [Fast Refresh] done in 365ms @ http://localhost:3000/_next/static/chunks/node_modules_next_dist_1e8vcs8._.js:776
[ 1836055ms] [LOG] [Fast Refresh] done in 365ms @ http://localhost:3000/_next/static/chunks/node_modules_next_dist_1e8vcs8._.js:776
[ 1836117ms] [LOG] [Fast Refresh] done in 365ms @ http://localhost:3000/_next/static/chunks/node_modules_next_dist_1e8vcs8._.js:776
[ 1836180ms] [LOG] [Fast Refresh] done in 365ms @ http://localhost:3000/_next/static/chunks/node_modules_next_dist_1e8vcs8._.js:776
[ 1836241ms] [LOG] [Fast Refresh] done in 365ms @ http://localhost:3000/_next/static/chunks/node_modules_next_dist_1e8vcs8._.js:776
[ 1836302ms] [LOG] [Fast Refresh] done in 365ms @ http://localhost:3000/_next/static/chunks/node_modules_next_dist_1e8vcs8._.js:776
[ 1836367ms] [LOG] [Fast Refresh] done in 365ms @ http://localhost:3000/_next/static/chunks/node_modules_next_dist_1e8vcs8._.js:776
[ 1836430ms] [LOG] [Fast Refresh] done in 365ms @ http://localhost:3000/_next/static/chunks/node_modules_next_dist_1e8vcs8._.js:776
[ 1836489ms] [LOG] [Fast Refresh] done in 365ms @ http://localhost:3000/_next/static/chunks/node_modules_next_dist_1e8vcs8._.js:776
[ 1836553ms] [LOG] [Fast Refresh] done in 365ms @ http://localhost:3000/_next/static/chunks/node_modules_next_dist_1e8vcs8._.js:776
[ 1836697ms] [LOG] [Fast Refresh] done in 365ms @ http://localhost:3000/_next/static/chunks/node_modules_next_dist_1e8vcs8._.js:776
[ 1836786ms] [LOG] [Fast Refresh] done in 365ms @ http://localhost:3000/_next/static/chunks/node_modules_next_dist_1e8vcs8._.js:776
[ 1836847ms] [LOG] [Fast Refresh] done in 365ms @ http://localhost:3000/_next/static/chunks/node_modules_next_dist_1e8vcs8._.js:776
[ 1836914ms] [LOG] [Fast Refresh] done in 365ms @ http://localhost:3000/_next/static/chunks/node_modules_next_dist_1e8vcs8._.js:776
[ 1836972ms] [LOG] [Fast Refresh] done in 365ms @ http://localhost:3000/_next/static/chunks/node_modules_next_dist_1e8vcs8._.js:776
[ 1837035ms] [LOG] [Fast Refresh] done in 365ms @ http://localhost:3000/_next/static/chunks/node_modules_next_dist_1e8vcs8._.js:776
[ 1837099ms] [LOG] [Fast Refresh] done in 365ms @ http://localhost:3000/_next/static/chunks/node_modules_next_dist_1e8vcs8._.js:776
[ 1837165ms] [LOG] [Fast Refresh] done in 365ms @ http://localhost:3000/_next/static/chunks/node_modules_next_dist_1e8vcs8._.js:776
[ 1837221ms] [LOG] [Fast Refresh] done in 365ms @ http://localhost:3000/_next/static/chunks/node_modules_next_dist_1e8vcs8._.js:776
[ 1837300ms] [LOG] [Fast Refresh] done in 365ms @ http://localhost:3000/_next/static/chunks/node_modules_next_dist_1e8vcs8._.js:776
[ 1837366ms] [LOG] [Fast Refresh] done in 365ms @ http://localhost:3000/_next/static/chunks/node_modules_next_dist_1e8vcs8._.js:776
[ 1837439ms] [LOG] [Fast Refresh] done in 365ms @ http://localhost:3000/_next/static/chunks/node_modules_next_dist_1e8vcs8._.js:776
[ 1837502ms] [LOG] [Fast Refresh] done in 365ms @ http://localhost:3000/_next/static/chunks/node_modules_next_dist_1e8vcs8._.js:776
[ 1837582ms] [LOG] [Fast Refresh] done in 365ms @ http://localhost:3000/_next/static/chunks/node_modules_next_dist_1e8vcs8._.js:776
[ 1837646ms] [LOG] [Fast Refresh] done in 365ms @ http://localhost:3000/_next/static/chunks/node_modules_next_dist_1e8vcs8._.js:776
[ 1837706ms] [LOG] [Fast Refresh] done in 365ms @ http://localhost:3000/_next/static/chunks/node_modules_next_dist_1e8vcs8._.js:776
[ 1837768ms] [LOG] [Fast Refresh] done in 365ms @ http://localhost:3000/_next/static/chunks/node_modules_next_dist_1e8vcs8._.js:776
[ 1837849ms] [LOG] [Fast Refresh] done in 365ms @ http://localhost:3000/_next/static/chunks/node_modules_next_dist_1e8vcs8._.js:776
[ 1837922ms] [LOG] [Fast Refresh] done in 365ms @ http://localhost:3000/_next/static/chunks/node_modules_next_dist_1e8vcs8._.js:776
[ 1838002ms] [LOG] [Fast Refresh] done in 365ms @ http://localhost:3000/_next/static/chunks/node_modules_next_dist_1e8vcs8._.js:776
[ 1838064ms] [LOG] [Fast Refresh] done in 365ms @ http://localhost:3000/_next/static/chunks/node_modules_next_dist_1e8vcs8._.js:776
[ 1838124ms] [LOG] [Fast Refresh] done in 365ms @ http://localhost:3000/_next/static/chunks/node_modules_next_dist_1e8vcs8._.js:776
[ 1838186ms] [LOG] [Fast Refresh] done in 365ms @ http://localhost:3000/_next/static/chunks/node_modules_next_dist_1e8vcs8._.js:776
[ 1838250ms] [LOG] [Fast Refresh] done in 365ms @ http://localhost:3000/_next/static/chunks/node_modules_next_dist_1e8vcs8._.js:776
[ 1838312ms] [LOG] [Fast Refresh] done in 365ms @ http://localhost:3000/_next/static/chunks/node_modules_next_dist_1e8vcs8._.js:776
[ 1838387ms] [LOG] [Fast Refresh] done in 365ms @ http://localhost:3000/_next/static/chunks/node_modules_next_dist_1e8vcs8._.js:776
[ 1838451ms] [LOG] [Fast Refresh] done in 365ms @ http://localhost:3000/_next/static/chunks/node_modules_next_dist_1e8vcs8._.js:776
[ 1838533ms] [LOG] [Fast Refresh] done in 365ms @ http://localhost:3000/_next/static/chunks/node_modules_next_dist_1e8vcs8._.js:776
[ 1838606ms] [LOG] [Fast Refresh] done in 365ms @ http://localhost:3000/_next/static/chunks/node_modules_next_dist_1e8vcs8._.js:776
[ 1838684ms] [LOG] [Fast Refresh] done in 365ms @ http://localhost:3000/_next/static/chunks/node_modules_next_dist_1e8vcs8._.js:776
[ 1838748ms] [LOG] [Fast Refresh] done in 365ms @ http://localhost:3000/_next/static/chunks/node_modules_next_dist_1e8vcs8._.js:776
[ 1838822ms] [LOG] [Fast Refresh] done in 365ms @ http://localhost:3000/_next/static/chunks/node_modules_next_dist_1e8vcs8._.js:776
[ 1838901ms] [LOG] [Fast Refresh] done in 365ms @ http://localhost:3000/_next/static/chunks/node_modules_next_dist_1e8vcs8._.js:776
[ 1838980ms] [LOG] [Fast Refresh] done in 365ms @ http://localhost:3000/_next/static/chunks/node_modules_next_dist_1e8vcs8._.js:776
[ 1839039ms] [LOG] [Fast Refresh] done in 365ms @ http://localhost:3000/_next/static/chunks/node_modules_next_dist_1e8vcs8._.js:776
[ 1839102ms] [LOG] [Fast Refresh] done in 365ms @ http://localhost:3000/_next/static/chunks/node_modules_next_dist_1e8vcs8._.js:776
[ 1839165ms] [LOG] [Fast Refresh] done in 365ms @ http://localhost:3000/_next/static/chunks/node_modules_next_dist_1e8vcs8._.js:776
[ 1839229ms] [LOG] [Fast Refresh] done in 365ms @ http://localhost:3000/_next/static/chunks/node_modules_next_dist_1e8vcs8._.js:776
[ 1839290ms] [LOG] [Fast Refresh] done in 365ms @ http://localhost:3000/_next/static/chunks/node_modules_next_dist_1e8vcs8._.js:776
[ 1839351ms] [LOG] [Fast Refresh] done in 365ms @ http://localhost:3000/_next/static/chunks/node_modules_next_dist_1e8vcs8._.js:776
[ 1839414ms] [LOG] [Fast Refresh] done in 365ms @ http://localhost:3000/_next/static/chunks/node_modules_next_dist_1e8vcs8._.js:776
[ 1839474ms] [LOG] [Fast Refresh] done in 365ms @ http://localhost:3000/_next/static/chunks/node_modules_next_dist_1e8vcs8._.js:776
[ 1839538ms] [LOG] [Fast Refresh] done in 365ms @ http://localhost:3000/_next/static/chunks/node_modules_next_dist_1e8vcs8._.js:776
[ 1839600ms] [LOG] [Fast Refresh] done in 365ms @ http://localhost:3000/_next/static/chunks/node_modules_next_dist_1e8vcs8._.js:776
[ 1839663ms] [LOG] [Fast Refresh] done in 365ms @ http://localhost:3000/_next/static/chunks/node_modules_next_dist_1e8vcs8._.js:776
[ 1839723ms] [LOG] [Fast Refresh] done in 365ms @ http://localhost:3000/_next/static/chunks/node_modules_next_dist_1e8vcs8._.js:776
[ 1839787ms] [LOG] [Fast Refresh] done in 365ms @ http://localhost:3000/_next/static/chunks/node_modules_next_dist_1e8vcs8._.js:776
[ 1839850ms] [LOG] [Fast Refresh] done in 365ms @ http://localhost:3000/_next/static/chunks/node_modules_next_dist_1e8vcs8._.js:776
[ 1839913ms] [LOG] [Fast Refresh] done in 365ms @ http://localhost:3000/_next/static/chunks/node_modules_next_dist_1e8vcs8._.js:776
[ 1839972ms] [LOG] [Fast Refresh] done in 365ms @ http://localhost:3000/_next/static/chunks/node_modules_next_dist_1e8vcs8._.js:776
[ 1840035ms] [LOG] [Fast Refresh] done in 365ms @ http://localhost:3000/_next/static/chunks/node_modules_next_dist_1e8vcs8._.js:776
[ 1840099ms] [LOG] [Fast Refresh] done in 365ms @ http://localhost:3000/_next/static/chunks/node_modules_next_dist_1e8vcs8._.js:776
[ 1840162ms] [LOG] [Fast Refresh] done in 365ms @ http://localhost:3000/_next/static/chunks/node_modules_next_dist_1e8vcs8._.js:776
[ 1840222ms] [LOG] [Fast Refresh] done in 365ms @ http://localhost:3000/_next/static/chunks/node_modules_next_dist_1e8vcs8._.js:776
[ 1840284ms] [LOG] [Fast Refresh] done in 365ms @ http://localhost:3000/_next/static/chunks/node_modules_next_dist_1e8vcs8._.js:776
[ 1840347ms] [LOG] [Fast Refresh] done in 365ms @ http://localhost:3000/_next/static/chunks/node_modules_next_dist_1e8vcs8._.js:776
[ 1840413ms] [LOG] [Fast Refresh] done in 365ms @ http://localhost:3000/_next/static/chunks/node_modules_next_dist_1e8vcs8._.js:776
[ 1840472ms] [LOG] [Fast Refresh] done in 365ms @ http://localhost:3000/_next/static/chunks/node_modules_next_dist_1e8vcs8._.js:776
[ 1840534ms] [LOG] [Fast Refresh] done in 365ms @ http://localhost:3000/_next/static/chunks/node_modules_next_dist_1e8vcs8._.js:776
[ 1840598ms] [LOG] [Fast Refresh] done in 365ms @ http://localhost:3000/_next/static/chunks/node_modules_next_dist_1e8vcs8._.js:776
[ 1840664ms] [LOG] [Fast Refresh] done in 365ms @ http://localhost:3000/_next/static/chunks/node_modules_next_dist_1e8vcs8._.js:776
[ 1840722ms] [LOG] [Fast Refresh] done in 365ms @ http://localhost:3000/_next/static/chunks/node_modules_next_dist_1e8vcs8._.js:776
[ 1840785ms] [LOG] [Fast Refresh] done in 365ms @ http://localhost:3000/_next/static/chunks/node_modules_next_dist_1e8vcs8._.js:776
[ 1840848ms] [LOG] [Fast Refresh] done in 365ms @ http://localhost:3000/_next/static/chunks/node_modules_next_dist_1e8vcs8._.js:776
[ 1840913ms] [LOG] [Fast Refresh] done in 365ms @ http://localhost:3000/_next/static/chunks/node_modules_next_dist_1e8vcs8._.js:776
[ 1840972ms] [LOG] [Fast Refresh] done in 365ms @ http://localhost:3000/_next/static/chunks/node_modules_next_dist_1e8vcs8._.js:776
[ 1841035ms] [LOG] [Fast Refresh] done in 365ms @ http://localhost:3000/_next/static/chunks/node_modules_next_dist_1e8vcs8._.js:776
[ 1841098ms] [LOG] [Fast Refresh] done in 365ms @ http://localhost:3000/_next/static/chunks/node_modules_next_dist_1e8vcs8._.js:776
[ 1841163ms] [LOG] [Fast Refresh] done in 365ms @ http://localhost:3000/_next/static/chunks/node_modules_next_dist_1e8vcs8._.js:776
[ 1841221ms] [LOG] [Fast Refresh] done in 365ms @ http://localhost:3000/_next/static/chunks/node_modules_next_dist_1e8vcs8._.js:776
[ 1841283ms] [LOG] [Fast Refresh] done in 365ms @ http://localhost:3000/_next/static/chunks/node_modules_next_dist_1e8vcs8._.js:776
[ 1841346ms] [LOG] [Fast Refresh] done in 365ms @ http://localhost:3000/_next/static/chunks/node_modules_next_dist_1e8vcs8._.js:776
[ 1841408ms] [LOG] [Fast Refresh] done in 365ms @ http://localhost:3000/_next/static/chunks/node_modules_next_dist_1e8vcs8._.js:776
[ 1841471ms] [LOG] [Fast Refresh] done in 365ms @ http://localhost:3000/_next/static/chunks/node_modules_next_dist_1e8vcs8._.js:776
[ 1841534ms] [LOG] [Fast Refresh] done in 365ms @ http://localhost:3000/_next/static/chunks/node_modules_next_dist_1e8vcs8._.js:776
[ 1841597ms] [LOG] [Fast Refresh] done in 365ms @ http://localhost:3000/_next/static/chunks/node_modules_next_dist_1e8vcs8._.js:776
[ 1841662ms] [LOG] [Fast Refresh] done in 365ms @ http://localhost:3000/_next/static/chunks/node_modules_next_dist_1e8vcs8._.js:776
[ 1841721ms] [LOG] [Fast Refresh] done in 365ms @ http://localhost:3000/_next/static/chunks/node_modules_next_dist_1e8vcs8._.js:776
[ 1841836ms] [LOG] [Fast Refresh] done in 365ms @ http://localhost:3000/_next/static/chunks/node_modules_next_dist_1e8vcs8._.js:776
[ 1841906ms] [LOG] [Fast Refresh] done in 365ms @ http://localhost:3000/_next/static/chunks/node_modules_next_dist_1e8vcs8._.js:776
[ 1841985ms] [LOG] [Fast Refresh] done in 365ms @ http://localhost:3000/_next/static/chunks/node_modules_next_dist_1e8vcs8._.js:776
[ 1842065ms] [LOG] [Fast Refresh] done in 365ms @ http://localhost:3000/_next/static/chunks/node_modules_next_dist_1e8vcs8._.js:776
[ 1842125ms] [LOG] [Fast Refresh] done in 365ms @ http://localhost:3000/_next/static/chunks/node_modules_next_dist_1e8vcs8._.js:776
[ 1842187ms] [LOG] [Fast Refresh] done in 365ms @ http://localhost:3000/_next/static/chunks/node_modules_next_dist_1e8vcs8._.js:776
[ 1842250ms] [LOG] [Fast Refresh] done in 365ms @ http://localhost:3000/_next/static/chunks/node_modules_next_dist_1e8vcs8._.js:776
[ 1842312ms] [LOG] [Fast Refresh] done in 365ms @ http://localhost:3000/_next/static/chunks/node_modules_next_dist_1e8vcs8._.js:776
[ 1842375ms] [LOG] [Fast Refresh] done in 365ms @ http://localhost:3000/_next/static/chunks/node_modules_next_dist_1e8vcs8._.js:776
[ 1842437ms] [LOG] [Fast Refresh] done in 365ms @ http://localhost:3000/_next/static/chunks/node_modules_next_dist_1e8vcs8._.js:776
[ 1842501ms] [LOG] [Fast Refresh] done in 365ms @ http://localhost:3000/_next/static/chunks/node_modules_next_dist_1e8vcs8._.js:776
[ 1842563ms] [LOG] [Fast Refresh] done in 365ms @ http://localhost:3000/_next/static/chunks/node_modules_next_dist_1e8vcs8._.js:776
[ 1842624ms] [LOG] [Fast Refresh] done in 365ms @ http://localhost:3000/_next/static/chunks/node_modules_next_dist_1e8vcs8._.js:776
[ 1842686ms] [LOG] [Fast Refresh] done in 365ms @ http://localhost:3000/_next/static/chunks/node_modules_next_dist_1e8vcs8._.js:776
[ 1842749ms] [LOG] [Fast Refresh] done in 365ms @ http://localhost:3000/_next/static/chunks/node_modules_next_dist_1e8vcs8._.js:776
[ 1842824ms] [LOG] [Fast Refresh] done in 365ms @ http://localhost:3000/_next/static/chunks/node_modules_next_dist_1e8vcs8._.js:776
[ 1842903ms] [LOG] [Fast Refresh] done in 365ms @ http://localhost:3000/_next/static/chunks/node_modules_next_dist_1e8vcs8._.js:776
[ 1842967ms] [LOG] [Fast Refresh] done in 365ms @ http://localhost:3000/_next/static/chunks/node_modules_next_dist_1e8vcs8._.js:776
[ 1843030ms] [LOG] [Fast Refresh] done in 365ms @ http://localhost:3000/_next/static/chunks/node_modules_next_dist_1e8vcs8._.js:776
[ 1843090ms] [LOG] [Fast Refresh] done in 365ms @ http://localhost:3000/_next/static/chunks/node_modules_next_dist_1e8vcs8._.js:776
[ 1843153ms] [LOG] [Fast Refresh] done in 365ms @ http://localhost:3000/_next/static/chunks/node_modules_next_dist_1e8vcs8._.js:776
[ 1843215ms] [LOG] [Fast Refresh] done in 365ms @ http://localhost:3000/_next/static/chunks/node_modules_next_dist_1e8vcs8._.js:776
[ 1843278ms] [LOG] [Fast Refresh] done in 365ms @ http://localhost:3000/_next/static/chunks/node_modules_next_dist_1e8vcs8._.js:776
[ 1843354ms] [LOG] [Fast Refresh] done in 365ms @ http://localhost:3000/_next/static/chunks/node_modules_next_dist_1e8vcs8._.js:776
[ 1843416ms] [LOG] [Fast Refresh] done in 365ms @ http://localhost:3000/_next/static/chunks/node_modules_next_dist_1e8vcs8._.js:776
[ 1843481ms] [LOG] [Fast Refresh] done in 365ms @ http://localhost:3000/_next/static/chunks/node_modules_next_dist_1e8vcs8._.js:776
[ 1843542ms] [LOG] [Fast Refresh] done in 365ms @ http://localhost:3000/_next/static/chunks/node_modules_next_dist_1e8vcs8._.js:776
[ 1843604ms] [LOG] [Fast Refresh] done in 365ms @ http://localhost:3000/_next/static/chunks/node_modules_next_dist_1e8vcs8._.js:776
[ 1843666ms] [LOG] [Fast Refresh] done in 365ms @ http://localhost:3000/_next/static/chunks/node_modules_next_dist_1e8vcs8._.js:776
[ 1843730ms] [LOG] [Fast Refresh] done in 365ms @ http://localhost:3000/_next/static/chunks/node_modules_next_dist_1e8vcs8._.js:776
[ 1843791ms] [LOG] [Fast Refresh] done in 365ms @ http://localhost:3000/_next/static/chunks/node_modules_next_dist_1e8vcs8._.js:776
[ 1843853ms] [LOG] [Fast Refresh] done in 365ms @ http://localhost:3000/_next/static/chunks/node_modules_next_dist_1e8vcs8._.js:776
[ 1843916ms] [LOG] [Fast Refresh] done in 365ms @ http://localhost:3000/_next/static/chunks/node_modules_next_dist_1e8vcs8._.js:776
[ 1843980ms] [LOG] [Fast Refresh] done in 365ms @ http://localhost:3000/_next/static/chunks/node_modules_next_dist_1e8vcs8._.js:776
[ 1844040ms] [LOG] [Fast Refresh] done in 365ms @ http://localhost:3000/_next/static/chunks/node_modules_next_dist_1e8vcs8._.js:776
[ 1844103ms] [LOG] [Fast Refresh] done in 365ms @ http://localhost:3000/_next/static/chunks/node_modules_next_dist_1e8vcs8._.js:776
[ 1844182ms] [LOG] [Fast Refresh] done in 365ms @ http://localhost:3000/_next/static/chunks/node_modules_next_dist_1e8vcs8._.js:776
[ 1844245ms] [LOG] [Fast Refresh] done in 365ms @ http://localhost:3000/_next/static/chunks/node_modules_next_dist_1e8vcs8._.js:776
[ 1844307ms] [LOG] [Fast Refresh] done in 365ms @ http://localhost:3000/_next/static/chunks/node_modules_next_dist_1e8vcs8._.js:776
[ 1844369ms] [LOG] [Fast Refresh] done in 365ms @ http://localhost:3000/_next/static/chunks/node_modules_next_dist_1e8vcs8._.js:776
[ 1844432ms] [LOG] [Fast Refresh] done in 365ms @ http://localhost:3000/_next/static/chunks/node_modules_next_dist_1e8vcs8._.js:776
[ 1844495ms] [LOG] [Fast Refresh] done in 365ms @ http://localhost:3000/_next/static/chunks/node_modules_next_dist_1e8vcs8._.js:776
[ 1844556ms] [LOG] [Fast Refresh] done in 365ms @ http://localhost:3000/_next/static/chunks/node_modules_next_dist_1e8vcs8._.js:776
[ 1844619ms] [LOG] [Fast Refresh] done in 365ms @ http://localhost:3000/_next/static/chunks/node_modules_next_dist_1e8vcs8._.js:776
[ 1844681ms] [LOG] [Fast Refresh] done in 365ms @ http://localhost:3000/_next/static/chunks/node_modules_next_dist_1e8vcs8._.js:776
[ 1844746ms] [LOG] [Fast Refresh] done in 365ms @ http://localhost:3000/_next/static/chunks/node_modules_next_dist_1e8vcs8._.js:776
[ 1844804ms] [LOG] [Fast Refresh] done in 365ms @ http://localhost:3000/_next/static/chunks/node_modules_next_dist_1e8vcs8._.js:776
[ 1844866ms] [LOG] [Fast Refresh] done in 365ms @ http://localhost:3000/_next/static/chunks/node_modules_next_dist_1e8vcs8._.js:776
[ 1844929ms] [LOG] [Fast Refresh] done in 365ms @ http://localhost:3000/_next/static/chunks/node_modules_next_dist_1e8vcs8._.js:776
[ 1844990ms] [LOG] [Fast Refresh] done in 365ms @ http://localhost:3000/_next/static/chunks/node_modules_next_dist_1e8vcs8._.js:776
[ 1845053ms] [LOG] [Fast Refresh] done in 365ms @ http://localhost:3000/_next/static/chunks/node_modules_next_dist_1e8vcs8._.js:776
[ 1845116ms] [LOG] [Fast Refresh] done in 365ms @ http://localhost:3000/_next/static/chunks/node_modules_next_dist_1e8vcs8._.js:776
[ 1845181ms] [LOG] [Fast Refresh] done in 365ms @ http://localhost:3000/_next/static/chunks/node_modules_next_dist_1e8vcs8._.js:776
[ 1845244ms] [LOG] [Fast Refresh] done in 365ms @ http://localhost:3000/_next/static/chunks/node_modules_next_dist_1e8vcs8._.js:776
[ 1845319ms] [LOG] [Fast Refresh] done in 365ms @ http://localhost:3000/_next/static/chunks/node_modules_next_dist_1e8vcs8._.js:776
[ 1845400ms] [LOG] [Fast Refresh] done in 365ms @ http://localhost:3000/_next/static/chunks/node_modules_next_dist_1e8vcs8._.js:776
[ 1845476ms] [LOG] [Fast Refresh] done in 365ms @ http://localhost:3000/_next/static/chunks/node_modules_next_dist_1e8vcs8._.js:776
[ 1845553ms] [LOG] [Fast Refresh] done in 365ms @ http://localhost:3000/_next/static/chunks/node_modules_next_dist_1e8vcs8._.js:776
[ 1845617ms] [LOG] [Fast Refresh] done in 365ms @ http://localhost:3000/_next/static/chunks/node_modules_next_dist_1e8vcs8._.js:776
[ 1845699ms] [LOG] [Fast Refresh] done in 365ms @ http://localhost:3000/_next/static/chunks/node_modules_next_dist_1e8vcs8._.js:776
[ 1845763ms] [LOG] [Fast Refresh] done in 365ms @ http://localhost:3000/_next/static/chunks/node_modules_next_dist_1e8vcs8._.js:776
[ 1845837ms] [LOG] [Fast Refresh] done in 365ms @ http://localhost:3000/_next/static/chunks/node_modules_next_dist_1e8vcs8._.js:776
[ 1845900ms] [LOG] [Fast Refresh] done in 365ms @ http://localhost:3000/_next/static/chunks/node_modules_next_dist_1e8vcs8._.js:776
[ 1845964ms] [LOG] [Fast Refresh] done in 365ms @ http://localhost:3000/_next/static/chunks/node_modules_next_dist_1e8vcs8._.js:776
[ 1846024ms] [LOG] [Fast Refresh] done in 365ms @ http://localhost:3000/_next/static/chunks/node_modules_next_dist_1e8vcs8._.js:776
[ 1846102ms] [LOG] [Fast Refresh] done in 365ms @ http://localhost:3000/_next/static/chunks/node_modules_next_dist_1e8vcs8._.js:776
[ 1846166ms] [LOG] [Fast Refresh] done in 365ms @ http://localhost:3000/_next/static/chunks/node_modules_next_dist_1e8vcs8._.js:776
[ 1846247ms] [LOG] [Fast Refresh] done in 365ms @ http://localhost:3000/_next/static/chunks/node_modules_next_dist_1e8vcs8._.js:776
[ 1846305ms] [LOG] [Fast Refresh] done in 365ms @ http://localhost:3000/_next/static/chunks/node_modules_next_dist_1e8vcs8._.js:776
[ 1846367ms] [LOG] [Fast Refresh] done in 365ms @ http://localhost:3000/_next/static/chunks/node_modules_next_dist_1e8vcs8._.js:776
[ 1846447ms] [LOG] [Fast Refresh] done in 365ms @ http://localhost:3000/_next/static/chunks/node_modules_next_dist_1e8vcs8._.js:776
[ 1846507ms] [LOG] [Fast Refresh] done in 365ms @ http://localhost:3000/_next/static/chunks/node_modules_next_dist_1e8vcs8._.js:776
[ 1846585ms] [LOG] [Fast Refresh] done in 365ms @ http://localhost:3000/_next/static/chunks/node_modules_next_dist_1e8vcs8._.js:776
[ 1846650ms] [LOG] [Fast Refresh] done in 365ms @ http://localhost:3000/_next/static/chunks/node_modules_next_dist_1e8vcs8._.js:776
[ 1846730ms] [LOG] [Fast Refresh] done in 365ms @ http://localhost:3000/_next/static/chunks/node_modules_next_dist_1e8vcs8._.js:776
[ 1846789ms] [LOG] [Fast Refresh] done in 365ms @ http://localhost:3000/_next/static/chunks/node_modules_next_dist_1e8vcs8._.js:776
[ 1846852ms] [LOG] [Fast Refresh] done in 365ms @ http://localhost:3000/_next/static/chunks/node_modules_next_dist_1e8vcs8._.js:776
[ 1846916ms] [LOG] [Fast Refresh] done in 365ms @ http://localhost:3000/_next/static/chunks/node_modules_next_dist_1e8vcs8._.js:776
[ 1846982ms] [LOG] [Fast Refresh] done in 365ms @ http://localhost:3000/_next/static/chunks/node_modules_next_dist_1e8vcs8._.js:776
[ 1847037ms] [LOG] [Fast Refresh] done in 365ms @ http://localhost:3000/_next/static/chunks/node_modules_next_dist_1e8vcs8._.js:776
[ 1847115ms] [LOG] [Fast Refresh] done in 365ms @ http://localhost:3000/_next/static/chunks/node_modules_next_dist_1e8vcs8._.js:776
[ 1847179ms] [LOG] [Fast Refresh] done in 365ms @ http://localhost:3000/_next/static/chunks/node_modules_next_dist_1e8vcs8._.js:776
[ 1847240ms] [LOG] [Fast Refresh] done in 365ms @ http://localhost:3000/_next/static/chunks/node_modules_next_dist_1e8vcs8._.js:776
[ 1847317ms] [LOG] [Fast Refresh] done in 365ms @ http://localhost:3000/_next/static/chunks/node_modules_next_dist_1e8vcs8._.js:776
[ 1847382ms] [LOG] [Fast Refresh] done in 365ms @ http://localhost:3000/_next/static/chunks/node_modules_next_dist_1e8vcs8._.js:776
[ 1847444ms] [LOG] [Fast Refresh] done in 365ms @ http://localhost:3000/_next/static/chunks/node_modules_next_dist_1e8vcs8._.js:776
[ 1847505ms] [LOG] [Fast Refresh] done in 365ms @ http://localhost:3000/_next/static/chunks/node_modules_next_dist_1e8vcs8._.js:776
[ 1847567ms] [LOG] [Fast Refresh] done in 365ms @ http://localhost:3000/_next/static/chunks/node_modules_next_dist_1e8vcs8._.js:776
[ 1847632ms] [LOG] [Fast Refresh] done in 365ms @ http://localhost:3000/_next/static/chunks/node_modules_next_dist_1e8vcs8._.js:776
[ 1847694ms] [LOG] [Fast Refresh] done in 365ms @ http://localhost:3000/_next/static/chunks/node_modules_next_dist_1e8vcs8._.js:776
[ 1847755ms] [LOG] [Fast Refresh] done in 365ms @ http://localhost:3000/_next/static/chunks/node_modules_next_dist_1e8vcs8._.js:776
