[     730ms] [INFO] %cDownload the React DevTools for a better development experience: https://react.dev/link/react-devtools font-weight:bold @ http://localhost:3000/_next/static/chunks/node_modules_next_dist_1e8vcs8._.js:776
[     808ms] [LOG] [HMR] connected @ http://localhost:3000/_next/static/chunks/node_modules_next_dist_1e8vcs8._.js:776
[    1268ms] [LOG] [Fast Refresh] rebuilding @ http://localhost:3000/_next/static/chunks/node_modules_next_dist_1e8vcs8._.js:776
[    1281ms] [LOG] [Fast Refresh] done in 123ms @ http://localhost:3000/_next/static/chunks/node_modules_next_dist_1e8vcs8._.js:776
[  140825ms] [LOG] [Fast Refresh] rebuilding @ http://localhost:3000/_next/static/chunks/node_modules_next_dist_1e8vcs8._.js:776
[  140844ms] [LOG] [Fast Refresh] done in 128ms @ http://localhost:3000/_next/static/chunks/node_modules_next_dist_1e8vcs8._.js:776
[ 1618301ms] [LOG] [Fast Refresh] rebuilding @ http://localhost:3000/_next/static/chunks/node_modules_next_dist_1e8vcs8._.js:776
[ 1618382ms] [LOG] [Fast Refresh] done in 42ms @ http://localhost:3000/_next/static/chunks/node_modules_next_dist_1e8vcs8._.js:776
[ 1618449ms] [LOG] [Fast Refresh] done in 42ms @ http://localhost:3000/_next/static/chunks/node_modules_next_dist_1e8vcs8._.js:776
[ 1618510ms] [LOG] [Fast Refresh] done in 42ms @ http://localhost:3000/_next/static/chunks/node_modules_next_dist_1e8vcs8._.js:776
[ 1618570ms] [LOG] [Fast Refresh] done in 42ms @ http://localhost:3000/_next/static/chunks/node_modules_next_dist_1e8vcs8._.js:776
[ 1618632ms] [LOG] [Fast Refresh] done in 42ms @ http://localhost:3000/_next/static/chunks/node_modules_next_dist_1e8vcs8._.js:776
[ 1618693ms] [LOG] [Fast Refresh] done in 42ms @ http://localhost:3000/_next/static/chunks/node_modules_next_dist_1e8vcs8._.js:776
[ 1618755ms] [LOG] [Fast Refresh] done in 42ms @ http://localhost:3000/_next/static/chunks/node_modules_next_dist_1e8vcs8._.js:776
[ 1618817ms] [LOG] [Fast Refresh] done in 42ms @ http://localhost:3000/_next/static/chunks/node_modules_next_dist_1e8vcs8._.js:776
[ 1618881ms] [LOG] [Fast Refresh] done in 42ms @ http://localhost:3000/_next/static/chunks/node_modules_next_dist_1e8vcs8._.js:776
[ 1618940ms] [LOG] [Fast Refresh] done in 42ms @ http://localhost:3000/_next/static/chunks/node_modules_next_dist_1e8vcs8._.js:776
[ 1619002ms] [LOG] [Fast Refresh] done in 42ms @ http://localhost:3000/_next/static/chunks/node_modules_next_dist_1e8vcs8._.js:776
[ 1619065ms] [LOG] [Fast Refresh] done in 42ms @ http://localhost:3000/_next/static/chunks/node_modules_next_dist_1e8vcs8._.js:776
[ 1619128ms] [LOG] [Fast Refresh] done in 42ms @ http://localhost:3000/_next/static/chunks/node_modules_next_dist_1e8vcs8._.js:776
[ 1619190ms] [LOG] [Fast Refresh] done in 42ms @ http://localhost:3000/_next/static/chunks/node_modules_next_dist_1e8vcs8._.js:776
[ 1619253ms] [LOG] [Fast Refresh] done in 42ms @ http://localhost:3000/_next/static/chunks/node_modules_next_dist_1e8vcs8._.js:776
[ 1619316ms] [LOG] [Fast Refresh] done in 42ms @ http://localhost:3000/_next/static/chunks/node_modules_next_dist_1e8vcs8._.js:776
[ 1619380ms] [LOG] [Fast Refresh] done in 42ms @ http://localhost:3000/_next/static/chunks/node_modules_next_dist_1e8vcs8._.js:776
[ 1619442ms] [LOG] [Fast Refresh] done in 42ms @ http://localhost:3000/_next/static/chunks/node_modules_next_dist_1e8vcs8._.js:776
[ 1619504ms] [LOG] [Fast Refresh] done in 42ms @ http://localhost:3000/_next/static/chunks/node_modules_next_dist_1e8vcs8._.js:776
[ 1619567ms] [LOG] [Fast Refresh] done in 42ms @ http://localhost:3000/_next/static/chunks/node_modules_next_dist_1e8vcs8._.js:776
[ 1619630ms] [LOG] [Fast Refresh] done in 42ms @ http://localhost:3000/_next/static/chunks/node_modules_next_dist_1e8vcs8._.js:776
[ 1619693ms] [LOG] [Fast Refresh] done in 42ms @ http://localhost:3000/_next/static/chunks/node_modules_next_dist_1e8vcs8._.js:776
[ 1619755ms] [LOG] [Fast Refresh] done in 42ms @ http://localhost:3000/_next/static/chunks/node_modules_next_dist_1e8vcs8._.js:776
[ 1619816ms] [LOG] [Fast Refresh] done in 42ms @ http://localhost:3000/_next/static/chunks/node_modules_next_dist_1e8vcs8._.js:776
[ 1619879ms] [LOG] [Fast Refresh] done in 42ms @ http://localhost:3000/_next/static/chunks/node_modules_next_dist_1e8vcs8._.js:776
[ 1619941ms] [LOG] [Fast Refresh] done in 42ms @ http://localhost:3000/_next/static/chunks/node_modules_next_dist_1e8vcs8._.js:776
[ 1620002ms] [LOG] [Fast Refresh] done in 42ms @ http://localhost:3000/_next/static/chunks/node_modules_next_dist_1e8vcs8._.js:776
[ 1620063ms] [LOG] [Fast Refresh] done in 42ms @ http://localhost:3000/_next/static/chunks/node_modules_next_dist_1e8vcs8._.js:776
[ 1620126ms] [LOG] [Fast Refresh] done in 42ms @ http://localhost:3000/_next/static/chunks/node_modules_next_dist_1e8vcs8._.js:776
[ 1620187ms] [LOG] [Fast Refresh] done in 42ms @ http://localhost:3000/_next/static/chunks/node_modules_next_dist_1e8vcs8._.js:776
[ 1620249ms] [LOG] [Fast Refresh] done in 42ms @ http://localhost:3000/_next/static/chunks/node_modules_next_dist_1e8vcs8._.js:776
[ 1620312ms] [LOG] [Fast Refresh] done in 42ms @ http://localhost:3000/_next/static/chunks/node_modules_next_dist_1e8vcs8._.js:776
[ 1620374ms] [LOG] [Fast Refresh] done in 42ms @ http://localhost:3000/_next/static/chunks/node_modules_next_dist_1e8vcs8._.js:776
[ 1620436ms] [LOG] [Fast Refresh] done in 42ms @ http://localhost:3000/_next/static/chunks/node_modules_next_dist_1e8vcs8._.js:776
[ 1620497ms] [LOG] [Fast Refresh] done in 42ms @ http://localhost:3000/_next/static/chunks/node_modules_next_dist_1e8vcs8._.js:776
[ 1620557ms] [LOG] [Fast Refresh] done in 42ms @ http://localhost:3000/_next/static/chunks/node_modules_next_dist_1e8vcs8._.js:776
[ 1620621ms] [LOG] [Fast Refresh] done in 42ms @ http://localhost:3000/_next/static/chunks/node_modules_next_dist_1e8vcs8._.js:776
[ 1620683ms] [LOG] [Fast Refresh] done in 42ms @ http://localhost:3000/_next/static/chunks/node_modules_next_dist_1e8vcs8._.js:776
[ 1620746ms] [LOG] [Fast Refresh] done in 42ms @ http://localhost:3000/_next/static/chunks/node_modules_next_dist_1e8vcs8._.js:776
[ 1620808ms] [LOG] [Fast Refresh] done in 42ms @ http://localhost:3000/_next/static/chunks/node_modules_next_dist_1e8vcs8._.js:776
[ 1620871ms] [LOG] [Fast Refresh] done in 42ms @ http://localhost:3000/_next/static/chunks/node_modules_next_dist_1e8vcs8._.js:776
[ 1620932ms] [LOG] [Fast Refresh] done in 42ms @ http://localhost:3000/_next/static/chunks/node_modules_next_dist_1e8vcs8._.js:776
[ 1620996ms] [LOG] [Fast Refresh] done in 42ms @ http://localhost:3000/_next/static/chunks/node_modules_next_dist_1e8vcs8._.js:776
[ 1621061ms] [LOG] [Fast Refresh] done in 42ms @ http://localhost:3000/_next/static/chunks/node_modules_next_dist_1e8vcs8._.js:776
[ 1621123ms] [LOG] [Fast Refresh] done in 42ms @ http://localhost:3000/_next/static/chunks/node_modules_next_dist_1e8vcs8._.js:776
[ 1621186ms] [LOG] [Fast Refresh] done in 42ms @ http://localhost:3000/_next/static/chunks/node_modules_next_dist_1e8vcs8._.js:776
[ 1621250ms] [LOG] [Fast Refresh] done in 42ms @ http://localhost:3000/_next/static/chunks/node_modules_next_dist_1e8vcs8._.js:776
[ 1621313ms] [LOG] [Fast Refresh] done in 42ms @ http://localhost:3000/_next/static/chunks/node_modules_next_dist_1e8vcs8._.js:776
[ 1621374ms] [LOG] [Fast Refresh] done in 42ms @ http://localhost:3000/_next/static/chunks/node_modules_next_dist_1e8vcs8._.js:776
[ 1621438ms] [LOG] [Fast Refresh] done in 42ms @ http://localhost:3000/_next/static/chunks/node_modules_next_dist_1e8vcs8._.js:776
[ 1621499ms] [LOG] [Fast Refresh] done in 42ms @ http://localhost:3000/_next/static/chunks/node_modules_next_dist_1e8vcs8._.js:776
[ 1621563ms] [LOG] [Fast Refresh] done in 42ms @ http://localhost:3000/_next/static/chunks/node_modules_next_dist_1e8vcs8._.js:776
[ 1621625ms] [LOG] [Fast Refresh] done in 42ms @ http://localhost:3000/_next/static/chunks/node_modules_next_dist_1e8vcs8._.js:776
[ 1621689ms] [LOG] [Fast Refresh] done in 42ms @ http://localhost:3000/_next/static/chunks/node_modules_next_dist_1e8vcs8._.js:776
[ 1621751ms] [LOG] [Fast Refresh] done in 42ms @ http://localhost:3000/_next/static/chunks/node_modules_next_dist_1e8vcs8._.js:776
[ 1621814ms] [LOG] [Fast Refresh] done in 42ms @ http://localhost:3000/_next/static/chunks/node_modules_next_dist_1e8vcs8._.js:776
[ 1621876ms] [LOG] [Fast Refresh] done in 42ms @ http://localhost:3000/_next/static/chunks/node_modules_next_dist_1e8vcs8._.js:776
[ 1621938ms] [LOG] [Fast Refresh] done in 42ms @ http://localhost:3000/_next/static/chunks/node_modules_next_dist_1e8vcs8._.js:776
[ 1622000ms] [LOG] [Fast Refresh] done in 42ms @ http://localhost:3000/_next/static/chunks/node_modules_next_dist_1e8vcs8._.js:776
[ 1622062ms] [LOG] [Fast Refresh] done in 42ms @ http://localhost:3000/_next/static/chunks/node_modules_next_dist_1e8vcs8._.js:776
[ 1622124ms] [LOG] [Fast Refresh] done in 42ms @ http://localhost:3000/_next/static/chunks/node_modules_next_dist_1e8vcs8._.js:776
[ 1622184ms] [LOG] [Fast Refresh] done in 42ms @ http://localhost:3000/_next/static/chunks/node_modules_next_dist_1e8vcs8._.js:776
[ 1622247ms] [LOG] [Fast Refresh] done in 42ms @ http://localhost:3000/_next/static/chunks/node_modules_next_dist_1e8vcs8._.js:776
[ 1622311ms] [LOG] [Fast Refresh] done in 42ms @ http://localhost:3000/_next/static/chunks/node_modules_next_dist_1e8vcs8._.js:776
[ 1622374ms] [LOG] [Fast Refresh] done in 42ms @ http://localhost:3000/_next/static/chunks/node_modules_next_dist_1e8vcs8._.js:776
[ 1622435ms] [LOG] [Fast Refresh] done in 42ms @ http://localhost:3000/_next/static/chunks/node_modules_next_dist_1e8vcs8._.js:776
[ 1622498ms] [LOG] [Fast Refresh] done in 42ms @ http://localhost:3000/_next/static/chunks/node_modules_next_dist_1e8vcs8._.js:776
[ 1622560ms] [LOG] [Fast Refresh] done in 42ms @ http://localhost:3000/_next/static/chunks/node_modules_next_dist_1e8vcs8._.js:776
[ 1622622ms] [LOG] [Fast Refresh] done in 42ms @ http://localhost:3000/_next/static/chunks/node_modules_next_dist_1e8vcs8._.js:776
[ 1622684ms] [LOG] [Fast Refresh] done in 42ms @ http://localhost:3000/_next/static/chunks/node_modules_next_dist_1e8vcs8._.js:776
[ 1622747ms] [LOG] [Fast Refresh] done in 42ms @ http://localhost:3000/_next/static/chunks/node_modules_next_dist_1e8vcs8._.js:776
[ 1622809ms] [LOG] [Fast Refresh] done in 42ms @ http://localhost:3000/_next/static/chunks/node_modules_next_dist_1e8vcs8._.js:776
[ 1622872ms] [LOG] [Fast Refresh] done in 42ms @ http://localhost:3000/_next/static/chunks/node_modules_next_dist_1e8vcs8._.js:776
[ 1622934ms] [LOG] [Fast Refresh] done in 42ms @ http://localhost:3000/_next/static/chunks/node_modules_next_dist_1e8vcs8._.js:776
[ 1622998ms] [LOG] [Fast Refresh] done in 42ms @ http://localhost:3000/_next/static/chunks/node_modules_next_dist_1e8vcs8._.js:776
[ 1623061ms] [LOG] [Fast Refresh] done in 42ms @ http://localhost:3000/_next/static/chunks/node_modules_next_dist_1e8vcs8._.js:776
[ 1623124ms] [LOG] [Fast Refresh] done in 42ms @ http://localhost:3000/_next/static/chunks/node_modules_next_dist_1e8vcs8._.js:776
[ 1623187ms] [LOG] [Fast Refresh] done in 42ms @ http://localhost:3000/_next/static/chunks/node_modules_next_dist_1e8vcs8._.js:776
[ 1623250ms] [LOG] [Fast Refresh] done in 42ms @ http://localhost:3000/_next/static/chunks/node_modules_next_dist_1e8vcs8._.js:776
[ 1623313ms] [LOG] [Fast Refresh] done in 42ms @ http://localhost:3000/_next/static/chunks/node_modules_next_dist_1e8vcs8._.js:776
[ 1623375ms] [LOG] [Fast Refresh] done in 42ms @ http://localhost:3000/_next/static/chunks/node_modules_next_dist_1e8vcs8._.js:776
[ 1623438ms] [LOG] [Fast Refresh] done in 42ms @ http://localhost:3000/_next/static/chunks/node_modules_next_dist_1e8vcs8._.js:776
[ 1623502ms] [LOG] [Fast Refresh] done in 42ms @ http://localhost:3000/_next/static/chunks/node_modules_next_dist_1e8vcs8._.js:776
[ 1623564ms] [LOG] [Fast Refresh] done in 42ms @ http://localhost:3000/_next/static/chunks/node_modules_next_dist_1e8vcs8._.js:776
[ 1623628ms] [LOG] [Fast Refresh] done in 42ms @ http://localhost:3000/_next/static/chunks/node_modules_next_dist_1e8vcs8._.js:776
[ 1623691ms] [LOG] [Fast Refresh] done in 42ms @ http://localhost:3000/_next/static/chunks/node_modules_next_dist_1e8vcs8._.js:776
[ 1623754ms] [LOG] [Fast Refresh] done in 42ms @ http://localhost:3000/_next/static/chunks/node_modules_next_dist_1e8vcs8._.js:776
[ 1623817ms] [LOG] [Fast Refresh] done in 42ms @ http://localhost:3000/_next/static/chunks/node_modules_next_dist_1e8vcs8._.js:776
[ 1623880ms] [LOG] [Fast Refresh] done in 42ms @ http://localhost:3000/_next/static/chunks/node_modules_next_dist_1e8vcs8._.js:776
[ 1623944ms] [LOG] [Fast Refresh] done in 42ms @ http://localhost:3000/_next/static/chunks/node_modules_next_dist_1e8vcs8._.js:776
[ 1624006ms] [LOG] [Fast Refresh] done in 42ms @ http://localhost:3000/_next/static/chunks/node_modules_next_dist_1e8vcs8._.js:776
[ 1624069ms] [LOG] [Fast Refresh] done in 42ms @ http://localhost:3000/_next/static/chunks/node_modules_next_dist_1e8vcs8._.js:776
[ 1624133ms] [LOG] [Fast Refresh] done in 42ms @ http://localhost:3000/_next/static/chunks/node_modules_next_dist_1e8vcs8._.js:776
[ 1624195ms] [LOG] [Fast Refresh] done in 42ms @ http://localhost:3000/_next/static/chunks/node_modules_next_dist_1e8vcs8._.js:776
[ 1624257ms] [LOG] [Fast Refresh] done in 42ms @ http://localhost:3000/_next/static/chunks/node_modules_next_dist_1e8vcs8._.js:776
[ 1624319ms] [LOG] [Fast Refresh] done in 42ms @ http://localhost:3000/_next/static/chunks/node_modules_next_dist_1e8vcs8._.js:776
[ 1624383ms] [LOG] [Fast Refresh] done in 42ms @ http://localhost:3000/_next/static/chunks/node_modules_next_dist_1e8vcs8._.js:776
[ 1624447ms] [LOG] [Fast Refresh] done in 42ms @ http://localhost:3000/_next/static/chunks/node_modules_next_dist_1e8vcs8._.js:776
[ 1624509ms] [LOG] [Fast Refresh] done in 42ms @ http://localhost:3000/_next/static/chunks/node_modules_next_dist_1e8vcs8._.js:776
[ 1624572ms] [LOG] [Fast Refresh] done in 42ms @ http://localhost:3000/_next/static/chunks/node_modules_next_dist_1e8vcs8._.js:776
[ 1624634ms] [LOG] [Fast Refresh] done in 42ms @ http://localhost:3000/_next/static/chunks/node_modules_next_dist_1e8vcs8._.js:776
[ 1624696ms] [LOG] [Fast Refresh] done in 42ms @ http://localhost:3000/_next/static/chunks/node_modules_next_dist_1e8vcs8._.js:776
[ 1624757ms] [LOG] [Fast Refresh] done in 42ms @ http://localhost:3000/_next/static/chunks/node_modules_next_dist_1e8vcs8._.js:776
[ 1624819ms] [LOG] [Fast Refresh] done in 42ms @ http://localhost:3000/_next/static/chunks/node_modules_next_dist_1e8vcs8._.js:776
[ 1624881ms] [LOG] [Fast Refresh] done in 42ms @ http://localhost:3000/_next/static/chunks/node_modules_next_dist_1e8vcs8._.js:776
[ 1624946ms] [LOG] [Fast Refresh] done in 42ms @ http://localhost:3000/_next/static/chunks/node_modules_next_dist_1e8vcs8._.js:776
[ 1625007ms] [LOG] [Fast Refresh] done in 42ms @ http://localhost:3000/_next/static/chunks/node_modules_next_dist_1e8vcs8._.js:776
[ 1625070ms] [LOG] [Fast Refresh] done in 42ms @ http://localhost:3000/_next/static/chunks/node_modules_next_dist_1e8vcs8._.js:776
[ 1625131ms] [LOG] [Fast Refresh] done in 42ms @ http://localhost:3000/_next/static/chunks/node_modules_next_dist_1e8vcs8._.js:776
[ 1625193ms] [LOG] [Fast Refresh] done in 42ms @ http://localhost:3000/_next/static/chunks/node_modules_next_dist_1e8vcs8._.js:776
[ 1625254ms] [LOG] [Fast Refresh] done in 42ms @ http://localhost:3000/_next/static/chunks/node_modules_next_dist_1e8vcs8._.js:776
[ 1625316ms] [LOG] [Fast Refresh] done in 42ms @ http://localhost:3000/_next/static/chunks/node_modules_next_dist_1e8vcs8._.js:776
[ 1625379ms] [LOG] [Fast Refresh] done in 42ms @ http://localhost:3000/_next/static/chunks/node_modules_next_dist_1e8vcs8._.js:776
[ 1625433ms] [LOG] [Fast Refresh] done in 42ms @ http://localhost:3000/_next/static/chunks/node_modules_next_dist_1e8vcs8._.js:776
[ 1625659ms] [LOG] [Fast Refresh] rebuilding @ http://localhost:3000/_next/static/chunks/node_modules_next_dist_1e8vcs8._.js:776
[ 1626640ms] [WARNING] WebGL: INVALID_VALUE: texImage2D: width or height out of range @ http://localhost:3000/_next/static/chunks/src_0g-0ode._.js:1323
[ 1626641ms] [WARNING] WebGL: INVALID_VALUE: texImage2D: width or height out of range @ http://localhost:3000/_next/static/chunks/src_0g-0ode._.js:1323
[ 1626663ms] [LOG] [Fast Refresh] done in 953ms @ http://localhost:3000/_next/static/chunks/node_modules_next_dist_1e8vcs8._.js:776
[ 1626664ms] [LOG] [Fast Refresh] done in 953ms @ http://localhost:3000/_next/static/chunks/node_modules_next_dist_1e8vcs8._.js:776
[ 1628463ms] [LOG] [Fast Refresh] done in 953ms @ http://localhost:3000/_next/static/chunks/node_modules_next_dist_1e8vcs8._.js:776
[ 1628481ms] [LOG] [Fast Refresh] done in 953ms @ http://localhost:3000/_next/static/chunks/node_modules_next_dist_1e8vcs8._.js:776
[ 1628545ms] [LOG] [Fast Refresh] done in 953ms @ http://localhost:3000/_next/static/chunks/node_modules_next_dist_1e8vcs8._.js:776
[ 1628649ms] [LOG] [Fast Refresh] done in 953ms @ http://localhost:3000/_next/static/chunks/node_modules_next_dist_1e8vcs8._.js:776
[ 1628779ms] [LOG] [Fast Refresh] done in 953ms @ http://localhost:3000/_next/static/chunks/node_modules_next_dist_1e8vcs8._.js:776
[ 1628842ms] [LOG] [Fast Refresh] done in 953ms @ http://localhost:3000/_next/static/chunks/node_modules_next_dist_1e8vcs8._.js:776
[ 1628905ms] [LOG] [Fast Refresh] done in 953ms @ http://localhost:3000/_next/static/chunks/node_modules_next_dist_1e8vcs8._.js:776
[ 1628968ms] [LOG] [Fast Refresh] done in 953ms @ http://localhost:3000/_next/static/chunks/node_modules_next_dist_1e8vcs8._.js:776
[ 1629031ms] [LOG] [Fast Refresh] done in 953ms @ http://localhost:3000/_next/static/chunks/node_modules_next_dist_1e8vcs8._.js:776
[ 1629093ms] [LOG] [Fast Refresh] done in 953ms @ http://localhost:3000/_next/static/chunks/node_modules_next_dist_1e8vcs8._.js:776
[ 1629155ms] [LOG] [Fast Refresh] done in 953ms @ http://localhost:3000/_next/static/chunks/node_modules_next_dist_1e8vcs8._.js:776
[ 1629218ms] [LOG] [Fast Refresh] done in 953ms @ http://localhost:3000/_next/static/chunks/node_modules_next_dist_1e8vcs8._.js:776
[ 1629281ms] [LOG] [Fast Refresh] done in 953ms @ http://localhost:3000/_next/static/chunks/node_modules_next_dist_1e8vcs8._.js:776
[ 1629345ms] [LOG] [Fast Refresh] done in 953ms @ http://localhost:3000/_next/static/chunks/node_modules_next_dist_1e8vcs8._.js:776
[ 1629408ms] [LOG] [Fast Refresh] done in 953ms @ http://localhost:3000/_next/static/chunks/node_modules_next_dist_1e8vcs8._.js:776
[ 1629470ms] [LOG] [Fast Refresh] done in 953ms @ http://localhost:3000/_next/static/chunks/node_modules_next_dist_1e8vcs8._.js:776
[ 1629534ms] [LOG] [Fast Refresh] done in 953ms @ http://localhost:3000/_next/static/chunks/node_modules_next_dist_1e8vcs8._.js:776
[ 1629597ms] [LOG] [Fast Refresh] done in 953ms @ http://localhost:3000/_next/static/chunks/node_modules_next_dist_1e8vcs8._.js:776
[ 1629657ms] [LOG] [Fast Refresh] done in 953ms @ http://localhost:3000/_next/static/chunks/node_modules_next_dist_1e8vcs8._.js:776
[ 1629720ms] [LOG] [Fast Refresh] done in 953ms @ http://localhost:3000/_next/static/chunks/node_modules_next_dist_1e8vcs8._.js:776
[ 1629783ms] [LOG] [Fast Refresh] done in 953ms @ http://localhost:3000/_next/static/chunks/node_modules_next_dist_1e8vcs8._.js:776
[ 1629847ms] [LOG] [Fast Refresh] done in 953ms @ http://localhost:3000/_next/static/chunks/node_modules_next_dist_1e8vcs8._.js:776
[ 1629911ms] [LOG] [Fast Refresh] done in 953ms @ http://localhost:3000/_next/static/chunks/node_modules_next_dist_1e8vcs8._.js:776
[ 1629972ms] [LOG] [Fast Refresh] done in 953ms @ http://localhost:3000/_next/static/chunks/node_modules_next_dist_1e8vcs8._.js:776
[ 1630034ms] [LOG] [Fast Refresh] done in 953ms @ http://localhost:3000/_next/static/chunks/node_modules_next_dist_1e8vcs8._.js:776
[ 1630095ms] [LOG] [Fast Refresh] done in 953ms @ http://localhost:3000/_next/static/chunks/node_modules_next_dist_1e8vcs8._.js:776
[ 1630158ms] [LOG] [Fast Refresh] done in 953ms @ http://localhost:3000/_next/static/chunks/node_modules_next_dist_1e8vcs8._.js:776
[ 1630220ms] [LOG] [Fast Refresh] done in 953ms @ http://localhost:3000/_next/static/chunks/node_modules_next_dist_1e8vcs8._.js:776
[ 1630284ms] [LOG] [Fast Refresh] done in 953ms @ http://localhost:3000/_next/static/chunks/node_modules_next_dist_1e8vcs8._.js:776
[ 1630347ms] [LOG] [Fast Refresh] done in 953ms @ http://localhost:3000/_next/static/chunks/node_modules_next_dist_1e8vcs8._.js:776
[ 1630409ms] [LOG] [Fast Refresh] done in 953ms @ http://localhost:3000/_next/static/chunks/node_modules_next_dist_1e8vcs8._.js:776
[ 1630471ms] [LOG] [Fast Refresh] done in 953ms @ http://localhost:3000/_next/static/chunks/node_modules_next_dist_1e8vcs8._.js:776
[ 1630533ms] [LOG] [Fast Refresh] done in 953ms @ http://localhost:3000/_next/static/chunks/node_modules_next_dist_1e8vcs8._.js:776
[ 1630596ms] [LOG] [Fast Refresh] done in 953ms @ http://localhost:3000/_next/static/chunks/node_modules_next_dist_1e8vcs8._.js:776
[ 1630658ms] [LOG] [Fast Refresh] done in 953ms @ http://localhost:3000/_next/static/chunks/node_modules_next_dist_1e8vcs8._.js:776
[ 1630721ms] [LOG] [Fast Refresh] done in 953ms @ http://localhost:3000/_next/static/chunks/node_modules_next_dist_1e8vcs8._.js:776
[ 1630784ms] [LOG] [Fast Refresh] done in 953ms @ http://localhost:3000/_next/static/chunks/node_modules_next_dist_1e8vcs8._.js:776
[ 1630848ms] [LOG] [Fast Refresh] done in 953ms @ http://localhost:3000/_next/static/chunks/node_modules_next_dist_1e8vcs8._.js:776
[ 1630911ms] [LOG] [Fast Refresh] done in 953ms @ http://localhost:3000/_next/static/chunks/node_modules_next_dist_1e8vcs8._.js:776
[ 1630973ms] [LOG] [Fast Refresh] done in 953ms @ http://localhost:3000/_next/static/chunks/node_modules_next_dist_1e8vcs8._.js:776
[ 1631033ms] [LOG] [Fast Refresh] done in 953ms @ http://localhost:3000/_next/static/chunks/node_modules_next_dist_1e8vcs8._.js:776
[ 1631095ms] [LOG] [Fast Refresh] done in 953ms @ http://localhost:3000/_next/static/chunks/node_modules_next_dist_1e8vcs8._.js:776
[ 1631156ms] [LOG] [Fast Refresh] done in 953ms @ http://localhost:3000/_next/static/chunks/node_modules_next_dist_1e8vcs8._.js:776
[ 1631220ms] [LOG] [Fast Refresh] done in 953ms @ http://localhost:3000/_next/static/chunks/node_modules_next_dist_1e8vcs8._.js:776
[ 1631376ms] [LOG] [Fast Refresh] rebuilding @ http://localhost:3000/_next/static/chunks/node_modules_next_dist_1e8vcs8._.js:776
[ 1631434ms] [LOG] [Fast Refresh] done in 13ms @ http://localhost:3000/_next/static/chunks/node_modules_next_dist_1e8vcs8._.js:776
[ 1631507ms] [LOG] [Fast Refresh] done in 13ms @ http://localhost:3000/_next/static/chunks/node_modules_next_dist_1e8vcs8._.js:776
[ 1631570ms] [LOG] [Fast Refresh] done in 13ms @ http://localhost:3000/_next/static/chunks/node_modules_next_dist_1e8vcs8._.js:776
[ 1631624ms] [LOG] [Fast Refresh] done in 13ms @ http://localhost:3000/_next/static/chunks/node_modules_next_dist_1e8vcs8._.js:776
[ 1631687ms] [LOG] [Fast Refresh] done in 13ms @ http://localhost:3000/_next/static/chunks/node_modules_next_dist_1e8vcs8._.js:776
[ 1631749ms] [LOG] [Fast Refresh] done in 13ms @ http://localhost:3000/_next/static/chunks/node_modules_next_dist_1e8vcs8._.js:776
[ 1631812ms] [LOG] [Fast Refresh] done in 13ms @ http://localhost:3000/_next/static/chunks/node_modules_next_dist_1e8vcs8._.js:776
[ 1631874ms] [LOG] [Fast Refresh] done in 13ms @ http://localhost:3000/_next/static/chunks/node_modules_next_dist_1e8vcs8._.js:776
[ 1631936ms] [LOG] [Fast Refresh] done in 13ms @ http://localhost:3000/_next/static/chunks/node_modules_next_dist_1e8vcs8._.js:776
[ 1631999ms] [LOG] [Fast Refresh] done in 13ms @ http://localhost:3000/_next/static/chunks/node_modules_next_dist_1e8vcs8._.js:776
[ 1632062ms] [LOG] [Fast Refresh] done in 13ms @ http://localhost:3000/_next/static/chunks/node_modules_next_dist_1e8vcs8._.js:776
[ 1632122ms] [LOG] [Fast Refresh] done in 13ms @ http://localhost:3000/_next/static/chunks/node_modules_next_dist_1e8vcs8._.js:776
[ 1632185ms] [LOG] [Fast Refresh] done in 13ms @ http://localhost:3000/_next/static/chunks/node_modules_next_dist_1e8vcs8._.js:776
[ 1632248ms] [LOG] [Fast Refresh] done in 13ms @ http://localhost:3000/_next/static/chunks/node_modules_next_dist_1e8vcs8._.js:776
[ 1632311ms] [LOG] [Fast Refresh] done in 13ms @ http://localhost:3000/_next/static/chunks/node_modules_next_dist_1e8vcs8._.js:776
[ 1632390ms] [LOG] [Fast Refresh] done in 13ms @ http://localhost:3000/_next/static/chunks/node_modules_next_dist_1e8vcs8._.js:776
[ 1632455ms] [LOG] [Fast Refresh] done in 13ms @ http://localhost:3000/_next/static/chunks/node_modules_next_dist_1e8vcs8._.js:776
[ 1632518ms] [LOG] [Fast Refresh] done in 13ms @ http://localhost:3000/_next/static/chunks/node_modules_next_dist_1e8vcs8._.js:776
[ 1632581ms] [LOG] [Fast Refresh] done in 13ms @ http://localhost:3000/_next/static/chunks/node_modules_next_dist_1e8vcs8._.js:776
[ 1632644ms] [LOG] [Fast Refresh] done in 13ms @ http://localhost:3000/_next/static/chunks/node_modules_next_dist_1e8vcs8._.js:776
[ 1632707ms] [LOG] [Fast Refresh] done in 13ms @ http://localhost:3000/_next/static/chunks/node_modules_next_dist_1e8vcs8._.js:776
[ 1632769ms] [LOG] [Fast Refresh] done in 13ms @ http://localhost:3000/_next/static/chunks/node_modules_next_dist_1e8vcs8._.js:776
[ 1632830ms] [LOG] [Fast Refresh] done in 13ms @ http://localhost:3000/_next/static/chunks/node_modules_next_dist_1e8vcs8._.js:776
[ 1632893ms] [LOG] [Fast Refresh] done in 13ms @ http://localhost:3000/_next/static/chunks/node_modules_next_dist_1e8vcs8._.js:776
[ 1632954ms] [LOG] [Fast Refresh] done in 13ms @ http://localhost:3000/_next/static/chunks/node_modules_next_dist_1e8vcs8._.js:776
[ 1633014ms] [LOG] [Fast Refresh] done in 13ms @ http://localhost:3000/_next/static/chunks/node_modules_next_dist_1e8vcs8._.js:776
[ 1633078ms] [LOG] [Fast Refresh] done in 13ms @ http://localhost:3000/_next/static/chunks/node_modules_next_dist_1e8vcs8._.js:776
[ 1633139ms] [LOG] [Fast Refresh] done in 13ms @ http://localhost:3000/_next/static/chunks/node_modules_next_dist_1e8vcs8._.js:776
[ 1633200ms] [LOG] [Fast Refresh] done in 13ms @ http://localhost:3000/_next/static/chunks/node_modules_next_dist_1e8vcs8._.js:776
[ 1633263ms] [LOG] [Fast Refresh] done in 13ms @ http://localhost:3000/_next/static/chunks/node_modules_next_dist_1e8vcs8._.js:776
[ 1633325ms] [LOG] [Fast Refresh] done in 13ms @ http://localhost:3000/_next/static/chunks/node_modules_next_dist_1e8vcs8._.js:776
[ 1633389ms] [LOG] [Fast Refresh] done in 13ms @ http://localhost:3000/_next/static/chunks/node_modules_next_dist_1e8vcs8._.js:776
[ 1633452ms] [LOG] [Fast Refresh] done in 13ms @ http://localhost:3000/_next/static/chunks/node_modules_next_dist_1e8vcs8._.js:776
[ 1633515ms] [LOG] [Fast Refresh] done in 13ms @ http://localhost:3000/_next/static/chunks/node_modules_next_dist_1e8vcs8._.js:776
[ 1633579ms] [LOG] [Fast Refresh] done in 13ms @ http://localhost:3000/_next/static/chunks/node_modules_next_dist_1e8vcs8._.js:776
[ 1633640ms] [LOG] [Fast Refresh] done in 13ms @ http://localhost:3000/_next/static/chunks/node_modules_next_dist_1e8vcs8._.js:776
[ 1633703ms] [LOG] [Fast Refresh] done in 13ms @ http://localhost:3000/_next/static/chunks/node_modules_next_dist_1e8vcs8._.js:776
[ 1633766ms] [LOG] [Fast Refresh] done in 13ms @ http://localhost:3000/_next/static/chunks/node_modules_next_dist_1e8vcs8._.js:776
[ 1633828ms] [LOG] [Fast Refresh] done in 13ms @ http://localhost:3000/_next/static/chunks/node_modules_next_dist_1e8vcs8._.js:776
[ 1633890ms] [LOG] [Fast Refresh] done in 13ms @ http://localhost:3000/_next/static/chunks/node_modules_next_dist_1e8vcs8._.js:776
[ 1633953ms] [LOG] [Fast Refresh] done in 13ms @ http://localhost:3000/_next/static/chunks/node_modules_next_dist_1e8vcs8._.js:776
[ 1634014ms] [LOG] [Fast Refresh] done in 13ms @ http://localhost:3000/_next/static/chunks/node_modules_next_dist_1e8vcs8._.js:776
[ 1634078ms] [LOG] [Fast Refresh] done in 13ms @ http://localhost:3000/_next/static/chunks/node_modules_next_dist_1e8vcs8._.js:776
[ 1634139ms] [LOG] [Fast Refresh] done in 13ms @ http://localhost:3000/_next/static/chunks/node_modules_next_dist_1e8vcs8._.js:776
[ 1634201ms] [LOG] [Fast Refresh] done in 13ms @ http://localhost:3000/_next/static/chunks/node_modules_next_dist_1e8vcs8._.js:776
[ 1634263ms] [LOG] [Fast Refresh] done in 13ms @ http://localhost:3000/_next/static/chunks/node_modules_next_dist_1e8vcs8._.js:776
[ 1634325ms] [LOG] [Fast Refresh] done in 13ms @ http://localhost:3000/_next/static/chunks/node_modules_next_dist_1e8vcs8._.js:776
[ 1634390ms] [LOG] [Fast Refresh] done in 13ms @ http://localhost:3000/_next/static/chunks/node_modules_next_dist_1e8vcs8._.js:776
[ 1634453ms] [LOG] [Fast Refresh] done in 13ms @ http://localhost:3000/_next/static/chunks/node_modules_next_dist_1e8vcs8._.js:776
[ 1634515ms] [LOG] [Fast Refresh] done in 13ms @ http://localhost:3000/_next/static/chunks/node_modules_next_dist_1e8vcs8._.js:776
[ 1634578ms] [LOG] [Fast Refresh] done in 13ms @ http://localhost:3000/_next/static/chunks/node_modules_next_dist_1e8vcs8._.js:776
[ 1634640ms] [LOG] [Fast Refresh] done in 13ms @ http://localhost:3000/_next/static/chunks/node_modules_next_dist_1e8vcs8._.js:776
[ 1634703ms] [LOG] [Fast Refresh] done in 13ms @ http://localhost:3000/_next/static/chunks/node_modules_next_dist_1e8vcs8._.js:776
[ 1634780ms] [LOG] [Fast Refresh] done in 13ms @ http://localhost:3000/_next/static/chunks/node_modules_next_dist_1e8vcs8._.js:776
[ 1634844ms] [LOG] [Fast Refresh] done in 13ms @ http://localhost:3000/_next/static/chunks/node_modules_next_dist_1e8vcs8._.js:776
[ 1634905ms] [LOG] [Fast Refresh] done in 13ms @ http://localhost:3000/_next/static/chunks/node_modules_next_dist_1e8vcs8._.js:776
[ 1634968ms] [LOG] [Fast Refresh] done in 13ms @ http://localhost:3000/_next/static/chunks/node_modules_next_dist_1e8vcs8._.js:776
[ 1635029ms] [LOG] [Fast Refresh] done in 13ms @ http://localhost:3000/_next/static/chunks/node_modules_next_dist_1e8vcs8._.js:776
[ 1635091ms] [LOG] [Fast Refresh] done in 13ms @ http://localhost:3000/_next/static/chunks/node_modules_next_dist_1e8vcs8._.js:776
[ 1635152ms] [LOG] [Fast Refresh] done in 13ms @ http://localhost:3000/_next/static/chunks/node_modules_next_dist_1e8vcs8._.js:776
[ 1635214ms] [LOG] [Fast Refresh] done in 13ms @ http://localhost:3000/_next/static/chunks/node_modules_next_dist_1e8vcs8._.js:776
[ 1635278ms] [LOG] [Fast Refresh] done in 13ms @ http://localhost:3000/_next/static/chunks/node_modules_next_dist_1e8vcs8._.js:776
[ 1635340ms] [LOG] [Fast Refresh] done in 13ms @ http://localhost:3000/_next/static/chunks/node_modules_next_dist_1e8vcs8._.js:776
[ 1635414ms] [LOG] [Fast Refresh] done in 13ms @ http://localhost:3000/_next/static/chunks/node_modules_next_dist_1e8vcs8._.js:776
[ 1635478ms] [LOG] [Fast Refresh] done in 13ms @ http://localhost:3000/_next/static/chunks/node_modules_next_dist_1e8vcs8._.js:776
[ 1635541ms] [LOG] [Fast Refresh] done in 13ms @ http://localhost:3000/_next/static/chunks/node_modules_next_dist_1e8vcs8._.js:776
[ 1635603ms] [LOG] [Fast Refresh] done in 13ms @ http://localhost:3000/_next/static/chunks/node_modules_next_dist_1e8vcs8._.js:776
[ 1635665ms] [LOG] [Fast Refresh] done in 13ms @ http://localhost:3000/_next/static/chunks/node_modules_next_dist_1e8vcs8._.js:776
[ 1635728ms] [LOG] [Fast Refresh] done in 13ms @ http://localhost:3000/_next/static/chunks/node_modules_next_dist_1e8vcs8._.js:776
[ 1635790ms] [LOG] [Fast Refresh] done in 13ms @ http://localhost:3000/_next/static/chunks/node_modules_next_dist_1e8vcs8._.js:776
[ 1635867ms] [LOG] [Fast Refresh] done in 13ms @ http://localhost:3000/_next/static/chunks/node_modules_next_dist_1e8vcs8._.js:776
[ 1635931ms] [LOG] [Fast Refresh] done in 13ms @ http://localhost:3000/_next/static/chunks/node_modules_next_dist_1e8vcs8._.js:776
[ 1635994ms] [LOG] [Fast Refresh] done in 13ms @ http://localhost:3000/_next/static/chunks/node_modules_next_dist_1e8vcs8._.js:776
[ 1636056ms] [LOG] [Fast Refresh] done in 13ms @ http://localhost:3000/_next/static/chunks/node_modules_next_dist_1e8vcs8._.js:776
[ 1636118ms] [LOG] [Fast Refresh] done in 13ms @ http://localhost:3000/_next/static/chunks/node_modules_next_dist_1e8vcs8._.js:776
[ 1636180ms] [LOG] [Fast Refresh] done in 13ms @ http://localhost:3000/_next/static/chunks/node_modules_next_dist_1e8vcs8._.js:776
[ 1636243ms] [LOG] [Fast Refresh] done in 13ms @ http://localhost:3000/_next/static/chunks/node_modules_next_dist_1e8vcs8._.js:776
[ 1636304ms] [LOG] [Fast Refresh] done in 13ms @ http://localhost:3000/_next/static/chunks/node_modules_next_dist_1e8vcs8._.js:776
[ 1636366ms] [LOG] [Fast Refresh] done in 13ms @ http://localhost:3000/_next/static/chunks/node_modules_next_dist_1e8vcs8._.js:776
[ 1636428ms] [LOG] [Fast Refresh] done in 13ms @ http://localhost:3000/_next/static/chunks/node_modules_next_dist_1e8vcs8._.js:776
[ 1636489ms] [LOG] [Fast Refresh] done in 13ms @ http://localhost:3000/_next/static/chunks/node_modules_next_dist_1e8vcs8._.js:776
[ 1636552ms] [LOG] [Fast Refresh] done in 13ms @ http://localhost:3000/_next/static/chunks/node_modules_next_dist_1e8vcs8._.js:776
[ 1636614ms] [LOG] [Fast Refresh] done in 13ms @ http://localhost:3000/_next/static/chunks/node_modules_next_dist_1e8vcs8._.js:776
[ 1636675ms] [LOG] [Fast Refresh] done in 13ms @ http://localhost:3000/_next/static/chunks/node_modules_next_dist_1e8vcs8._.js:776
[ 1636737ms] [LOG] [Fast Refresh] done in 13ms @ http://localhost:3000/_next/static/chunks/node_modules_next_dist_1e8vcs8._.js:776
[ 1636799ms] [LOG] [Fast Refresh] done in 13ms @ http://localhost:3000/_next/static/chunks/node_modules_next_dist_1e8vcs8._.js:776
[ 1636861ms] [LOG] [Fast Refresh] done in 13ms @ http://localhost:3000/_next/static/chunks/node_modules_next_dist_1e8vcs8._.js:776
[ 1636923ms] [LOG] [Fast Refresh] done in 13ms @ http://localhost:3000/_next/static/chunks/node_modules_next_dist_1e8vcs8._.js:776
[ 1636987ms] [LOG] [Fast Refresh] done in 13ms @ http://localhost:3000/_next/static/chunks/node_modules_next_dist_1e8vcs8._.js:776
[ 1637048ms] [LOG] [Fast Refresh] done in 13ms @ http://localhost:3000/_next/static/chunks/node_modules_next_dist_1e8vcs8._.js:776
[ 1637112ms] [LOG] [Fast Refresh] done in 13ms @ http://localhost:3000/_next/static/chunks/node_modules_next_dist_1e8vcs8._.js:776
[ 1637174ms] [LOG] [Fast Refresh] done in 13ms @ http://localhost:3000/_next/static/chunks/node_modules_next_dist_1e8vcs8._.js:776
[ 1637235ms] [LOG] [Fast Refresh] done in 13ms @ http://localhost:3000/_next/static/chunks/node_modules_next_dist_1e8vcs8._.js:776
[ 1637298ms] [LOG] [Fast Refresh] done in 13ms @ http://localhost:3000/_next/static/chunks/node_modules_next_dist_1e8vcs8._.js:776
[ 1637361ms] [LOG] [Fast Refresh] done in 13ms @ http://localhost:3000/_next/static/chunks/node_modules_next_dist_1e8vcs8._.js:776
[ 1637425ms] [LOG] [Fast Refresh] done in 13ms @ http://localhost:3000/_next/static/chunks/node_modules_next_dist_1e8vcs8._.js:776
[ 1637487ms] [LOG] [Fast Refresh] done in 13ms @ http://localhost:3000/_next/static/chunks/node_modules_next_dist_1e8vcs8._.js:776
[ 1637550ms] [LOG] [Fast Refresh] done in 13ms @ http://localhost:3000/_next/static/chunks/node_modules_next_dist_1e8vcs8._.js:776
[ 1637613ms] [LOG] [Fast Refresh] done in 13ms @ http://localhost:3000/_next/static/chunks/node_modules_next_dist_1e8vcs8._.js:776
[ 1637677ms] [LOG] [Fast Refresh] done in 13ms @ http://localhost:3000/_next/static/chunks/node_modules_next_dist_1e8vcs8._.js:776
[ 1637738ms] [LOG] [Fast Refresh] done in 13ms @ http://localhost:3000/_next/static/chunks/node_modules_next_dist_1e8vcs8._.js:776
[ 1637800ms] [LOG] [Fast Refresh] done in 13ms @ http://localhost:3000/_next/static/chunks/node_modules_next_dist_1e8vcs8._.js:776
[ 1637862ms] [LOG] [Fast Refresh] done in 13ms @ http://localhost:3000/_next/static/chunks/node_modules_next_dist_1e8vcs8._.js:776
[ 1637924ms] [LOG] [Fast Refresh] done in 13ms @ http://localhost:3000/_next/static/chunks/node_modules_next_dist_1e8vcs8._.js:776
[ 1637986ms] [LOG] [Fast Refresh] done in 13ms @ http://localhost:3000/_next/static/chunks/node_modules_next_dist_1e8vcs8._.js:776
[ 1638048ms] [LOG] [Fast Refresh] done in 13ms @ http://localhost:3000/_next/static/chunks/node_modules_next_dist_1e8vcs8._.js:776
[ 1638112ms] [LOG] [Fast Refresh] done in 13ms @ http://localhost:3000/_next/static/chunks/node_modules_next_dist_1e8vcs8._.js:776
[ 1638175ms] [LOG] [Fast Refresh] done in 13ms @ http://localhost:3000/_next/static/chunks/node_modules_next_dist_1e8vcs8._.js:776
[ 1638238ms] [LOG] [Fast Refresh] done in 13ms @ http://localhost:3000/_next/static/chunks/node_modules_next_dist_1e8vcs8._.js:776
[ 1638302ms] [LOG] [Fast Refresh] done in 13ms @ http://localhost:3000/_next/static/chunks/node_modules_next_dist_1e8vcs8._.js:776
[ 1638365ms] [LOG] [Fast Refresh] done in 13ms @ http://localhost:3000/_next/static/chunks/node_modules_next_dist_1e8vcs8._.js:776
[ 1638428ms] [LOG] [Fast Refresh] done in 13ms @ http://localhost:3000/_next/static/chunks/node_modules_next_dist_1e8vcs8._.js:776
[ 1638489ms] [LOG] [Fast Refresh] done in 13ms @ http://localhost:3000/_next/static/chunks/node_modules_next_dist_1e8vcs8._.js:776
[ 1638551ms] [LOG] [Fast Refresh] done in 13ms @ http://localhost:3000/_next/static/chunks/node_modules_next_dist_1e8vcs8._.js:776
[ 1638614ms] [LOG] [Fast Refresh] done in 13ms @ http://localhost:3000/_next/static/chunks/node_modules_next_dist_1e8vcs8._.js:776
[ 1638675ms] [LOG] [Fast Refresh] done in 13ms @ http://localhost:3000/_next/static/chunks/node_modules_next_dist_1e8vcs8._.js:776
[ 1638738ms] [LOG] [Fast Refresh] done in 13ms @ http://localhost:3000/_next/static/chunks/node_modules_next_dist_1e8vcs8._.js:776
[ 1638801ms] [LOG] [Fast Refresh] done in 13ms @ http://localhost:3000/_next/static/chunks/node_modules_next_dist_1e8vcs8._.js:776
[ 1638862ms] [LOG] [Fast Refresh] done in 13ms @ http://localhost:3000/_next/static/chunks/node_modules_next_dist_1e8vcs8._.js:776
[ 1638924ms] [LOG] [Fast Refresh] done in 13ms @ http://localhost:3000/_next/static/chunks/node_modules_next_dist_1e8vcs8._.js:776
[ 1638986ms] [LOG] [Fast Refresh] done in 13ms @ http://localhost:3000/_next/static/chunks/node_modules_next_dist_1e8vcs8._.js:776
[ 1639048ms] [LOG] [Fast Refresh] done in 13ms @ http://localhost:3000/_next/static/chunks/node_modules_next_dist_1e8vcs8._.js:776
[ 1639111ms] [LOG] [Fast Refresh] done in 13ms @ http://localhost:3000/_next/static/chunks/node_modules_next_dist_1e8vcs8._.js:776
[ 1639175ms] [LOG] [Fast Refresh] done in 13ms @ http://localhost:3000/_next/static/chunks/node_modules_next_dist_1e8vcs8._.js:776
[ 1639237ms] [LOG] [Fast Refresh] done in 13ms @ http://localhost:3000/_next/static/chunks/node_modules_next_dist_1e8vcs8._.js:776
[ 1639298ms] [LOG] [Fast Refresh] done in 13ms @ http://localhost:3000/_next/static/chunks/node_modules_next_dist_1e8vcs8._.js:776
[ 1639361ms] [LOG] [Fast Refresh] done in 13ms @ http://localhost:3000/_next/static/chunks/node_modules_next_dist_1e8vcs8._.js:776
[ 1639423ms] [LOG] [Fast Refresh] done in 13ms @ http://localhost:3000/_next/static/chunks/node_modules_next_dist_1e8vcs8._.js:776
[ 1639486ms] [LOG] [Fast Refresh] done in 13ms @ http://localhost:3000/_next/static/chunks/node_modules_next_dist_1e8vcs8._.js:776
[ 1639550ms] [LOG] [Fast Refresh] done in 13ms @ http://localhost:3000/_next/static/chunks/node_modules_next_dist_1e8vcs8._.js:776
[ 1639614ms] [LOG] [Fast Refresh] done in 13ms @ http://localhost:3000/_next/static/chunks/node_modules_next_dist_1e8vcs8._.js:776
[ 1639675ms] [LOG] [Fast Refresh] done in 13ms @ http://localhost:3000/_next/static/chunks/node_modules_next_dist_1e8vcs8._.js:776
[ 1639738ms] [LOG] [Fast Refresh] done in 13ms @ http://localhost:3000/_next/static/chunks/node_modules_next_dist_1e8vcs8._.js:776
[ 1639801ms] [LOG] [Fast Refresh] done in 13ms @ http://localhost:3000/_next/static/chunks/node_modules_next_dist_1e8vcs8._.js:776
[ 1639864ms] [LOG] [Fast Refresh] done in 13ms @ http://localhost:3000/_next/static/chunks/node_modules_next_dist_1e8vcs8._.js:776
[ 1639927ms] [LOG] [Fast Refresh] done in 13ms @ http://localhost:3000/_next/static/chunks/node_modules_next_dist_1e8vcs8._.js:776
[ 1639989ms] [LOG] [Fast Refresh] done in 13ms @ http://localhost:3000/_next/static/chunks/node_modules_next_dist_1e8vcs8._.js:776
[ 1640052ms] [LOG] [Fast Refresh] done in 13ms @ http://localhost:3000/_next/static/chunks/node_modules_next_dist_1e8vcs8._.js:776
[ 1640113ms] [LOG] [Fast Refresh] done in 13ms @ http://localhost:3000/_next/static/chunks/node_modules_next_dist_1e8vcs8._.js:776
[ 1640177ms] [LOG] [Fast Refresh] done in 13ms @ http://localhost:3000/_next/static/chunks/node_modules_next_dist_1e8vcs8._.js:776
[ 1640241ms] [LOG] [Fast Refresh] done in 13ms @ http://localhost:3000/_next/static/chunks/node_modules_next_dist_1e8vcs8._.js:776
[ 1640302ms] [LOG] [Fast Refresh] done in 13ms @ http://localhost:3000/_next/static/chunks/node_modules_next_dist_1e8vcs8._.js:776
[ 1640364ms] [LOG] [Fast Refresh] done in 13ms @ http://localhost:3000/_next/static/chunks/node_modules_next_dist_1e8vcs8._.js:776
[ 1640428ms] [LOG] [Fast Refresh] done in 13ms @ http://localhost:3000/_next/static/chunks/node_modules_next_dist_1e8vcs8._.js:776
[ 1640489ms] [LOG] [Fast Refresh] done in 13ms @ http://localhost:3000/_next/static/chunks/node_modules_next_dist_1e8vcs8._.js:776
[ 1640552ms] [LOG] [Fast Refresh] done in 13ms @ http://localhost:3000/_next/static/chunks/node_modules_next_dist_1e8vcs8._.js:776
[ 1640614ms] [LOG] [Fast Refresh] done in 13ms @ http://localhost:3000/_next/static/chunks/node_modules_next_dist_1e8vcs8._.js:776
[ 1640677ms] [LOG] [Fast Refresh] done in 13ms @ http://localhost:3000/_next/static/chunks/node_modules_next_dist_1e8vcs8._.js:776
[ 1640739ms] [LOG] [Fast Refresh] done in 13ms @ http://localhost:3000/_next/static/chunks/node_modules_next_dist_1e8vcs8._.js:776
[ 1640803ms] [LOG] [Fast Refresh] done in 13ms @ http://localhost:3000/_next/static/chunks/node_modules_next_dist_1e8vcs8._.js:776
[ 1640865ms] [LOG] [Fast Refresh] done in 13ms @ http://localhost:3000/_next/static/chunks/node_modules_next_dist_1e8vcs8._.js:776
[ 1640928ms] [LOG] [Fast Refresh] done in 13ms @ http://localhost:3000/_next/static/chunks/node_modules_next_dist_1e8vcs8._.js:776
[ 1640989ms] [LOG] [Fast Refresh] done in 13ms @ http://localhost:3000/_next/static/chunks/node_modules_next_dist_1e8vcs8._.js:776
[ 1641050ms] [LOG] [Fast Refresh] done in 13ms @ http://localhost:3000/_next/static/chunks/node_modules_next_dist_1e8vcs8._.js:776
[ 1641113ms] [LOG] [Fast Refresh] done in 13ms @ http://localhost:3000/_next/static/chunks/node_modules_next_dist_1e8vcs8._.js:776
[ 1641176ms] [LOG] [Fast Refresh] done in 13ms @ http://localhost:3000/_next/static/chunks/node_modules_next_dist_1e8vcs8._.js:776
[ 1641238ms] [LOG] [Fast Refresh] done in 13ms @ http://localhost:3000/_next/static/chunks/node_modules_next_dist_1e8vcs8._.js:776
[ 1641300ms] [LOG] [Fast Refresh] done in 13ms @ http://localhost:3000/_next/static/chunks/node_modules_next_dist_1e8vcs8._.js:776
[ 1641363ms] [LOG] [Fast Refresh] done in 13ms @ http://localhost:3000/_next/static/chunks/node_modules_next_dist_1e8vcs8._.js:776
[ 1641426ms] [LOG] [Fast Refresh] done in 13ms @ http://localhost:3000/_next/static/chunks/node_modules_next_dist_1e8vcs8._.js:776
[ 1641487ms] [LOG] [Fast Refresh] done in 13ms @ http://localhost:3000/_next/static/chunks/node_modules_next_dist_1e8vcs8._.js:776
[ 1641551ms] [LOG] [Fast Refresh] done in 13ms @ http://localhost:3000/_next/static/chunks/node_modules_next_dist_1e8vcs8._.js:776
[ 1641612ms] [LOG] [Fast Refresh] done in 13ms @ http://localhost:3000/_next/static/chunks/node_modules_next_dist_1e8vcs8._.js:776
[ 1641674ms] [LOG] [Fast Refresh] done in 13ms @ http://localhost:3000/_next/static/chunks/node_modules_next_dist_1e8vcs8._.js:776
[ 1641736ms] [LOG] [Fast Refresh] done in 13ms @ http://localhost:3000/_next/static/chunks/node_modules_next_dist_1e8vcs8._.js:776
[ 1641798ms] [LOG] [Fast Refresh] done in 13ms @ http://localhost:3000/_next/static/chunks/node_modules_next_dist_1e8vcs8._.js:776
[ 1641862ms] [LOG] [Fast Refresh] done in 13ms @ http://localhost:3000/_next/static/chunks/node_modules_next_dist_1e8vcs8._.js:776
[ 1641922ms] [LOG] [Fast Refresh] done in 13ms @ http://localhost:3000/_next/static/chunks/node_modules_next_dist_1e8vcs8._.js:776
[ 1641984ms] [LOG] [Fast Refresh] done in 13ms @ http://localhost:3000/_next/static/chunks/node_modules_next_dist_1e8vcs8._.js:776
[ 1642046ms] [LOG] [Fast Refresh] done in 13ms @ http://localhost:3000/_next/static/chunks/node_modules_next_dist_1e8vcs8._.js:776
[ 1642109ms] [LOG] [Fast Refresh] done in 13ms @ http://localhost:3000/_next/static/chunks/node_modules_next_dist_1e8vcs8._.js:776
[ 1642172ms] [LOG] [Fast Refresh] done in 13ms @ http://localhost:3000/_next/static/chunks/node_modules_next_dist_1e8vcs8._.js:776
[ 1642235ms] [LOG] [Fast Refresh] done in 13ms @ http://localhost:3000/_next/static/chunks/node_modules_next_dist_1e8vcs8._.js:776
[ 1642298ms] [LOG] [Fast Refresh] done in 13ms @ http://localhost:3000/_next/static/chunks/node_modules_next_dist_1e8vcs8._.js:776
[ 1642360ms] [LOG] [Fast Refresh] done in 13ms @ http://localhost:3000/_next/static/chunks/node_modules_next_dist_1e8vcs8._.js:776
[ 1642424ms] [LOG] [Fast Refresh] done in 13ms @ http://localhost:3000/_next/static/chunks/node_modules_next_dist_1e8vcs8._.js:776
[ 1642487ms] [LOG] [Fast Refresh] done in 13ms @ http://localhost:3000/_next/static/chunks/node_modules_next_dist_1e8vcs8._.js:776
[ 1642549ms] [LOG] [Fast Refresh] done in 13ms @ http://localhost:3000/_next/static/chunks/node_modules_next_dist_1e8vcs8._.js:776
[ 1642612ms] [LOG] [Fast Refresh] done in 13ms @ http://localhost:3000/_next/static/chunks/node_modules_next_dist_1e8vcs8._.js:776
[ 1642674ms] [LOG] [Fast Refresh] done in 13ms @ http://localhost:3000/_next/static/chunks/node_modules_next_dist_1e8vcs8._.js:776
[ 1642735ms] [LOG] [Fast Refresh] done in 13ms @ http://localhost:3000/_next/static/chunks/node_modules_next_dist_1e8vcs8._.js:776
[ 1642798ms] [LOG] [Fast Refresh] done in 13ms @ http://localhost:3000/_next/static/chunks/node_modules_next_dist_1e8vcs8._.js:776
[ 1642860ms] [LOG] [Fast Refresh] done in 13ms @ http://localhost:3000/_next/static/chunks/node_modules_next_dist_1e8vcs8._.js:776
[ 1642922ms] [LOG] [Fast Refresh] done in 13ms @ http://localhost:3000/_next/static/chunks/node_modules_next_dist_1e8vcs8._.js:776
[ 1642984ms] [LOG] [Fast Refresh] done in 13ms @ http://localhost:3000/_next/static/chunks/node_modules_next_dist_1e8vcs8._.js:776
[ 1643046ms] [LOG] [Fast Refresh] done in 13ms @ http://localhost:3000/_next/static/chunks/node_modules_next_dist_1e8vcs8._.js:776
[ 1643109ms] [LOG] [Fast Refresh] done in 13ms @ http://localhost:3000/_next/static/chunks/node_modules_next_dist_1e8vcs8._.js:776
[ 1643170ms] [LOG] [Fast Refresh] done in 13ms @ http://localhost:3000/_next/static/chunks/node_modules_next_dist_1e8vcs8._.js:776
[ 1643233ms] [LOG] [Fast Refresh] done in 13ms @ http://localhost:3000/_next/static/chunks/node_modules_next_dist_1e8vcs8._.js:776
[ 1643296ms] [LOG] [Fast Refresh] done in 13ms @ http://localhost:3000/_next/static/chunks/node_modules_next_dist_1e8vcs8._.js:776
[ 1643358ms] [LOG] [Fast Refresh] done in 13ms @ http://localhost:3000/_next/static/chunks/node_modules_next_dist_1e8vcs8._.js:776
[ 1643420ms] [LOG] [Fast Refresh] done in 13ms @ http://localhost:3000/_next/static/chunks/node_modules_next_dist_1e8vcs8._.js:776
[ 1643482ms] [LOG] [Fast Refresh] done in 13ms @ http://localhost:3000/_next/static/chunks/node_modules_next_dist_1e8vcs8._.js:776
[ 1643545ms] [LOG] [Fast Refresh] done in 13ms @ http://localhost:3000/_next/static/chunks/node_modules_next_dist_1e8vcs8._.js:776
[ 1643608ms] [LOG] [Fast Refresh] done in 13ms @ http://localhost:3000/_next/static/chunks/node_modules_next_dist_1e8vcs8._.js:776
[ 1643670ms] [LOG] [Fast Refresh] done in 13ms @ http://localhost:3000/_next/static/chunks/node_modules_next_dist_1e8vcs8._.js:776
[ 1643734ms] [LOG] [Fast Refresh] done in 13ms @ http://localhost:3000/_next/static/chunks/node_modules_next_dist_1e8vcs8._.js:776
[ 1643796ms] [LOG] [Fast Refresh] done in 13ms @ http://localhost:3000/_next/static/chunks/node_modules_next_dist_1e8vcs8._.js:776
[ 1643858ms] [LOG] [Fast Refresh] done in 13ms @ http://localhost:3000/_next/static/chunks/node_modules_next_dist_1e8vcs8._.js:776
[ 1643920ms] [LOG] [Fast Refresh] done in 13ms @ http://localhost:3000/_next/static/chunks/node_modules_next_dist_1e8vcs8._.js:776
[ 1643982ms] [LOG] [Fast Refresh] done in 13ms @ http://localhost:3000/_next/static/chunks/node_modules_next_dist_1e8vcs8._.js:776
[ 1644045ms] [LOG] [Fast Refresh] done in 13ms @ http://localhost:3000/_next/static/chunks/node_modules_next_dist_1e8vcs8._.js:776
[ 1644107ms] [LOG] [Fast Refresh] done in 13ms @ http://localhost:3000/_next/static/chunks/node_modules_next_dist_1e8vcs8._.js:776
[ 1644169ms] [LOG] [Fast Refresh] done in 13ms @ http://localhost:3000/_next/static/chunks/node_modules_next_dist_1e8vcs8._.js:776
[ 1644232ms] [LOG] [Fast Refresh] done in 13ms @ http://localhost:3000/_next/static/chunks/node_modules_next_dist_1e8vcs8._.js:776
[ 1644295ms] [LOG] [Fast Refresh] done in 13ms @ http://localhost:3000/_next/static/chunks/node_modules_next_dist_1e8vcs8._.js:776
[ 1644357ms] [LOG] [Fast Refresh] done in 13ms @ http://localhost:3000/_next/static/chunks/node_modules_next_dist_1e8vcs8._.js:776
[ 1644419ms] [LOG] [Fast Refresh] done in 13ms @ http://localhost:3000/_next/static/chunks/node_modules_next_dist_1e8vcs8._.js:776
[ 1644482ms] [LOG] [Fast Refresh] done in 13ms @ http://localhost:3000/_next/static/chunks/node_modules_next_dist_1e8vcs8._.js:776
[ 1644544ms] [LOG] [Fast Refresh] done in 13ms @ http://localhost:3000/_next/static/chunks/node_modules_next_dist_1e8vcs8._.js:776
[ 1644608ms] [LOG] [Fast Refresh] done in 13ms @ http://localhost:3000/_next/static/chunks/node_modules_next_dist_1e8vcs8._.js:776
[ 1644670ms] [LOG] [Fast Refresh] done in 13ms @ http://localhost:3000/_next/static/chunks/node_modules_next_dist_1e8vcs8._.js:776
[ 1644734ms] [LOG] [Fast Refresh] done in 13ms @ http://localhost:3000/_next/static/chunks/node_modules_next_dist_1e8vcs8._.js:776
[ 1644797ms] [LOG] [Fast Refresh] done in 13ms @ http://localhost:3000/_next/static/chunks/node_modules_next_dist_1e8vcs8._.js:776
[ 1644861ms] [LOG] [Fast Refresh] done in 13ms @ http://localhost:3000/_next/static/chunks/node_modules_next_dist_1e8vcs8._.js:776
[ 1644925ms] [LOG] [Fast Refresh] done in 13ms @ http://localhost:3000/_next/static/chunks/node_modules_next_dist_1e8vcs8._.js:776
[ 1644987ms] [LOG] [Fast Refresh] done in 13ms @ http://localhost:3000/_next/static/chunks/node_modules_next_dist_1e8vcs8._.js:776
[ 1645049ms] [LOG] [Fast Refresh] done in 13ms @ http://localhost:3000/_next/static/chunks/node_modules_next_dist_1e8vcs8._.js:776
[ 1645112ms] [LOG] [Fast Refresh] done in 13ms @ http://localhost:3000/_next/static/chunks/node_modules_next_dist_1e8vcs8._.js:776
[ 1645175ms] [LOG] [Fast Refresh] done in 13ms @ http://localhost:3000/_next/static/chunks/node_modules_next_dist_1e8vcs8._.js:776
[ 1645239ms] [LOG] [Fast Refresh] done in 13ms @ http://localhost:3000/_next/static/chunks/node_modules_next_dist_1e8vcs8._.js:776
[ 1645302ms] [LOG] [Fast Refresh] done in 13ms @ http://localhost:3000/_next/static/chunks/node_modules_next_dist_1e8vcs8._.js:776
[ 1645365ms] [LOG] [Fast Refresh] done in 13ms @ http://localhost:3000/_next/static/chunks/node_modules_next_dist_1e8vcs8._.js:776
[ 1645427ms] [LOG] [Fast Refresh] done in 13ms @ http://localhost:3000/_next/static/chunks/node_modules_next_dist_1e8vcs8._.js:776
[ 1645490ms] [LOG] [Fast Refresh] done in 13ms @ http://localhost:3000/_next/static/chunks/node_modules_next_dist_1e8vcs8._.js:776
[ 1645552ms] [LOG] [Fast Refresh] done in 13ms @ http://localhost:3000/_next/static/chunks/node_modules_next_dist_1e8vcs8._.js:776
[ 1645614ms] [LOG] [Fast Refresh] done in 13ms @ http://localhost:3000/_next/static/chunks/node_modules_next_dist_1e8vcs8._.js:776
[ 1645676ms] [LOG] [Fast Refresh] done in 13ms @ http://localhost:3000/_next/static/chunks/node_modules_next_dist_1e8vcs8._.js:776
[ 1645738ms] [LOG] [Fast Refresh] done in 13ms @ http://localhost:3000/_next/static/chunks/node_modules_next_dist_1e8vcs8._.js:776
[ 1645803ms] [LOG] [Fast Refresh] done in 13ms @ http://localhost:3000/_next/static/chunks/node_modules_next_dist_1e8vcs8._.js:776
[ 1645865ms] [LOG] [Fast Refresh] done in 13ms @ http://localhost:3000/_next/static/chunks/node_modules_next_dist_1e8vcs8._.js:776
[ 1645929ms] [LOG] [Fast Refresh] done in 13ms @ http://localhost:3000/_next/static/chunks/node_modules_next_dist_1e8vcs8._.js:776
[ 1645992ms] [LOG] [Fast Refresh] done in 13ms @ http://localhost:3000/_next/static/chunks/node_modules_next_dist_1e8vcs8._.js:776
[ 1646054ms] [LOG] [Fast Refresh] done in 13ms @ http://localhost:3000/_next/static/chunks/node_modules_next_dist_1e8vcs8._.js:776
[ 1646116ms] [LOG] [Fast Refresh] done in 13ms @ http://localhost:3000/_next/static/chunks/node_modules_next_dist_1e8vcs8._.js:776
[ 1646179ms] [LOG] [Fast Refresh] done in 13ms @ http://localhost:3000/_next/static/chunks/node_modules_next_dist_1e8vcs8._.js:776
[ 1646242ms] [LOG] [Fast Refresh] done in 13ms @ http://localhost:3000/_next/static/chunks/node_modules_next_dist_1e8vcs8._.js:776
[ 1646305ms] [LOG] [Fast Refresh] done in 13ms @ http://localhost:3000/_next/static/chunks/node_modules_next_dist_1e8vcs8._.js:776
[ 1646368ms] [LOG] [Fast Refresh] done in 13ms @ http://localhost:3000/_next/static/chunks/node_modules_next_dist_1e8vcs8._.js:776
[ 1646431ms] [LOG] [Fast Refresh] done in 13ms @ http://localhost:3000/_next/static/chunks/node_modules_next_dist_1e8vcs8._.js:776
[ 1646493ms] [LOG] [Fast Refresh] done in 13ms @ http://localhost:3000/_next/static/chunks/node_modules_next_dist_1e8vcs8._.js:776
[ 1646556ms] [LOG] [Fast Refresh] done in 13ms @ http://localhost:3000/_next/static/chunks/node_modules_next_dist_1e8vcs8._.js:776
[ 1646619ms] [LOG] [Fast Refresh] done in 13ms @ http://localhost:3000/_next/static/chunks/node_modules_next_dist_1e8vcs8._.js:776
[ 1646681ms] [LOG] [Fast Refresh] done in 13ms @ http://localhost:3000/_next/static/chunks/node_modules_next_dist_1e8vcs8._.js:776
[ 1646743ms] [LOG] [Fast Refresh] done in 13ms @ http://localhost:3000/_next/static/chunks/node_modules_next_dist_1e8vcs8._.js:776
[ 1646807ms] [LOG] [Fast Refresh] done in 13ms @ http://localhost:3000/_next/static/chunks/node_modules_next_dist_1e8vcs8._.js:776
[ 1646870ms] [LOG] [Fast Refresh] done in 13ms @ http://localhost:3000/_next/static/chunks/node_modules_next_dist_1e8vcs8._.js:776
[ 1646934ms] [LOG] [Fast Refresh] done in 13ms @ http://localhost:3000/_next/static/chunks/node_modules_next_dist_1e8vcs8._.js:776
[ 1646997ms] [LOG] [Fast Refresh] done in 13ms @ http://localhost:3000/_next/static/chunks/node_modules_next_dist_1e8vcs8._.js:776
[ 1647061ms] [LOG] [Fast Refresh] done in 13ms @ http://localhost:3000/_next/static/chunks/node_modules_next_dist_1e8vcs8._.js:776
[ 1647122ms] [LOG] [Fast Refresh] done in 13ms @ http://localhost:3000/_next/static/chunks/node_modules_next_dist_1e8vcs8._.js:776
[ 1647184ms] [LOG] [Fast Refresh] done in 13ms @ http://localhost:3000/_next/static/chunks/node_modules_next_dist_1e8vcs8._.js:776
[ 1647247ms] [LOG] [Fast Refresh] done in 13ms @ http://localhost:3000/_next/static/chunks/node_modules_next_dist_1e8vcs8._.js:776
[ 1647310ms] [LOG] [Fast Refresh] done in 13ms @ http://localhost:3000/_next/static/chunks/node_modules_next_dist_1e8vcs8._.js:776
[ 1647372ms] [LOG] [Fast Refresh] done in 13ms @ http://localhost:3000/_next/static/chunks/node_modules_next_dist_1e8vcs8._.js:776
[ 1647433ms] [LOG] [Fast Refresh] done in 13ms @ http://localhost:3000/_next/static/chunks/node_modules_next_dist_1e8vcs8._.js:776
[ 1647496ms] [LOG] [Fast Refresh] done in 13ms @ http://localhost:3000/_next/static/chunks/node_modules_next_dist_1e8vcs8._.js:776
[ 1647559ms] [LOG] [Fast Refresh] done in 13ms @ http://localhost:3000/_next/static/chunks/node_modules_next_dist_1e8vcs8._.js:776
[ 1647621ms] [LOG] [Fast Refresh] done in 13ms @ http://localhost:3000/_next/static/chunks/node_modules_next_dist_1e8vcs8._.js:776
[ 1647684ms] [LOG] [Fast Refresh] done in 13ms @ http://localhost:3000/_next/static/chunks/node_modules_next_dist_1e8vcs8._.js:776
[ 1647747ms] [LOG] [Fast Refresh] done in 13ms @ http://localhost:3000/_next/static/chunks/node_modules_next_dist_1e8vcs8._.js:776
[ 1647809ms] [LOG] [Fast Refresh] done in 13ms @ http://localhost:3000/_next/static/chunks/node_modules_next_dist_1e8vcs8._.js:776
[ 1647871ms] [LOG] [Fast Refresh] done in 13ms @ http://localhost:3000/_next/static/chunks/node_modules_next_dist_1e8vcs8._.js:776
[ 1647933ms] [LOG] [Fast Refresh] done in 13ms @ http://localhost:3000/_next/static/chunks/node_modules_next_dist_1e8vcs8._.js:776
[ 1647995ms] [LOG] [Fast Refresh] done in 13ms @ http://localhost:3000/_next/static/chunks/node_modules_next_dist_1e8vcs8._.js:776
[ 1648056ms] [LOG] [Fast Refresh] done in 13ms @ http://localhost:3000/_next/static/chunks/node_modules_next_dist_1e8vcs8._.js:776
[ 1648119ms] [LOG] [Fast Refresh] done in 13ms @ http://localhost:3000/_next/static/chunks/node_modules_next_dist_1e8vcs8._.js:776
[ 1648182ms] [LOG] [Fast Refresh] done in 13ms @ http://localhost:3000/_next/static/chunks/node_modules_next_dist_1e8vcs8._.js:776
[ 1648245ms] [LOG] [Fast Refresh] done in 13ms @ http://localhost:3000/_next/static/chunks/node_modules_next_dist_1e8vcs8._.js:776
[ 1648307ms] [LOG] [Fast Refresh] done in 13ms @ http://localhost:3000/_next/static/chunks/node_modules_next_dist_1e8vcs8._.js:776
[ 1648369ms] [LOG] [Fast Refresh] done in 13ms @ http://localhost:3000/_next/static/chunks/node_modules_next_dist_1e8vcs8._.js:776
[ 1648432ms] [LOG] [Fast Refresh] done in 13ms @ http://localhost:3000/_next/static/chunks/node_modules_next_dist_1e8vcs8._.js:776
[ 1648495ms] [LOG] [Fast Refresh] done in 13ms @ http://localhost:3000/_next/static/chunks/node_modules_next_dist_1e8vcs8._.js:776
[ 1648557ms] [LOG] [Fast Refresh] done in 13ms @ http://localhost:3000/_next/static/chunks/node_modules_next_dist_1e8vcs8._.js:776
[ 1648620ms] [LOG] [Fast Refresh] done in 13ms @ http://localhost:3000/_next/static/chunks/node_modules_next_dist_1e8vcs8._.js:776
[ 1648682ms] [LOG] [Fast Refresh] done in 13ms @ http://localhost:3000/_next/static/chunks/node_modules_next_dist_1e8vcs8._.js:776
[ 1648745ms] [LOG] [Fast Refresh] done in 13ms @ http://localhost:3000/_next/static/chunks/node_modules_next_dist_1e8vcs8._.js:776
[ 1648808ms] [LOG] [Fast Refresh] done in 13ms @ http://localhost:3000/_next/static/chunks/node_modules_next_dist_1e8vcs8._.js:776
[ 1648871ms] [LOG] [Fast Refresh] done in 13ms @ http://localhost:3000/_next/static/chunks/node_modules_next_dist_1e8vcs8._.js:776
[ 1648932ms] [LOG] [Fast Refresh] done in 13ms @ http://localhost:3000/_next/static/chunks/node_modules_next_dist_1e8vcs8._.js:776
[ 1648996ms] [LOG] [Fast Refresh] done in 13ms @ http://localhost:3000/_next/static/chunks/node_modules_next_dist_1e8vcs8._.js:776
[ 1649058ms] [LOG] [Fast Refresh] done in 13ms @ http://localhost:3000/_next/static/chunks/node_modules_next_dist_1e8vcs8._.js:776
[ 1649121ms] [LOG] [Fast Refresh] done in 13ms @ http://localhost:3000/_next/static/chunks/node_modules_next_dist_1e8vcs8._.js:776
[ 1649183ms] [LOG] [Fast Refresh] done in 13ms @ http://localhost:3000/_next/static/chunks/node_modules_next_dist_1e8vcs8._.js:776
[ 1649245ms] [LOG] [Fast Refresh] done in 13ms @ http://localhost:3000/_next/static/chunks/node_modules_next_dist_1e8vcs8._.js:776
[ 1649307ms] [LOG] [Fast Refresh] done in 13ms @ http://localhost:3000/_next/static/chunks/node_modules_next_dist_1e8vcs8._.js:776
[ 1649368ms] [LOG] [Fast Refresh] done in 13ms @ http://localhost:3000/_next/static/chunks/node_modules_next_dist_1e8vcs8._.js:776
[ 1649431ms] [LOG] [Fast Refresh] done in 13ms @ http://localhost:3000/_next/static/chunks/node_modules_next_dist_1e8vcs8._.js:776
[ 1649593ms] [LOG] [Fast Refresh] rebuilding @ http://localhost:3000/_next/static/chunks/node_modules_next_dist_1e8vcs8._.js:776
[ 1649707ms] [LOG] [Fast Refresh] done in 71ms @ http://localhost:3000/_next/static/chunks/node_modules_next_dist_1e8vcs8._.js:776
[ 1649733ms] [LOG] [Fast Refresh] done in 71ms @ http://localhost:3000/_next/static/chunks/node_modules_next_dist_1e8vcs8._.js:776
[ 1649788ms] [LOG] [Fast Refresh] done in 71ms @ http://localhost:3000/_next/static/chunks/node_modules_next_dist_1e8vcs8._.js:776
[ 1649851ms] [LOG] [Fast Refresh] done in 71ms @ http://localhost:3000/_next/static/chunks/node_modules_next_dist_1e8vcs8._.js:776
[ 1649917ms] [LOG] [Fast Refresh] done in 71ms @ http://localhost:3000/_next/static/chunks/node_modules_next_dist_1e8vcs8._.js:776
[ 1649974ms] [LOG] [Fast Refresh] done in 71ms @ http://localhost:3000/_next/static/chunks/node_modules_next_dist_1e8vcs8._.js:776
[ 1650037ms] [LOG] [Fast Refresh] done in 71ms @ http://localhost:3000/_next/static/chunks/node_modules_next_dist_1e8vcs8._.js:776
[ 1650100ms] [LOG] [Fast Refresh] done in 71ms @ http://localhost:3000/_next/static/chunks/node_modules_next_dist_1e8vcs8._.js:776
[ 1650165ms] [LOG] [Fast Refresh] done in 71ms @ http://localhost:3000/_next/static/chunks/node_modules_next_dist_1e8vcs8._.js:776
[ 1650227ms] [LOG] [Fast Refresh] done in 71ms @ http://localhost:3000/_next/static/chunks/node_modules_next_dist_1e8vcs8._.js:776
[ 1650290ms] [LOG] [Fast Refresh] done in 71ms @ http://localhost:3000/_next/static/chunks/node_modules_next_dist_1e8vcs8._.js:776
[ 1650373ms] [LOG] [Fast Refresh] done in 71ms @ http://localhost:3000/_next/static/chunks/node_modules_next_dist_1e8vcs8._.js:776
[ 1650430ms] [LOG] [Fast Refresh] done in 71ms @ http://localhost:3000/_next/static/chunks/node_modules_next_dist_1e8vcs8._.js:776
[ 1650492ms] [LOG] [Fast Refresh] done in 71ms @ http://localhost:3000/_next/static/chunks/node_modules_next_dist_1e8vcs8._.js:776
[ 1650576ms] [LOG] [Fast Refresh] done in 71ms @ http://localhost:3000/_next/static/chunks/node_modules_next_dist_1e8vcs8._.js:776
[ 1650632ms] [LOG] [Fast Refresh] done in 71ms @ http://localhost:3000/_next/static/chunks/node_modules_next_dist_1e8vcs8._.js:776
[ 1650696ms] [LOG] [Fast Refresh] done in 71ms @ http://localhost:3000/_next/static/chunks/node_modules_next_dist_1e8vcs8._.js:776
[ 1650758ms] [LOG] [Fast Refresh] done in 71ms @ http://localhost:3000/_next/static/chunks/node_modules_next_dist_1e8vcs8._.js:776
[ 1650819ms] [LOG] [Fast Refresh] done in 71ms @ http://localhost:3000/_next/static/chunks/node_modules_next_dist_1e8vcs8._.js:776
[ 1650881ms] [LOG] [Fast Refresh] done in 71ms @ http://localhost:3000/_next/static/chunks/node_modules_next_dist_1e8vcs8._.js:776
[ 1650943ms] [LOG] [Fast Refresh] done in 71ms @ http://localhost:3000/_next/static/chunks/node_modules_next_dist_1e8vcs8._.js:776
[ 1651005ms] [LOG] [Fast Refresh] done in 71ms @ http://localhost:3000/_next/static/chunks/node_modules_next_dist_1e8vcs8._.js:776
[ 1651068ms] [LOG] [Fast Refresh] done in 71ms @ http://localhost:3000/_next/static/chunks/node_modules_next_dist_1e8vcs8._.js:776
[ 1651131ms] [LOG] [Fast Refresh] done in 71ms @ http://localhost:3000/_next/static/chunks/node_modules_next_dist_1e8vcs8._.js:776
[ 1651193ms] [LOG] [Fast Refresh] done in 71ms @ http://localhost:3000/_next/static/chunks/node_modules_next_dist_1e8vcs8._.js:776
[ 1651256ms] [LOG] [Fast Refresh] done in 71ms @ http://localhost:3000/_next/static/chunks/node_modules_next_dist_1e8vcs8._.js:776
[ 1651318ms] [LOG] [Fast Refresh] done in 71ms @ http://localhost:3000/_next/static/chunks/node_modules_next_dist_1e8vcs8._.js:776
[ 1651380ms] [LOG] [Fast Refresh] done in 71ms @ http://localhost:3000/_next/static/chunks/node_modules_next_dist_1e8vcs8._.js:776
[ 1651444ms] [LOG] [Fast Refresh] done in 71ms @ http://localhost:3000/_next/static/chunks/node_modules_next_dist_1e8vcs8._.js:776
[ 1651507ms] [LOG] [Fast Refresh] done in 71ms @ http://localhost:3000/_next/static/chunks/node_modules_next_dist_1e8vcs8._.js:776
[ 1651571ms] [LOG] [Fast Refresh] done in 71ms @ http://localhost:3000/_next/static/chunks/node_modules_next_dist_1e8vcs8._.js:776
[ 1651634ms] [LOG] [Fast Refresh] done in 71ms @ http://localhost:3000/_next/static/chunks/node_modules_next_dist_1e8vcs8._.js:776
[ 1651695ms] [LOG] [Fast Refresh] done in 71ms @ http://localhost:3000/_next/static/chunks/node_modules_next_dist_1e8vcs8._.js:776
[ 1651758ms] [LOG] [Fast Refresh] done in 71ms @ http://localhost:3000/_next/static/chunks/node_modules_next_dist_1e8vcs8._.js:776
[ 1651819ms] [LOG] [Fast Refresh] done in 71ms @ http://localhost:3000/_next/static/chunks/node_modules_next_dist_1e8vcs8._.js:776
[ 1651882ms] [LOG] [Fast Refresh] done in 71ms @ http://localhost:3000/_next/static/chunks/node_modules_next_dist_1e8vcs8._.js:776
[ 1651945ms] [LOG] [Fast Refresh] done in 71ms @ http://localhost:3000/_next/static/chunks/node_modules_next_dist_1e8vcs8._.js:776
[ 1652006ms] [LOG] [Fast Refresh] done in 71ms @ http://localhost:3000/_next/static/chunks/node_modules_next_dist_1e8vcs8._.js:776
[ 1652068ms] [LOG] [Fast Refresh] done in 71ms @ http://localhost:3000/_next/static/chunks/node_modules_next_dist_1e8vcs8._.js:776
[ 1652131ms] [LOG] [Fast Refresh] done in 71ms @ http://localhost:3000/_next/static/chunks/node_modules_next_dist_1e8vcs8._.js:776
[ 1652193ms] [LOG] [Fast Refresh] done in 71ms @ http://localhost:3000/_next/static/chunks/node_modules_next_dist_1e8vcs8._.js:776
[ 1652256ms] [LOG] [Fast Refresh] done in 71ms @ http://localhost:3000/_next/static/chunks/node_modules_next_dist_1e8vcs8._.js:776
[ 1652319ms] [LOG] [Fast Refresh] done in 71ms @ http://localhost:3000/_next/static/chunks/node_modules_next_dist_1e8vcs8._.js:776
[ 1652382ms] [LOG] [Fast Refresh] done in 71ms @ http://localhost:3000/_next/static/chunks/node_modules_next_dist_1e8vcs8._.js:776
[ 1652445ms] [LOG] [Fast Refresh] done in 71ms @ http://localhost:3000/_next/static/chunks/node_modules_next_dist_1e8vcs8._.js:776
[ 1652508ms] [LOG] [Fast Refresh] done in 71ms @ http://localhost:3000/_next/static/chunks/node_modules_next_dist_1e8vcs8._.js:776
[ 1652570ms] [LOG] [Fast Refresh] done in 71ms @ http://localhost:3000/_next/static/chunks/node_modules_next_dist_1e8vcs8._.js:776
[ 1652633ms] [LOG] [Fast Refresh] done in 71ms @ http://localhost:3000/_next/static/chunks/node_modules_next_dist_1e8vcs8._.js:776
[ 1652696ms] [LOG] [Fast Refresh] done in 71ms @ http://localhost:3000/_next/static/chunks/node_modules_next_dist_1e8vcs8._.js:776
[ 1652759ms] [LOG] [Fast Refresh] done in 71ms @ http://localhost:3000/_next/static/chunks/node_modules_next_dist_1e8vcs8._.js:776
[ 1652823ms] [LOG] [Fast Refresh] done in 71ms @ http://localhost:3000/_next/static/chunks/node_modules_next_dist_1e8vcs8._.js:776
[ 1652885ms] [LOG] [Fast Refresh] done in 71ms @ http://localhost:3000/_next/static/chunks/node_modules_next_dist_1e8vcs8._.js:776
[ 1652949ms] [LOG] [Fast Refresh] done in 71ms @ http://localhost:3000/_next/static/chunks/node_modules_next_dist_1e8vcs8._.js:776
[ 1653014ms] [LOG] [Fast Refresh] done in 71ms @ http://localhost:3000/_next/static/chunks/node_modules_next_dist_1e8vcs8._.js:776
[ 1653076ms] [LOG] [Fast Refresh] done in 71ms @ http://localhost:3000/_next/static/chunks/node_modules_next_dist_1e8vcs8._.js:776
[ 1653139ms] [LOG] [Fast Refresh] done in 71ms @ http://localhost:3000/_next/static/chunks/node_modules_next_dist_1e8vcs8._.js:776
[ 1653202ms] [LOG] [Fast Refresh] done in 71ms @ http://localhost:3000/_next/static/chunks/node_modules_next_dist_1e8vcs8._.js:776
[ 1653264ms] [LOG] [Fast Refresh] done in 71ms @ http://localhost:3000/_next/static/chunks/node_modules_next_dist_1e8vcs8._.js:776
[ 1653327ms] [LOG] [Fast Refresh] done in 71ms @ http://localhost:3000/_next/static/chunks/node_modules_next_dist_1e8vcs8._.js:776
[ 1653391ms] [LOG] [Fast Refresh] done in 71ms @ http://localhost:3000/_next/static/chunks/node_modules_next_dist_1e8vcs8._.js:776
[ 1653454ms] [LOG] [Fast Refresh] done in 71ms @ http://localhost:3000/_next/static/chunks/node_modules_next_dist_1e8vcs8._.js:776
[ 1653517ms] [LOG] [Fast Refresh] done in 71ms @ http://localhost:3000/_next/static/chunks/node_modules_next_dist_1e8vcs8._.js:776
[ 1653579ms] [LOG] [Fast Refresh] done in 71ms @ http://localhost:3000/_next/static/chunks/node_modules_next_dist_1e8vcs8._.js:776
[ 1653641ms] [LOG] [Fast Refresh] done in 71ms @ http://localhost:3000/_next/static/chunks/node_modules_next_dist_1e8vcs8._.js:776
[ 1653705ms] [LOG] [Fast Refresh] done in 71ms @ http://localhost:3000/_next/static/chunks/node_modules_next_dist_1e8vcs8._.js:776
[ 1653768ms] [LOG] [Fast Refresh] done in 71ms @ http://localhost:3000/_next/static/chunks/node_modules_next_dist_1e8vcs8._.js:776
[ 1653829ms] [LOG] [Fast Refresh] done in 71ms @ http://localhost:3000/_next/static/chunks/node_modules_next_dist_1e8vcs8._.js:776
[ 1653892ms] [LOG] [Fast Refresh] done in 71ms @ http://localhost:3000/_next/static/chunks/node_modules_next_dist_1e8vcs8._.js:776
[ 1653954ms] [LOG] [Fast Refresh] done in 71ms @ http://localhost:3000/_next/static/chunks/node_modules_next_dist_1e8vcs8._.js:776
[ 1654017ms] [LOG] [Fast Refresh] done in 71ms @ http://localhost:3000/_next/static/chunks/node_modules_next_dist_1e8vcs8._.js:776
[ 1654080ms] [LOG] [Fast Refresh] done in 71ms @ http://localhost:3000/_next/static/chunks/node_modules_next_dist_1e8vcs8._.js:776
[ 1654143ms] [LOG] [Fast Refresh] done in 71ms @ http://localhost:3000/_next/static/chunks/node_modules_next_dist_1e8vcs8._.js:776
[ 1654206ms] [LOG] [Fast Refresh] done in 71ms @ http://localhost:3000/_next/static/chunks/node_modules_next_dist_1e8vcs8._.js:776
[ 1654270ms] [LOG] [Fast Refresh] done in 71ms @ http://localhost:3000/_next/static/chunks/node_modules_next_dist_1e8vcs8._.js:776
[ 1654333ms] [LOG] [Fast Refresh] done in 71ms @ http://localhost:3000/_next/static/chunks/node_modules_next_dist_1e8vcs8._.js:776
[ 1654396ms] [LOG] [Fast Refresh] done in 71ms @ http://localhost:3000/_next/static/chunks/node_modules_next_dist_1e8vcs8._.js:776
[ 1654458ms] [LOG] [Fast Refresh] done in 71ms @ http://localhost:3000/_next/static/chunks/node_modules_next_dist_1e8vcs8._.js:776
[ 1654520ms] [LOG] [Fast Refresh] done in 71ms @ http://localhost:3000/_next/static/chunks/node_modules_next_dist_1e8vcs8._.js:776
[ 1654583ms] [LOG] [Fast Refresh] done in 71ms @ http://localhost:3000/_next/static/chunks/node_modules_next_dist_1e8vcs8._.js:776
[ 1654646ms] [LOG] [Fast Refresh] done in 71ms @ http://localhost:3000/_next/static/chunks/node_modules_next_dist_1e8vcs8._.js:776
[ 1654709ms] [LOG] [Fast Refresh] done in 71ms @ http://localhost:3000/_next/static/chunks/node_modules_next_dist_1e8vcs8._.js:776
[ 1654771ms] [LOG] [Fast Refresh] done in 71ms @ http://localhost:3000/_next/static/chunks/node_modules_next_dist_1e8vcs8._.js:776
[ 1654833ms] [LOG] [Fast Refresh] done in 71ms @ http://localhost:3000/_next/static/chunks/node_modules_next_dist_1e8vcs8._.js:776
[ 1654895ms] [LOG] [Fast Refresh] done in 71ms @ http://localhost:3000/_next/static/chunks/node_modules_next_dist_1e8vcs8._.js:776
[ 1654957ms] [LOG] [Fast Refresh] done in 71ms @ http://localhost:3000/_next/static/chunks/node_modules_next_dist_1e8vcs8._.js:776
[ 1655019ms] [LOG] [Fast Refresh] done in 71ms @ http://localhost:3000/_next/static/chunks/node_modules_next_dist_1e8vcs8._.js:776
[ 1655081ms] [LOG] [Fast Refresh] done in 71ms @ http://localhost:3000/_next/static/chunks/node_modules_next_dist_1e8vcs8._.js:776
[ 1655143ms] [LOG] [Fast Refresh] done in 71ms @ http://localhost:3000/_next/static/chunks/node_modules_next_dist_1e8vcs8._.js:776
[ 1655206ms] [LOG] [Fast Refresh] done in 71ms @ http://localhost:3000/_next/static/chunks/node_modules_next_dist_1e8vcs8._.js:776
[ 1655268ms] [LOG] [Fast Refresh] done in 71ms @ http://localhost:3000/_next/static/chunks/node_modules_next_dist_1e8vcs8._.js:776
[ 1655331ms] [LOG] [Fast Refresh] done in 71ms @ http://localhost:3000/_next/static/chunks/node_modules_next_dist_1e8vcs8._.js:776
[ 1655392ms] [LOG] [Fast Refresh] done in 71ms @ http://localhost:3000/_next/static/chunks/node_modules_next_dist_1e8vcs8._.js:776
[ 1655455ms] [LOG] [Fast Refresh] done in 71ms @ http://localhost:3000/_next/static/chunks/node_modules_next_dist_1e8vcs8._.js:776
[ 1655517ms] [LOG] [Fast Refresh] done in 71ms @ http://localhost:3000/_next/static/chunks/node_modules_next_dist_1e8vcs8._.js:776
[ 1655580ms] [LOG] [Fast Refresh] done in 71ms @ http://localhost:3000/_next/static/chunks/node_modules_next_dist_1e8vcs8._.js:776
[ 1655642ms] [LOG] [Fast Refresh] done in 71ms @ http://localhost:3000/_next/static/chunks/node_modules_next_dist_1e8vcs8._.js:776
[ 1655705ms] [LOG] [Fast Refresh] done in 71ms @ http://localhost:3000/_next/static/chunks/node_modules_next_dist_1e8vcs8._.js:776
[ 1655767ms] [LOG] [Fast Refresh] done in 71ms @ http://localhost:3000/_next/static/chunks/node_modules_next_dist_1e8vcs8._.js:776
[ 1655830ms] [LOG] [Fast Refresh] done in 71ms @ http://localhost:3000/_next/static/chunks/node_modules_next_dist_1e8vcs8._.js:776
[ 1655892ms] [LOG] [Fast Refresh] done in 71ms @ http://localhost:3000/_next/static/chunks/node_modules_next_dist_1e8vcs8._.js:776
[ 1655954ms] [LOG] [Fast Refresh] done in 71ms @ http://localhost:3000/_next/static/chunks/node_modules_next_dist_1e8vcs8._.js:776
[ 1656017ms] [LOG] [Fast Refresh] done in 71ms @ http://localhost:3000/_next/static/chunks/node_modules_next_dist_1e8vcs8._.js:776
[ 1656079ms] [LOG] [Fast Refresh] done in 71ms @ http://localhost:3000/_next/static/chunks/node_modules_next_dist_1e8vcs8._.js:776
[ 1656140ms] [LOG] [Fast Refresh] done in 71ms @ http://localhost:3000/_next/static/chunks/node_modules_next_dist_1e8vcs8._.js:776
[ 1656203ms] [LOG] [Fast Refresh] done in 71ms @ http://localhost:3000/_next/static/chunks/node_modules_next_dist_1e8vcs8._.js:776
[ 1656266ms] [LOG] [Fast Refresh] done in 71ms @ http://localhost:3000/_next/static/chunks/node_modules_next_dist_1e8vcs8._.js:776
[ 1656329ms] [LOG] [Fast Refresh] done in 71ms @ http://localhost:3000/_next/static/chunks/node_modules_next_dist_1e8vcs8._.js:776
[ 1656390ms] [LOG] [Fast Refresh] done in 71ms @ http://localhost:3000/_next/static/chunks/node_modules_next_dist_1e8vcs8._.js:776
[ 1656452ms] [LOG] [Fast Refresh] done in 71ms @ http://localhost:3000/_next/static/chunks/node_modules_next_dist_1e8vcs8._.js:776
[ 1656515ms] [LOG] [Fast Refresh] done in 71ms @ http://localhost:3000/_next/static/chunks/node_modules_next_dist_1e8vcs8._.js:776
[ 1656577ms] [LOG] [Fast Refresh] done in 71ms @ http://localhost:3000/_next/static/chunks/node_modules_next_dist_1e8vcs8._.js:776
[ 1656640ms] [LOG] [Fast Refresh] done in 71ms @ http://localhost:3000/_next/static/chunks/node_modules_next_dist_1e8vcs8._.js:776
[ 1656703ms] [LOG] [Fast Refresh] done in 71ms @ http://localhost:3000/_next/static/chunks/node_modules_next_dist_1e8vcs8._.js:776
[ 1656767ms] [LOG] [Fast Refresh] done in 71ms @ http://localhost:3000/_next/static/chunks/node_modules_next_dist_1e8vcs8._.js:776
[ 1656829ms] [LOG] [Fast Refresh] done in 71ms @ http://localhost:3000/_next/static/chunks/node_modules_next_dist_1e8vcs8._.js:776
[ 1656891ms] [LOG] [Fast Refresh] done in 71ms @ http://localhost:3000/_next/static/chunks/node_modules_next_dist_1e8vcs8._.js:776
[ 1656953ms] [LOG] [Fast Refresh] done in 71ms @ http://localhost:3000/_next/static/chunks/node_modules_next_dist_1e8vcs8._.js:776
[ 1657016ms] [LOG] [Fast Refresh] done in 71ms @ http://localhost:3000/_next/static/chunks/node_modules_next_dist_1e8vcs8._.js:776
[ 1657080ms] [LOG] [Fast Refresh] done in 71ms @ http://localhost:3000/_next/static/chunks/node_modules_next_dist_1e8vcs8._.js:776
[ 1657142ms] [LOG] [Fast Refresh] done in 71ms @ http://localhost:3000/_next/static/chunks/node_modules_next_dist_1e8vcs8._.js:776
[ 1657204ms] [LOG] [Fast Refresh] done in 71ms @ http://localhost:3000/_next/static/chunks/node_modules_next_dist_1e8vcs8._.js:776
[ 1657268ms] [LOG] [Fast Refresh] done in 71ms @ http://localhost:3000/_next/static/chunks/node_modules_next_dist_1e8vcs8._.js:776
[ 1657330ms] [LOG] [Fast Refresh] done in 71ms @ http://localhost:3000/_next/static/chunks/node_modules_next_dist_1e8vcs8._.js:776
[ 1657392ms] [LOG] [Fast Refresh] done in 71ms @ http://localhost:3000/_next/static/chunks/node_modules_next_dist_1e8vcs8._.js:776
[ 1657453ms] [LOG] [Fast Refresh] done in 71ms @ http://localhost:3000/_next/static/chunks/node_modules_next_dist_1e8vcs8._.js:776
[ 1657515ms] [LOG] [Fast Refresh] done in 71ms @ http://localhost:3000/_next/static/chunks/node_modules_next_dist_1e8vcs8._.js:776
[ 1657578ms] [LOG] [Fast Refresh] done in 71ms @ http://localhost:3000/_next/static/chunks/node_modules_next_dist_1e8vcs8._.js:776
[ 1657642ms] [LOG] [Fast Refresh] done in 71ms @ http://localhost:3000/_next/static/chunks/node_modules_next_dist_1e8vcs8._.js:776
[ 1657703ms] [LOG] [Fast Refresh] done in 71ms @ http://localhost:3000/_next/static/chunks/node_modules_next_dist_1e8vcs8._.js:776
[ 1657766ms] [LOG] [Fast Refresh] done in 71ms @ http://localhost:3000/_next/static/chunks/node_modules_next_dist_1e8vcs8._.js:776
[ 1657830ms] [LOG] [Fast Refresh] done in 71ms @ http://localhost:3000/_next/static/chunks/node_modules_next_dist_1e8vcs8._.js:776
[ 1657892ms] [LOG] [Fast Refresh] done in 71ms @ http://localhost:3000/_next/static/chunks/node_modules_next_dist_1e8vcs8._.js:776
[ 1657955ms] [LOG] [Fast Refresh] done in 71ms @ http://localhost:3000/_next/static/chunks/node_modules_next_dist_1e8vcs8._.js:776
[ 1658017ms] [LOG] [Fast Refresh] done in 71ms @ http://localhost:3000/_next/static/chunks/node_modules_next_dist_1e8vcs8._.js:776
[ 1658079ms] [LOG] [Fast Refresh] done in 71ms @ http://localhost:3000/_next/static/chunks/node_modules_next_dist_1e8vcs8._.js:776
[ 1658142ms] [LOG] [Fast Refresh] done in 71ms @ http://localhost:3000/_next/static/chunks/node_modules_next_dist_1e8vcs8._.js:776
[ 1658203ms] [LOG] [Fast Refresh] done in 71ms @ http://localhost:3000/_next/static/chunks/node_modules_next_dist_1e8vcs8._.js:776
[ 1658265ms] [LOG] [Fast Refresh] done in 71ms @ http://localhost:3000/_next/static/chunks/node_modules_next_dist_1e8vcs8._.js:776
[ 1658328ms] [LOG] [Fast Refresh] done in 71ms @ http://localhost:3000/_next/static/chunks/node_modules_next_dist_1e8vcs8._.js:776
[ 1658391ms] [LOG] [Fast Refresh] done in 71ms @ http://localhost:3000/_next/static/chunks/node_modules_next_dist_1e8vcs8._.js:776
[ 1658454ms] [LOG] [Fast Refresh] done in 71ms @ http://localhost:3000/_next/static/chunks/node_modules_next_dist_1e8vcs8._.js:776
[ 1658517ms] [LOG] [Fast Refresh] done in 71ms @ http://localhost:3000/_next/static/chunks/node_modules_next_dist_1e8vcs8._.js:776
[ 1658581ms] [LOG] [Fast Refresh] done in 71ms @ http://localhost:3000/_next/static/chunks/node_modules_next_dist_1e8vcs8._.js:776
[ 1658642ms] [LOG] [Fast Refresh] done in 71ms @ http://localhost:3000/_next/static/chunks/node_modules_next_dist_1e8vcs8._.js:776
[ 1658704ms] [LOG] [Fast Refresh] done in 71ms @ http://localhost:3000/_next/static/chunks/node_modules_next_dist_1e8vcs8._.js:776
[ 1658767ms] [LOG] [Fast Refresh] done in 71ms @ http://localhost:3000/_next/static/chunks/node_modules_next_dist_1e8vcs8._.js:776
[ 1658828ms] [LOG] [Fast Refresh] done in 71ms @ http://localhost:3000/_next/static/chunks/node_modules_next_dist_1e8vcs8._.js:776
[ 1658890ms] [LOG] [Fast Refresh] done in 71ms @ http://localhost:3000/_next/static/chunks/node_modules_next_dist_1e8vcs8._.js:776
[ 1658953ms] [LOG] [Fast Refresh] done in 71ms @ http://localhost:3000/_next/static/chunks/node_modules_next_dist_1e8vcs8._.js:776
[ 1659016ms] [LOG] [Fast Refresh] done in 71ms @ http://localhost:3000/_next/static/chunks/node_modules_next_dist_1e8vcs8._.js:776
[ 1659078ms] [LOG] [Fast Refresh] done in 71ms @ http://localhost:3000/_next/static/chunks/node_modules_next_dist_1e8vcs8._.js:776
[ 1659140ms] [LOG] [Fast Refresh] done in 71ms @ http://localhost:3000/_next/static/chunks/node_modules_next_dist_1e8vcs8._.js:776
[ 1659203ms] [LOG] [Fast Refresh] done in 71ms @ http://localhost:3000/_next/static/chunks/node_modules_next_dist_1e8vcs8._.js:776
[ 1659266ms] [LOG] [Fast Refresh] done in 71ms @ http://localhost:3000/_next/static/chunks/node_modules_next_dist_1e8vcs8._.js:776
[ 1659330ms] [LOG] [Fast Refresh] done in 71ms @ http://localhost:3000/_next/static/chunks/node_modules_next_dist_1e8vcs8._.js:776
[ 1659391ms] [LOG] [Fast Refresh] done in 71ms @ http://localhost:3000/_next/static/chunks/node_modules_next_dist_1e8vcs8._.js:776
[ 1659454ms] [LOG] [Fast Refresh] done in 71ms @ http://localhost:3000/_next/static/chunks/node_modules_next_dist_1e8vcs8._.js:776
[ 1659517ms] [LOG] [Fast Refresh] done in 71ms @ http://localhost:3000/_next/static/chunks/node_modules_next_dist_1e8vcs8._.js:776
[ 1659579ms] [LOG] [Fast Refresh] done in 71ms @ http://localhost:3000/_next/static/chunks/node_modules_next_dist_1e8vcs8._.js:776
[ 1659643ms] [LOG] [Fast Refresh] done in 71ms @ http://localhost:3000/_next/static/chunks/node_modules_next_dist_1e8vcs8._.js:776
[ 1659705ms] [LOG] [Fast Refresh] done in 71ms @ http://localhost:3000/_next/static/chunks/node_modules_next_dist_1e8vcs8._.js:776
[ 1659768ms] [LOG] [Fast Refresh] done in 71ms @ http://localhost:3000/_next/static/chunks/node_modules_next_dist_1e8vcs8._.js:776
[ 1659829ms] [LOG] [Fast Refresh] done in 71ms @ http://localhost:3000/_next/static/chunks/node_modules_next_dist_1e8vcs8._.js:776
[ 1659891ms] [LOG] [Fast Refresh] done in 71ms @ http://localhost:3000/_next/static/chunks/node_modules_next_dist_1e8vcs8._.js:776
[ 1659952ms] [LOG] [Fast Refresh] done in 71ms @ http://localhost:3000/_next/static/chunks/node_modules_next_dist_1e8vcs8._.js:776
[ 1660014ms] [LOG] [Fast Refresh] done in 71ms @ http://localhost:3000/_next/static/chunks/node_modules_next_dist_1e8vcs8._.js:776
[ 1660078ms] [LOG] [Fast Refresh] done in 71ms @ http://localhost:3000/_next/static/chunks/node_modules_next_dist_1e8vcs8._.js:776
[ 1660140ms] [LOG] [Fast Refresh] done in 71ms @ http://localhost:3000/_next/static/chunks/node_modules_next_dist_1e8vcs8._.js:776
[ 1660202ms] [LOG] [Fast Refresh] done in 71ms @ http://localhost:3000/_next/static/chunks/node_modules_next_dist_1e8vcs8._.js:776
[ 1660266ms] [LOG] [Fast Refresh] done in 71ms @ http://localhost:3000/_next/static/chunks/node_modules_next_dist_1e8vcs8._.js:776
[ 1660329ms] [LOG] [Fast Refresh] done in 71ms @ http://localhost:3000/_next/static/chunks/node_modules_next_dist_1e8vcs8._.js:776
[ 1660391ms] [LOG] [Fast Refresh] done in 71ms @ http://localhost:3000/_next/static/chunks/node_modules_next_dist_1e8vcs8._.js:776
[ 1660455ms] [LOG] [Fast Refresh] done in 71ms @ http://localhost:3000/_next/static/chunks/node_modules_next_dist_1e8vcs8._.js:776
[ 1660517ms] [LOG] [Fast Refresh] done in 71ms @ http://localhost:3000/_next/static/chunks/node_modules_next_dist_1e8vcs8._.js:776
[ 1660580ms] [LOG] [Fast Refresh] done in 71ms @ http://localhost:3000/_next/static/chunks/node_modules_next_dist_1e8vcs8._.js:776
[ 1660642ms] [LOG] [Fast Refresh] done in 71ms @ http://localhost:3000/_next/static/chunks/node_modules_next_dist_1e8vcs8._.js:776
[ 1660705ms] [LOG] [Fast Refresh] done in 71ms @ http://localhost:3000/_next/static/chunks/node_modules_next_dist_1e8vcs8._.js:776
[ 1660768ms] [LOG] [Fast Refresh] done in 71ms @ http://localhost:3000/_next/static/chunks/node_modules_next_dist_1e8vcs8._.js:776
[ 1660831ms] [LOG] [Fast Refresh] done in 71ms @ http://localhost:3000/_next/static/chunks/node_modules_next_dist_1e8vcs8._.js:776
[ 1660893ms] [LOG] [Fast Refresh] done in 71ms @ http://localhost:3000/_next/static/chunks/node_modules_next_dist_1e8vcs8._.js:776
[ 1660955ms] [LOG] [Fast Refresh] done in 71ms @ http://localhost:3000/_next/static/chunks/node_modules_next_dist_1e8vcs8._.js:776
[ 1661018ms] [LOG] [Fast Refresh] done in 71ms @ http://localhost:3000/_next/static/chunks/node_modules_next_dist_1e8vcs8._.js:776
[ 1661081ms] [LOG] [Fast Refresh] done in 71ms @ http://localhost:3000/_next/static/chunks/node_modules_next_dist_1e8vcs8._.js:776
[ 1661146ms] [LOG] [Fast Refresh] done in 71ms @ http://localhost:3000/_next/static/chunks/node_modules_next_dist_1e8vcs8._.js:776
[ 1661207ms] [LOG] [Fast Refresh] done in 71ms @ http://localhost:3000/_next/static/chunks/node_modules_next_dist_1e8vcs8._.js:776
[ 1661268ms] [LOG] [Fast Refresh] done in 71ms @ http://localhost:3000/_next/static/chunks/node_modules_next_dist_1e8vcs8._.js:776
[ 1661332ms] [LOG] [Fast Refresh] done in 71ms @ http://localhost:3000/_next/static/chunks/node_modules_next_dist_1e8vcs8._.js:776
[ 1661395ms] [LOG] [Fast Refresh] done in 71ms @ http://localhost:3000/_next/static/chunks/node_modules_next_dist_1e8vcs8._.js:776
[ 1661458ms] [LOG] [Fast Refresh] done in 71ms @ http://localhost:3000/_next/static/chunks/node_modules_next_dist_1e8vcs8._.js:776
[ 1661523ms] [LOG] [Fast Refresh] done in 71ms @ http://localhost:3000/_next/static/chunks/node_modules_next_dist_1e8vcs8._.js:776
[ 1661585ms] [LOG] [Fast Refresh] done in 71ms @ http://localhost:3000/_next/static/chunks/node_modules_next_dist_1e8vcs8._.js:776
[ 1661647ms] [LOG] [Fast Refresh] done in 71ms @ http://localhost:3000/_next/static/chunks/node_modules_next_dist_1e8vcs8._.js:776
[ 1661710ms] [LOG] [Fast Refresh] done in 71ms @ http://localhost:3000/_next/static/chunks/node_modules_next_dist_1e8vcs8._.js:776
[ 1661772ms] [LOG] [Fast Refresh] done in 71ms @ http://localhost:3000/_next/static/chunks/node_modules_next_dist_1e8vcs8._.js:776
[ 1661835ms] [LOG] [Fast Refresh] done in 71ms @ http://localhost:3000/_next/static/chunks/node_modules_next_dist_1e8vcs8._.js:776
[ 1661897ms] [LOG] [Fast Refresh] done in 71ms @ http://localhost:3000/_next/static/chunks/node_modules_next_dist_1e8vcs8._.js:776
[ 1661960ms] [LOG] [Fast Refresh] done in 71ms @ http://localhost:3000/_next/static/chunks/node_modules_next_dist_1e8vcs8._.js:776
[ 1662023ms] [LOG] [Fast Refresh] done in 71ms @ http://localhost:3000/_next/static/chunks/node_modules_next_dist_1e8vcs8._.js:776
[ 1662084ms] [LOG] [Fast Refresh] done in 71ms @ http://localhost:3000/_next/static/chunks/node_modules_next_dist_1e8vcs8._.js:776
[ 1662147ms] [LOG] [Fast Refresh] done in 71ms @ http://localhost:3000/_next/static/chunks/node_modules_next_dist_1e8vcs8._.js:776
[ 1662209ms] [LOG] [Fast Refresh] done in 71ms @ http://localhost:3000/_next/static/chunks/node_modules_next_dist_1e8vcs8._.js:776
[ 1662272ms] [LOG] [Fast Refresh] done in 71ms @ http://localhost:3000/_next/static/chunks/node_modules_next_dist_1e8vcs8._.js:776
[ 1662334ms] [LOG] [Fast Refresh] done in 71ms @ http://localhost:3000/_next/static/chunks/node_modules_next_dist_1e8vcs8._.js:776
[ 1662397ms] [LOG] [Fast Refresh] done in 71ms @ http://localhost:3000/_next/static/chunks/node_modules_next_dist_1e8vcs8._.js:776
[ 1662458ms] [LOG] [Fast Refresh] done in 71ms @ http://localhost:3000/_next/static/chunks/node_modules_next_dist_1e8vcs8._.js:776
[ 1662521ms] [LOG] [Fast Refresh] done in 71ms @ http://localhost:3000/_next/static/chunks/node_modules_next_dist_1e8vcs8._.js:776
[ 1662584ms] [LOG] [Fast Refresh] done in 71ms @ http://localhost:3000/_next/static/chunks/node_modules_next_dist_1e8vcs8._.js:776
[ 1662645ms] [LOG] [Fast Refresh] done in 71ms @ http://localhost:3000/_next/static/chunks/node_modules_next_dist_1e8vcs8._.js:776
[ 1662709ms] [LOG] [Fast Refresh] done in 71ms @ http://localhost:3000/_next/static/chunks/node_modules_next_dist_1e8vcs8._.js:776
[ 1662772ms] [LOG] [Fast Refresh] done in 71ms @ http://localhost:3000/_next/static/chunks/node_modules_next_dist_1e8vcs8._.js:776
[ 1662834ms] [LOG] [Fast Refresh] done in 71ms @ http://localhost:3000/_next/static/chunks/node_modules_next_dist_1e8vcs8._.js:776
[ 1662896ms] [LOG] [Fast Refresh] done in 71ms @ http://localhost:3000/_next/static/chunks/node_modules_next_dist_1e8vcs8._.js:776
[ 1662959ms] [LOG] [Fast Refresh] done in 71ms @ http://localhost:3000/_next/static/chunks/node_modules_next_dist_1e8vcs8._.js:776
[ 1663022ms] [LOG] [Fast Refresh] done in 71ms @ http://localhost:3000/_next/static/chunks/node_modules_next_dist_1e8vcs8._.js:776
[ 1663085ms] [LOG] [Fast Refresh] done in 71ms @ http://localhost:3000/_next/static/chunks/node_modules_next_dist_1e8vcs8._.js:776
[ 1663147ms] [LOG] [Fast Refresh] done in 71ms @ http://localhost:3000/_next/static/chunks/node_modules_next_dist_1e8vcs8._.js:776
[ 1663208ms] [LOG] [Fast Refresh] done in 71ms @ http://localhost:3000/_next/static/chunks/node_modules_next_dist_1e8vcs8._.js:776
[ 1663271ms] [LOG] [Fast Refresh] done in 71ms @ http://localhost:3000/_next/static/chunks/node_modules_next_dist_1e8vcs8._.js:776
[ 1663334ms] [LOG] [Fast Refresh] done in 71ms @ http://localhost:3000/_next/static/chunks/node_modules_next_dist_1e8vcs8._.js:776
[ 1663396ms] [LOG] [Fast Refresh] done in 71ms @ http://localhost:3000/_next/static/chunks/node_modules_next_dist_1e8vcs8._.js:776
[ 1663458ms] [LOG] [Fast Refresh] done in 71ms @ http://localhost:3000/_next/static/chunks/node_modules_next_dist_1e8vcs8._.js:776
[ 1663521ms] [LOG] [Fast Refresh] done in 71ms @ http://localhost:3000/_next/static/chunks/node_modules_next_dist_1e8vcs8._.js:776
[ 1663583ms] [LOG] [Fast Refresh] done in 71ms @ http://localhost:3000/_next/static/chunks/node_modules_next_dist_1e8vcs8._.js:776
[ 1663646ms] [LOG] [Fast Refresh] done in 71ms @ http://localhost:3000/_next/static/chunks/node_modules_next_dist_1e8vcs8._.js:776
[ 1663707ms] [LOG] [Fast Refresh] done in 71ms @ http://localhost:3000/_next/static/chunks/node_modules_next_dist_1e8vcs8._.js:776
[ 1663771ms] [LOG] [Fast Refresh] done in 71ms @ http://localhost:3000/_next/static/chunks/node_modules_next_dist_1e8vcs8._.js:776
[ 1663833ms] [LOG] [Fast Refresh] done in 71ms @ http://localhost:3000/_next/static/chunks/node_modules_next_dist_1e8vcs8._.js:776
[ 1663896ms] [LOG] [Fast Refresh] done in 71ms @ http://localhost:3000/_next/static/chunks/node_modules_next_dist_1e8vcs8._.js:776
[ 1663958ms] [LOG] [Fast Refresh] done in 71ms @ http://localhost:3000/_next/static/chunks/node_modules_next_dist_1e8vcs8._.js:776
[ 1664020ms] [LOG] [Fast Refresh] done in 71ms @ http://localhost:3000/_next/static/chunks/node_modules_next_dist_1e8vcs8._.js:776
[ 1664083ms] [LOG] [Fast Refresh] done in 71ms @ http://localhost:3000/_next/static/chunks/node_modules_next_dist_1e8vcs8._.js:776
[ 1664146ms] [LOG] [Fast Refresh] done in 71ms @ http://localhost:3000/_next/static/chunks/node_modules_next_dist_1e8vcs8._.js:776
[ 1664209ms] [LOG] [Fast Refresh] done in 71ms @ http://localhost:3000/_next/static/chunks/node_modules_next_dist_1e8vcs8._.js:776
[ 1664270ms] [LOG] [Fast Refresh] done in 71ms @ http://localhost:3000/_next/static/chunks/node_modules_next_dist_1e8vcs8._.js:776
[ 1664334ms] [LOG] [Fast Refresh] done in 71ms @ http://localhost:3000/_next/static/chunks/node_modules_next_dist_1e8vcs8._.js:776
[ 1664395ms] [LOG] [Fast Refresh] done in 71ms @ http://localhost:3000/_next/static/chunks/node_modules_next_dist_1e8vcs8._.js:776
[ 1664459ms] [LOG] [Fast Refresh] done in 71ms @ http://localhost:3000/_next/static/chunks/node_modules_next_dist_1e8vcs8._.js:776
[ 1664521ms] [LOG] [Fast Refresh] done in 71ms @ http://localhost:3000/_next/static/chunks/node_modules_next_dist_1e8vcs8._.js:776
[ 1664583ms] [LOG] [Fast Refresh] done in 71ms @ http://localhost:3000/_next/static/chunks/node_modules_next_dist_1e8vcs8._.js:776
[ 1664647ms] [LOG] [Fast Refresh] done in 71ms @ http://localhost:3000/_next/static/chunks/node_modules_next_dist_1e8vcs8._.js:776
[ 1664710ms] [LOG] [Fast Refresh] done in 71ms @ http://localhost:3000/_next/static/chunks/node_modules_next_dist_1e8vcs8._.js:776
[ 1664772ms] [LOG] [Fast Refresh] done in 71ms @ http://localhost:3000/_next/static/chunks/node_modules_next_dist_1e8vcs8._.js:776
[ 1664835ms] [LOG] [Fast Refresh] done in 71ms @ http://localhost:3000/_next/static/chunks/node_modules_next_dist_1e8vcs8._.js:776
[ 1664895ms] [LOG] [Fast Refresh] done in 71ms @ http://localhost:3000/_next/static/chunks/node_modules_next_dist_1e8vcs8._.js:776
[ 1664956ms] [LOG] [Fast Refresh] done in 71ms @ http://localhost:3000/_next/static/chunks/node_modules_next_dist_1e8vcs8._.js:776
[ 1665018ms] [LOG] [Fast Refresh] done in 71ms @ http://localhost:3000/_next/static/chunks/node_modules_next_dist_1e8vcs8._.js:776
[ 1665081ms] [LOG] [Fast Refresh] done in 71ms @ http://localhost:3000/_next/static/chunks/node_modules_next_dist_1e8vcs8._.js:776
[ 1665143ms] [LOG] [Fast Refresh] done in 71ms @ http://localhost:3000/_next/static/chunks/node_modules_next_dist_1e8vcs8._.js:776
[ 1665205ms] [LOG] [Fast Refresh] done in 71ms @ http://localhost:3000/_next/static/chunks/node_modules_next_dist_1e8vcs8._.js:776
[ 1665267ms] [LOG] [Fast Refresh] done in 71ms @ http://localhost:3000/_next/static/chunks/node_modules_next_dist_1e8vcs8._.js:776
[ 1665329ms] [LOG] [Fast Refresh] done in 71ms @ http://localhost:3000/_next/static/chunks/node_modules_next_dist_1e8vcs8._.js:776
[ 1665391ms] [LOG] [Fast Refresh] done in 71ms @ http://localhost:3000/_next/static/chunks/node_modules_next_dist_1e8vcs8._.js:776
[ 1665454ms] [LOG] [Fast Refresh] done in 71ms @ http://localhost:3000/_next/static/chunks/node_modules_next_dist_1e8vcs8._.js:776
[ 1665517ms] [LOG] [Fast Refresh] done in 71ms @ http://localhost:3000/_next/static/chunks/node_modules_next_dist_1e8vcs8._.js:776
[ 1665581ms] [LOG] [Fast Refresh] done in 71ms @ http://localhost:3000/_next/static/chunks/node_modules_next_dist_1e8vcs8._.js:776
[ 1665643ms] [LOG] [Fast Refresh] done in 71ms @ http://localhost:3000/_next/static/chunks/node_modules_next_dist_1e8vcs8._.js:776
[ 1665706ms] [LOG] [Fast Refresh] done in 71ms @ http://localhost:3000/_next/static/chunks/node_modules_next_dist_1e8vcs8._.js:776
[ 1665769ms] [LOG] [Fast Refresh] done in 71ms @ http://localhost:3000/_next/static/chunks/node_modules_next_dist_1e8vcs8._.js:776
[ 1665831ms] [LOG] [Fast Refresh] done in 71ms @ http://localhost:3000/_next/static/chunks/node_modules_next_dist_1e8vcs8._.js:776
[ 1665895ms] [LOG] [Fast Refresh] done in 71ms @ http://localhost:3000/_next/static/chunks/node_modules_next_dist_1e8vcs8._.js:776
[ 1665956ms] [LOG] [Fast Refresh] done in 71ms @ http://localhost:3000/_next/static/chunks/node_modules_next_dist_1e8vcs8._.js:776
[ 1666018ms] [LOG] [Fast Refresh] done in 71ms @ http://localhost:3000/_next/static/chunks/node_modules_next_dist_1e8vcs8._.js:776
[ 1666081ms] [LOG] [Fast Refresh] done in 71ms @ http://localhost:3000/_next/static/chunks/node_modules_next_dist_1e8vcs8._.js:776
[ 1666143ms] [LOG] [Fast Refresh] done in 71ms @ http://localhost:3000/_next/static/chunks/node_modules_next_dist_1e8vcs8._.js:776
[ 1666204ms] [LOG] [Fast Refresh] done in 71ms @ http://localhost:3000/_next/static/chunks/node_modules_next_dist_1e8vcs8._.js:776
[ 1666254ms] [LOG] [Fast Refresh] done in 71ms @ http://localhost:3000/_next/static/chunks/node_modules_next_dist_1e8vcs8._.js:776
[ 1707187ms] [LOG] [Fast Refresh] rebuilding @ http://localhost:3000/_next/static/chunks/node_modules_next_dist_1e8vcs8._.js:776
[ 1707423ms] [LOG] [Fast Refresh] done in 287ms @ http://localhost:3000/_next/static/chunks/node_modules_next_dist_1e8vcs8._.js:776
[ 1707489ms] [LOG] [Fast Refresh] done in 287ms @ http://localhost:3000/_next/static/chunks/node_modules_next_dist_1e8vcs8._.js:776
[ 1707551ms] [LOG] [Fast Refresh] done in 287ms @ http://localhost:3000/_next/static/chunks/node_modules_next_dist_1e8vcs8._.js:776
[ 1707609ms] [LOG] [Fast Refresh] done in 287ms @ http://localhost:3000/_next/static/chunks/node_modules_next_dist_1e8vcs8._.js:776
[ 1707671ms] [LOG] [Fast Refresh] done in 287ms @ http://localhost:3000/_next/static/chunks/node_modules_next_dist_1e8vcs8._.js:776
[ 1707734ms] [LOG] [Fast Refresh] done in 287ms @ http://localhost:3000/_next/static/chunks/node_modules_next_dist_1e8vcs8._.js:776
[ 1707800ms] [LOG] [Fast Refresh] done in 287ms @ http://localhost:3000/_next/static/chunks/node_modules_next_dist_1e8vcs8._.js:776
[ 1707858ms] [LOG] [Fast Refresh] done in 287ms @ http://localhost:3000/_next/static/chunks/node_modules_next_dist_1e8vcs8._.js:776
[ 1707920ms] [LOG] [Fast Refresh] done in 287ms @ http://localhost:3000/_next/static/chunks/node_modules_next_dist_1e8vcs8._.js:776
[ 1707984ms] [LOG] [Fast Refresh] done in 287ms @ http://localhost:3000/_next/static/chunks/node_modules_next_dist_1e8vcs8._.js:776
[ 1708048ms] [LOG] [Fast Refresh] done in 287ms @ http://localhost:3000/_next/static/chunks/node_modules_next_dist_1e8vcs8._.js:776
[ 1708110ms] [LOG] [Fast Refresh] done in 287ms @ http://localhost:3000/_next/static/chunks/node_modules_next_dist_1e8vcs8._.js:776
[ 1708173ms] [LOG] [Fast Refresh] done in 287ms @ http://localhost:3000/_next/static/chunks/node_modules_next_dist_1e8vcs8._.js:776
[ 1708235ms] [LOG] [Fast Refresh] done in 287ms @ http://localhost:3000/_next/static/chunks/node_modules_next_dist_1e8vcs8._.js:776
[ 1708298ms] [LOG] [Fast Refresh] done in 287ms @ http://localhost:3000/_next/static/chunks/node_modules_next_dist_1e8vcs8._.js:776
[ 1708360ms] [LOG] [Fast Refresh] done in 287ms @ http://localhost:3000/_next/static/chunks/node_modules_next_dist_1e8vcs8._.js:776
[ 1708423ms] [LOG] [Fast Refresh] done in 287ms @ http://localhost:3000/_next/static/chunks/node_modules_next_dist_1e8vcs8._.js:776
[ 1708486ms] [LOG] [Fast Refresh] done in 287ms @ http://localhost:3000/_next/static/chunks/node_modules_next_dist_1e8vcs8._.js:776
[ 1708548ms] [LOG] [Fast Refresh] done in 287ms @ http://localhost:3000/_next/static/chunks/node_modules_next_dist_1e8vcs8._.js:776
[ 1708609ms] [LOG] [Fast Refresh] done in 287ms @ http://localhost:3000/_next/static/chunks/node_modules_next_dist_1e8vcs8._.js:776
[ 1708671ms] [LOG] [Fast Refresh] done in 287ms @ http://localhost:3000/_next/static/chunks/node_modules_next_dist_1e8vcs8._.js:776
[ 1708732ms] [LOG] [Fast Refresh] done in 287ms @ http://localhost:3000/_next/static/chunks/node_modules_next_dist_1e8vcs8._.js:776
[ 1708793ms] [LOG] [Fast Refresh] done in 287ms @ http://localhost:3000/_next/static/chunks/node_modules_next_dist_1e8vcs8._.js:776
[ 1708854ms] [LOG] [Fast Refresh] done in 287ms @ http://localhost:3000/_next/static/chunks/node_modules_next_dist_1e8vcs8._.js:776
[ 1708916ms] [LOG] [Fast Refresh] done in 287ms @ http://localhost:3000/_next/static/chunks/node_modules_next_dist_1e8vcs8._.js:776
[ 1708979ms] [LOG] [Fast Refresh] done in 287ms @ http://localhost:3000/_next/static/chunks/node_modules_next_dist_1e8vcs8._.js:776
[ 1709040ms] [LOG] [Fast Refresh] done in 287ms @ http://localhost:3000/_next/static/chunks/node_modules_next_dist_1e8vcs8._.js:776
[ 1709103ms] [LOG] [Fast Refresh] done in 287ms @ http://localhost:3000/_next/static/chunks/node_modules_next_dist_1e8vcs8._.js:776
[ 1709166ms] [LOG] [Fast Refresh] done in 287ms @ http://localhost:3000/_next/static/chunks/node_modules_next_dist_1e8vcs8._.js:776
[ 1709230ms] [LOG] [Fast Refresh] done in 287ms @ http://localhost:3000/_next/static/chunks/node_modules_next_dist_1e8vcs8._.js:776
[ 1709293ms] [LOG] [Fast Refresh] done in 287ms @ http://localhost:3000/_next/static/chunks/node_modules_next_dist_1e8vcs8._.js:776
[ 1709356ms] [LOG] [Fast Refresh] done in 287ms @ http://localhost:3000/_next/static/chunks/node_modules_next_dist_1e8vcs8._.js:776
[ 1709417ms] [LOG] [Fast Refresh] done in 287ms @ http://localhost:3000/_next/static/chunks/node_modules_next_dist_1e8vcs8._.js:776
[ 1709480ms] [LOG] [Fast Refresh] done in 287ms @ http://localhost:3000/_next/static/chunks/node_modules_next_dist_1e8vcs8._.js:776
[ 1709542ms] [LOG] [Fast Refresh] done in 287ms @ http://localhost:3000/_next/static/chunks/node_modules_next_dist_1e8vcs8._.js:776
[ 1709606ms] [LOG] [Fast Refresh] done in 287ms @ http://localhost:3000/_next/static/chunks/node_modules_next_dist_1e8vcs8._.js:776
[ 1709668ms] [LOG] [Fast Refresh] done in 287ms @ http://localhost:3000/_next/static/chunks/node_modules_next_dist_1e8vcs8._.js:776
[ 1709730ms] [LOG] [Fast Refresh] done in 287ms @ http://localhost:3000/_next/static/chunks/node_modules_next_dist_1e8vcs8._.js:776
[ 1709791ms] [LOG] [Fast Refresh] done in 287ms @ http://localhost:3000/_next/static/chunks/node_modules_next_dist_1e8vcs8._.js:776
[ 1709854ms] [LOG] [Fast Refresh] done in 287ms @ http://localhost:3000/_next/static/chunks/node_modules_next_dist_1e8vcs8._.js:776
[ 1709917ms] [LOG] [Fast Refresh] done in 287ms @ http://localhost:3000/_next/static/chunks/node_modules_next_dist_1e8vcs8._.js:776
[ 1709980ms] [LOG] [Fast Refresh] done in 287ms @ http://localhost:3000/_next/static/chunks/node_modules_next_dist_1e8vcs8._.js:776
[ 1710042ms] [LOG] [Fast Refresh] done in 287ms @ http://localhost:3000/_next/static/chunks/node_modules_next_dist_1e8vcs8._.js:776
[ 1710106ms] [LOG] [Fast Refresh] done in 287ms @ http://localhost:3000/_next/static/chunks/node_modules_next_dist_1e8vcs8._.js:776
[ 1710168ms] [LOG] [Fast Refresh] done in 287ms @ http://localhost:3000/_next/static/chunks/node_modules_next_dist_1e8vcs8._.js:776
[ 1710231ms] [LOG] [Fast Refresh] done in 287ms @ http://localhost:3000/_next/static/chunks/node_modules_next_dist_1e8vcs8._.js:776
[ 1710296ms] [LOG] [Fast Refresh] done in 287ms @ http://localhost:3000/_next/static/chunks/node_modules_next_dist_1e8vcs8._.js:776
[ 1710359ms] [LOG] [Fast Refresh] done in 287ms @ http://localhost:3000/_next/static/chunks/node_modules_next_dist_1e8vcs8._.js:776
[ 1710423ms] [LOG] [Fast Refresh] done in 287ms @ http://localhost:3000/_next/static/chunks/node_modules_next_dist_1e8vcs8._.js:776
[ 1710485ms] [LOG] [Fast Refresh] done in 287ms @ http://localhost:3000/_next/static/chunks/node_modules_next_dist_1e8vcs8._.js:776
[ 1710548ms] [LOG] [Fast Refresh] done in 287ms @ http://localhost:3000/_next/static/chunks/node_modules_next_dist_1e8vcs8._.js:776
[ 1710610ms] [LOG] [Fast Refresh] done in 287ms @ http://localhost:3000/_next/static/chunks/node_modules_next_dist_1e8vcs8._.js:776
[ 1710673ms] [LOG] [Fast Refresh] done in 287ms @ http://localhost:3000/_next/static/chunks/node_modules_next_dist_1e8vcs8._.js:776
[ 1710734ms] [LOG] [Fast Refresh] done in 287ms @ http://localhost:3000/_next/static/chunks/node_modules_next_dist_1e8vcs8._.js:776
[ 1710798ms] [LOG] [Fast Refresh] done in 287ms @ http://localhost:3000/_next/static/chunks/node_modules_next_dist_1e8vcs8._.js:776
[ 1710860ms] [LOG] [Fast Refresh] done in 287ms @ http://localhost:3000/_next/static/chunks/node_modules_next_dist_1e8vcs8._.js:776
[ 1710924ms] [LOG] [Fast Refresh] done in 287ms @ http://localhost:3000/_next/static/chunks/node_modules_next_dist_1e8vcs8._.js:776
[ 1710986ms] [LOG] [Fast Refresh] done in 287ms @ http://localhost:3000/_next/static/chunks/node_modules_next_dist_1e8vcs8._.js:776
[ 1711049ms] [LOG] [Fast Refresh] done in 287ms @ http://localhost:3000/_next/static/chunks/node_modules_next_dist_1e8vcs8._.js:776
[ 1711113ms] [LOG] [Fast Refresh] done in 287ms @ http://localhost:3000/_next/static/chunks/node_modules_next_dist_1e8vcs8._.js:776
[ 1711175ms] [LOG] [Fast Refresh] done in 287ms @ http://localhost:3000/_next/static/chunks/node_modules_next_dist_1e8vcs8._.js:776
[ 1711238ms] [LOG] [Fast Refresh] done in 287ms @ http://localhost:3000/_next/static/chunks/node_modules_next_dist_1e8vcs8._.js:776
[ 1711300ms] [LOG] [Fast Refresh] done in 287ms @ http://localhost:3000/_next/static/chunks/node_modules_next_dist_1e8vcs8._.js:776
[ 1711363ms] [LOG] [Fast Refresh] done in 287ms @ http://localhost:3000/_next/static/chunks/node_modules_next_dist_1e8vcs8._.js:776
[ 1711424ms] [LOG] [Fast Refresh] done in 287ms @ http://localhost:3000/_next/static/chunks/node_modules_next_dist_1e8vcs8._.js:776
[ 1711487ms] [LOG] [Fast Refresh] done in 287ms @ http://localhost:3000/_next/static/chunks/node_modules_next_dist_1e8vcs8._.js:776
[ 1711549ms] [LOG] [Fast Refresh] done in 287ms @ http://localhost:3000/_next/static/chunks/node_modules_next_dist_1e8vcs8._.js:776
[ 1711610ms] [LOG] [Fast Refresh] done in 287ms @ http://localhost:3000/_next/static/chunks/node_modules_next_dist_1e8vcs8._.js:776
[ 1711673ms] [LOG] [Fast Refresh] done in 287ms @ http://localhost:3000/_next/static/chunks/node_modules_next_dist_1e8vcs8._.js:776
[ 1711735ms] [LOG] [Fast Refresh] done in 287ms @ http://localhost:3000/_next/static/chunks/node_modules_next_dist_1e8vcs8._.js:776
[ 1711797ms] [LOG] [Fast Refresh] done in 287ms @ http://localhost:3000/_next/static/chunks/node_modules_next_dist_1e8vcs8._.js:776
[ 1711859ms] [LOG] [Fast Refresh] done in 287ms @ http://localhost:3000/_next/static/chunks/node_modules_next_dist_1e8vcs8._.js:776
[ 1711921ms] [LOG] [Fast Refresh] done in 287ms @ http://localhost:3000/_next/static/chunks/node_modules_next_dist_1e8vcs8._.js:776
[ 1711982ms] [LOG] [Fast Refresh] done in 287ms @ http://localhost:3000/_next/static/chunks/node_modules_next_dist_1e8vcs8._.js:776
[ 1712047ms] [LOG] [Fast Refresh] done in 287ms @ http://localhost:3000/_next/static/chunks/node_modules_next_dist_1e8vcs8._.js:776
[ 1712108ms] [LOG] [Fast Refresh] done in 287ms @ http://localhost:3000/_next/static/chunks/node_modules_next_dist_1e8vcs8._.js:776
[ 1712169ms] [LOG] [Fast Refresh] done in 287ms @ http://localhost:3000/_next/static/chunks/node_modules_next_dist_1e8vcs8._.js:776
[ 1712232ms] [LOG] [Fast Refresh] done in 287ms @ http://localhost:3000/_next/static/chunks/node_modules_next_dist_1e8vcs8._.js:776
[ 1712293ms] [LOG] [Fast Refresh] done in 287ms @ http://localhost:3000/_next/static/chunks/node_modules_next_dist_1e8vcs8._.js:776
[ 1712356ms] [LOG] [Fast Refresh] done in 287ms @ http://localhost:3000/_next/static/chunks/node_modules_next_dist_1e8vcs8._.js:776
[ 1712418ms] [LOG] [Fast Refresh] done in 287ms @ http://localhost:3000/_next/static/chunks/node_modules_next_dist_1e8vcs8._.js:776
[ 1712481ms] [LOG] [Fast Refresh] done in 287ms @ http://localhost:3000/_next/static/chunks/node_modules_next_dist_1e8vcs8._.js:776
[ 1712546ms] [LOG] [Fast Refresh] done in 287ms @ http://localhost:3000/_next/static/chunks/node_modules_next_dist_1e8vcs8._.js:776
[ 1712608ms] [LOG] [Fast Refresh] done in 287ms @ http://localhost:3000/_next/static/chunks/node_modules_next_dist_1e8vcs8._.js:776
[ 1712670ms] [LOG] [Fast Refresh] done in 287ms @ http://localhost:3000/_next/static/chunks/node_modules_next_dist_1e8vcs8._.js:776
[ 1712733ms] [LOG] [Fast Refresh] done in 287ms @ http://localhost:3000/_next/static/chunks/node_modules_next_dist_1e8vcs8._.js:776
[ 1712796ms] [LOG] [Fast Refresh] done in 287ms @ http://localhost:3000/_next/static/chunks/node_modules_next_dist_1e8vcs8._.js:776
[ 1712858ms] [LOG] [Fast Refresh] done in 287ms @ http://localhost:3000/_next/static/chunks/node_modules_next_dist_1e8vcs8._.js:776
[ 1712921ms] [LOG] [Fast Refresh] done in 287ms @ http://localhost:3000/_next/static/chunks/node_modules_next_dist_1e8vcs8._.js:776
[ 1712982ms] [LOG] [Fast Refresh] done in 287ms @ http://localhost:3000/_next/static/chunks/node_modules_next_dist_1e8vcs8._.js:776
[ 1713044ms] [LOG] [Fast Refresh] done in 287ms @ http://localhost:3000/_next/static/chunks/node_modules_next_dist_1e8vcs8._.js:776
[ 1713106ms] [LOG] [Fast Refresh] done in 287ms @ http://localhost:3000/_next/static/chunks/node_modules_next_dist_1e8vcs8._.js:776
[ 1713169ms] [LOG] [Fast Refresh] done in 287ms @ http://localhost:3000/_next/static/chunks/node_modules_next_dist_1e8vcs8._.js:776
[ 1713231ms] [LOG] [Fast Refresh] done in 287ms @ http://localhost:3000/_next/static/chunks/node_modules_next_dist_1e8vcs8._.js:776
[ 1713294ms] [LOG] [Fast Refresh] done in 287ms @ http://localhost:3000/_next/static/chunks/node_modules_next_dist_1e8vcs8._.js:776
[ 1713356ms] [LOG] [Fast Refresh] done in 287ms @ http://localhost:3000/_next/static/chunks/node_modules_next_dist_1e8vcs8._.js:776
[ 1713418ms] [LOG] [Fast Refresh] done in 287ms @ http://localhost:3000/_next/static/chunks/node_modules_next_dist_1e8vcs8._.js:776
[ 1713480ms] [LOG] [Fast Refresh] done in 287ms @ http://localhost:3000/_next/static/chunks/node_modules_next_dist_1e8vcs8._.js:776
[ 1713542ms] [LOG] [Fast Refresh] done in 287ms @ http://localhost:3000/_next/static/chunks/node_modules_next_dist_1e8vcs8._.js:776
[ 1713607ms] [LOG] [Fast Refresh] done in 287ms @ http://localhost:3000/_next/static/chunks/node_modules_next_dist_1e8vcs8._.js:776
[ 1713670ms] [LOG] [Fast Refresh] done in 287ms @ http://localhost:3000/_next/static/chunks/node_modules_next_dist_1e8vcs8._.js:776
[ 1713734ms] [LOG] [Fast Refresh] done in 287ms @ http://localhost:3000/_next/static/chunks/node_modules_next_dist_1e8vcs8._.js:776
[ 1713798ms] [LOG] [Fast Refresh] done in 287ms @ http://localhost:3000/_next/static/chunks/node_modules_next_dist_1e8vcs8._.js:776
[ 1713860ms] [LOG] [Fast Refresh] done in 287ms @ http://localhost:3000/_next/static/chunks/node_modules_next_dist_1e8vcs8._.js:776
[ 1713923ms] [LOG] [Fast Refresh] done in 287ms @ http://localhost:3000/_next/static/chunks/node_modules_next_dist_1e8vcs8._.js:776
[ 1713985ms] [LOG] [Fast Refresh] done in 287ms @ http://localhost:3000/_next/static/chunks/node_modules_next_dist_1e8vcs8._.js:776
[ 1714047ms] [LOG] [Fast Refresh] done in 287ms @ http://localhost:3000/_next/static/chunks/node_modules_next_dist_1e8vcs8._.js:776
[ 1714109ms] [LOG] [Fast Refresh] done in 287ms @ http://localhost:3000/_next/static/chunks/node_modules_next_dist_1e8vcs8._.js:776
[ 1714173ms] [LOG] [Fast Refresh] done in 287ms @ http://localhost:3000/_next/static/chunks/node_modules_next_dist_1e8vcs8._.js:776
[ 1714235ms] [LOG] [Fast Refresh] done in 287ms @ http://localhost:3000/_next/static/chunks/node_modules_next_dist_1e8vcs8._.js:776
[ 1714298ms] [LOG] [Fast Refresh] done in 287ms @ http://localhost:3000/_next/static/chunks/node_modules_next_dist_1e8vcs8._.js:776
[ 1714360ms] [LOG] [Fast Refresh] done in 287ms @ http://localhost:3000/_next/static/chunks/node_modules_next_dist_1e8vcs8._.js:776
[ 1714423ms] [LOG] [Fast Refresh] done in 287ms @ http://localhost:3000/_next/static/chunks/node_modules_next_dist_1e8vcs8._.js:776
[ 1714485ms] [LOG] [Fast Refresh] done in 287ms @ http://localhost:3000/_next/static/chunks/node_modules_next_dist_1e8vcs8._.js:776
[ 1714548ms] [LOG] [Fast Refresh] done in 287ms @ http://localhost:3000/_next/static/chunks/node_modules_next_dist_1e8vcs8._.js:776
[ 1714611ms] [LOG] [Fast Refresh] done in 287ms @ http://localhost:3000/_next/static/chunks/node_modules_next_dist_1e8vcs8._.js:776
[ 1714673ms] [LOG] [Fast Refresh] done in 287ms @ http://localhost:3000/_next/static/chunks/node_modules_next_dist_1e8vcs8._.js:776
[ 1714735ms] [LOG] [Fast Refresh] done in 287ms @ http://localhost:3000/_next/static/chunks/node_modules_next_dist_1e8vcs8._.js:776
[ 1714798ms] [LOG] [Fast Refresh] done in 287ms @ http://localhost:3000/_next/static/chunks/node_modules_next_dist_1e8vcs8._.js:776
[ 1714859ms] [LOG] [Fast Refresh] done in 287ms @ http://localhost:3000/_next/static/chunks/node_modules_next_dist_1e8vcs8._.js:776
[ 1714921ms] [LOG] [Fast Refresh] done in 287ms @ http://localhost:3000/_next/static/chunks/node_modules_next_dist_1e8vcs8._.js:776
[ 1714984ms] [LOG] [Fast Refresh] done in 287ms @ http://localhost:3000/_next/static/chunks/node_modules_next_dist_1e8vcs8._.js:776
[ 1715046ms] [LOG] [Fast Refresh] done in 287ms @ http://localhost:3000/_next/static/chunks/node_modules_next_dist_1e8vcs8._.js:776
[ 1715108ms] [LOG] [Fast Refresh] done in 287ms @ http://localhost:3000/_next/static/chunks/node_modules_next_dist_1e8vcs8._.js:776
[ 1715169ms] [LOG] [Fast Refresh] done in 287ms @ http://localhost:3000/_next/static/chunks/node_modules_next_dist_1e8vcs8._.js:776
[ 1715223ms] [LOG] [Fast Refresh] done in 287ms @ http://localhost:3000/_next/static/chunks/node_modules_next_dist_1e8vcs8._.js:776
[ 1715429ms] [LOG] [Fast Refresh] rebuilding @ http://localhost:3000/_next/static/chunks/node_modules_next_dist_1e8vcs8._.js:776
[ 1715896ms] [LOG] [Fast Refresh] done in 317ms @ http://localhost:3000/_next/static/chunks/node_modules_next_dist_1e8vcs8._.js:776
[ 1715896ms] [LOG] [Fast Refresh] done in 317ms @ http://localhost:3000/_next/static/chunks/node_modules_next_dist_1e8vcs8._.js:776
[ 1715979ms] [LOG] [Fast Refresh] done in 317ms @ http://localhost:3000/_next/static/chunks/node_modules_next_dist_1e8vcs8._.js:776
[ 1716056ms] [LOG] [Fast Refresh] done in 317ms @ http://localhost:3000/_next/static/chunks/node_modules_next_dist_1e8vcs8._.js:776
[ 1716144ms] [LOG] [Fast Refresh] done in 317ms @ http://localhost:3000/_next/static/chunks/node_modules_next_dist_1e8vcs8._.js:776
[ 1716217ms] [LOG] [Fast Refresh] done in 317ms @ http://localhost:3000/_next/static/chunks/node_modules_next_dist_1e8vcs8._.js:776
[ 1730320ms] [LOG] [Fast Refresh] rebuilding @ http://localhost:3000/_next/static/chunks/node_modules_next_dist_1e8vcs8._.js:776
[ 1730524ms] [LOG] [Fast Refresh] done in 255ms @ http://localhost:3000/_next/static/chunks/node_modules_next_dist_1e8vcs8._.js:776
[ 1730641ms] ReferenceError: FormLayer is not defined
    at ScrollContact (http://localhost:3000/_next/static/chunks/src_1780rbz._.js?id=%255Bproject%255D/src/components/contact/ContactSequence.tsx+%255Bapp-client%255D+(ecmascript):359:218)
    at Object.react_stack_bottom_frame (http://localhost:3000/_next/static/chunks/node_modules_next_dist_compiled_react-dom_096_9a-._.js:14894:24)
    at renderWithHooks (http://localhost:3000/_next/static/chunks/node_modules_next_dist_compiled_react-dom_096_9a-._.js:4425:24)
    at updateFunctionComponent (http://localhost:3000/_next/static/chunks/node_modules_next_dist_compiled_react-dom_096_9a-._.js:5892:21)
    at beginWork (http://localhost:3000/_next/static/chunks/node_modules_next_dist_compiled_react-dom_096_9a-._.js:6518:24)
    at runWithFiberInDEV (http://localhost:3000/_next/static/chunks/node_modules_next_dist_compiled_react-dom_096_9a-._.js:761:74)
    at performUnitOfWork (http://localhost:3000/_next/static/chunks/node_modules_next_dist_compiled_react-dom_096_9a-._.js:9385:97)
    at workLoopSync (http://localhost:3000/_next/static/chunks/node_modules_next_dist_compiled_react-dom_096_9a-._.js:9279:40)
    at renderRootSync (http://localhost:3000/_next/static/chunks/node_modules_next_dist_compiled_react-dom_096_9a-._.js:9263:13)
    at performWorkOnRoot (http://localhost:3000/_next/static/chunks/node_modules_next_dist_compiled_react-dom_096_9a-._.js:8928:47)
    at performSyncWorkOnRoot (http://localhost:3000/_next/static/chunks/node_modules_next_dist_compiled_react-dom_096_9a-._.js:10093:9)
    at flushSyncWorkAcrossRoots_impl (http://localhost:3000/_next/static/chunks/node_modules_next_dist_compiled_react-dom_096_9a-._.js:10009:316)
    at processRootScheduleInMicrotask (http://localhost:3000/_next/static/chunks/node_modules_next_dist_compiled_react-dom_096_9a-._.js:10030:106)
    at http://localhost:3000/_next/static/chunks/node_modules_next_dist_compiled_react-dom_096_9a-._.js:10104:158
[ 1730714ms] [LOG] [Fast Refresh] done in 255ms @ http://localhost:3000/_next/static/chunks/node_modules_next_dist_1e8vcs8._.js:776
[ 1730723ms] [LOG] [Fast Refresh] done in 255ms @ http://localhost:3000/_next/static/chunks/node_modules_next_dist_1e8vcs8._.js:776
[ 1730789ms] [LOG] [Fast Refresh] done in 255ms @ http://localhost:3000/_next/static/chunks/node_modules_next_dist_1e8vcs8._.js:776
[ 1730850ms] [LOG] [Fast Refresh] done in 255ms @ http://localhost:3000/_next/static/chunks/node_modules_next_dist_1e8vcs8._.js:776
[ 1730927ms] [LOG] [Fast Refresh] done in 255ms @ http://localhost:3000/_next/static/chunks/node_modules_next_dist_1e8vcs8._.js:776
[ 1730989ms] [LOG] [Fast Refresh] done in 255ms @ http://localhost:3000/_next/static/chunks/node_modules_next_dist_1e8vcs8._.js:776
[ 1731052ms] [LOG] [Fast Refresh] done in 255ms @ http://localhost:3000/_next/static/chunks/node_modules_next_dist_1e8vcs8._.js:776
[ 1731124ms] [LOG] [Fast Refresh] done in 255ms @ http://localhost:3000/_next/static/chunks/node_modules_next_dist_1e8vcs8._.js:776
[ 1731191ms] [LOG] [Fast Refresh] done in 255ms @ http://localhost:3000/_next/static/chunks/node_modules_next_dist_1e8vcs8._.js:776
[ 1731253ms] [LOG] [Fast Refresh] done in 255ms @ http://localhost:3000/_next/static/chunks/node_modules_next_dist_1e8vcs8._.js:776
[ 1731315ms] [LOG] [Fast Refresh] done in 255ms @ http://localhost:3000/_next/static/chunks/node_modules_next_dist_1e8vcs8._.js:776
[ 1731377ms] [LOG] [Fast Refresh] done in 255ms @ http://localhost:3000/_next/static/chunks/node_modules_next_dist_1e8vcs8._.js:776
[ 1731439ms] [LOG] [Fast Refresh] done in 255ms @ http://localhost:3000/_next/static/chunks/node_modules_next_dist_1e8vcs8._.js:776
[ 1731504ms] [LOG] [Fast Refresh] done in 255ms @ http://localhost:3000/_next/static/chunks/node_modules_next_dist_1e8vcs8._.js:776
[ 1731566ms] [LOG] [Fast Refresh] done in 255ms @ http://localhost:3000/_next/static/chunks/node_modules_next_dist_1e8vcs8._.js:776
[ 1731628ms] [LOG] [Fast Refresh] done in 255ms @ http://localhost:3000/_next/static/chunks/node_modules_next_dist_1e8vcs8._.js:776
[ 1731689ms] [LOG] [Fast Refresh] done in 255ms @ http://localhost:3000/_next/static/chunks/node_modules_next_dist_1e8vcs8._.js:776
[ 1731750ms] [LOG] [Fast Refresh] done in 255ms @ http://localhost:3000/_next/static/chunks/node_modules_next_dist_1e8vcs8._.js:776
[ 1731812ms] [LOG] [Fast Refresh] done in 255ms @ http://localhost:3000/_next/static/chunks/node_modules_next_dist_1e8vcs8._.js:776
[ 1731874ms] [LOG] [Fast Refresh] done in 255ms @ http://localhost:3000/_next/static/chunks/node_modules_next_dist_1e8vcs8._.js:776
[ 1731936ms] [LOG] [Fast Refresh] done in 255ms @ http://localhost:3000/_next/static/chunks/node_modules_next_dist_1e8vcs8._.js:776
[ 1731998ms] [LOG] [Fast Refresh] done in 255ms @ http://localhost:3000/_next/static/chunks/node_modules_next_dist_1e8vcs8._.js:776
[ 1732059ms] [LOG] [Fast Refresh] done in 255ms @ http://localhost:3000/_next/static/chunks/node_modules_next_dist_1e8vcs8._.js:776
[ 1732123ms] [LOG] [Fast Refresh] done in 255ms @ http://localhost:3000/_next/static/chunks/node_modules_next_dist_1e8vcs8._.js:776
[ 1732185ms] [LOG] [Fast Refresh] done in 255ms @ http://localhost:3000/_next/static/chunks/node_modules_next_dist_1e8vcs8._.js:776
[ 1732249ms] [LOG] [Fast Refresh] done in 255ms @ http://localhost:3000/_next/static/chunks/node_modules_next_dist_1e8vcs8._.js:776
[ 1732311ms] [LOG] [Fast Refresh] done in 255ms @ http://localhost:3000/_next/static/chunks/node_modules_next_dist_1e8vcs8._.js:776
[ 1732374ms] [LOG] [Fast Refresh] done in 255ms @ http://localhost:3000/_next/static/chunks/node_modules_next_dist_1e8vcs8._.js:776
[ 1732437ms] [LOG] [Fast Refresh] done in 255ms @ http://localhost:3000/_next/static/chunks/node_modules_next_dist_1e8vcs8._.js:776
[ 1732498ms] [LOG] [Fast Refresh] done in 255ms @ http://localhost:3000/_next/static/chunks/node_modules_next_dist_1e8vcs8._.js:776
[ 1732561ms] [LOG] [Fast Refresh] done in 255ms @ http://localhost:3000/_next/static/chunks/node_modules_next_dist_1e8vcs8._.js:776
[ 1732624ms] [LOG] [Fast Refresh] done in 255ms @ http://localhost:3000/_next/static/chunks/node_modules_next_dist_1e8vcs8._.js:776
[ 1732687ms] [LOG] [Fast Refresh] done in 255ms @ http://localhost:3000/_next/static/chunks/node_modules_next_dist_1e8vcs8._.js:776
[ 1732749ms] [LOG] [Fast Refresh] done in 255ms @ http://localhost:3000/_next/static/chunks/node_modules_next_dist_1e8vcs8._.js:776
[ 1732814ms] [LOG] [Fast Refresh] done in 255ms @ http://localhost:3000/_next/static/chunks/node_modules_next_dist_1e8vcs8._.js:776
[ 1732876ms] [LOG] [Fast Refresh] done in 255ms @ http://localhost:3000/_next/static/chunks/node_modules_next_dist_1e8vcs8._.js:776
[ 1732939ms] [LOG] [Fast Refresh] done in 255ms @ http://localhost:3000/_next/static/chunks/node_modules_next_dist_1e8vcs8._.js:776
[ 1733002ms] [LOG] [Fast Refresh] done in 255ms @ http://localhost:3000/_next/static/chunks/node_modules_next_dist_1e8vcs8._.js:776
[ 1733064ms] [LOG] [Fast Refresh] done in 255ms @ http://localhost:3000/_next/static/chunks/node_modules_next_dist_1e8vcs8._.js:776
[ 1733126ms] [LOG] [Fast Refresh] done in 255ms @ http://localhost:3000/_next/static/chunks/node_modules_next_dist_1e8vcs8._.js:776
[ 1733189ms] [LOG] [Fast Refresh] done in 255ms @ http://localhost:3000/_next/static/chunks/node_modules_next_dist_1e8vcs8._.js:776
[ 1733250ms] [LOG] [Fast Refresh] done in 255ms @ http://localhost:3000/_next/static/chunks/node_modules_next_dist_1e8vcs8._.js:776
[ 1733313ms] [LOG] [Fast Refresh] done in 255ms @ http://localhost:3000/_next/static/chunks/node_modules_next_dist_1e8vcs8._.js:776
[ 1733376ms] [LOG] [Fast Refresh] done in 255ms @ http://localhost:3000/_next/static/chunks/node_modules_next_dist_1e8vcs8._.js:776
[ 1733439ms] [LOG] [Fast Refresh] done in 255ms @ http://localhost:3000/_next/static/chunks/node_modules_next_dist_1e8vcs8._.js:776
[ 1733501ms] [LOG] [Fast Refresh] done in 255ms @ http://localhost:3000/_next/static/chunks/node_modules_next_dist_1e8vcs8._.js:776
[ 1733565ms] [LOG] [Fast Refresh] done in 255ms @ http://localhost:3000/_next/static/chunks/node_modules_next_dist_1e8vcs8._.js:776
[ 1733628ms] [LOG] [Fast Refresh] done in 255ms @ http://localhost:3000/_next/static/chunks/node_modules_next_dist_1e8vcs8._.js:776
[ 1733691ms] [LOG] [Fast Refresh] done in 255ms @ http://localhost:3000/_next/static/chunks/node_modules_next_dist_1e8vcs8._.js:776
[ 1733753ms] [LOG] [Fast Refresh] done in 255ms @ http://localhost:3000/_next/static/chunks/node_modules_next_dist_1e8vcs8._.js:776
[ 1733815ms] [LOG] [Fast Refresh] done in 255ms @ http://localhost:3000/_next/static/chunks/node_modules_next_dist_1e8vcs8._.js:776
[ 1733877ms] [LOG] [Fast Refresh] done in 255ms @ http://localhost:3000/_next/static/chunks/node_modules_next_dist_1e8vcs8._.js:776
[ 1733940ms] [LOG] [Fast Refresh] done in 255ms @ http://localhost:3000/_next/static/chunks/node_modules_next_dist_1e8vcs8._.js:776
[ 1734003ms] [LOG] [Fast Refresh] done in 255ms @ http://localhost:3000/_next/static/chunks/node_modules_next_dist_1e8vcs8._.js:776
[ 1734066ms] [LOG] [Fast Refresh] done in 255ms @ http://localhost:3000/_next/static/chunks/node_modules_next_dist_1e8vcs8._.js:776
[ 1734129ms] [LOG] [Fast Refresh] done in 255ms @ http://localhost:3000/_next/static/chunks/node_modules_next_dist_1e8vcs8._.js:776
[ 1734192ms] [LOG] [Fast Refresh] done in 255ms @ http://localhost:3000/_next/static/chunks/node_modules_next_dist_1e8vcs8._.js:776
[ 1734255ms] [LOG] [Fast Refresh] done in 255ms @ http://localhost:3000/_next/static/chunks/node_modules_next_dist_1e8vcs8._.js:776
[ 1734318ms] [LOG] [Fast Refresh] done in 255ms @ http://localhost:3000/_next/static/chunks/node_modules_next_dist_1e8vcs8._.js:776
[ 1734381ms] [LOG] [Fast Refresh] done in 255ms @ http://localhost:3000/_next/static/chunks/node_modules_next_dist_1e8vcs8._.js:776
[ 1734445ms] [LOG] [Fast Refresh] done in 255ms @ http://localhost:3000/_next/static/chunks/node_modules_next_dist_1e8vcs8._.js:776
[ 1734508ms] [LOG] [Fast Refresh] done in 255ms @ http://localhost:3000/_next/static/chunks/node_modules_next_dist_1e8vcs8._.js:776
[ 1734570ms] [LOG] [Fast Refresh] done in 255ms @ http://localhost:3000/_next/static/chunks/node_modules_next_dist_1e8vcs8._.js:776
[ 1734633ms] [LOG] [Fast Refresh] done in 255ms @ http://localhost:3000/_next/static/chunks/node_modules_next_dist_1e8vcs8._.js:776
[ 1734696ms] [LOG] [Fast Refresh] done in 255ms @ http://localhost:3000/_next/static/chunks/node_modules_next_dist_1e8vcs8._.js:776
[ 1734759ms] [LOG] [Fast Refresh] done in 255ms @ http://localhost:3000/_next/static/chunks/node_modules_next_dist_1e8vcs8._.js:776
[ 1734821ms] [LOG] [Fast Refresh] done in 255ms @ http://localhost:3000/_next/static/chunks/node_modules_next_dist_1e8vcs8._.js:776
[ 1734883ms] [LOG] [Fast Refresh] done in 255ms @ http://localhost:3000/_next/static/chunks/node_modules_next_dist_1e8vcs8._.js:776
[ 1734946ms] [LOG] [Fast Refresh] done in 255ms @ http://localhost:3000/_next/static/chunks/node_modules_next_dist_1e8vcs8._.js:776
[ 1735007ms] [LOG] [Fast Refresh] done in 255ms @ http://localhost:3000/_next/static/chunks/node_modules_next_dist_1e8vcs8._.js:776
[ 1735071ms] [LOG] [Fast Refresh] done in 255ms @ http://localhost:3000/_next/static/chunks/node_modules_next_dist_1e8vcs8._.js:776
[ 1735135ms] [LOG] [Fast Refresh] done in 255ms @ http://localhost:3000/_next/static/chunks/node_modules_next_dist_1e8vcs8._.js:776
[ 1735196ms] [LOG] [Fast Refresh] done in 255ms @ http://localhost:3000/_next/static/chunks/node_modules_next_dist_1e8vcs8._.js:776
[ 1735259ms] [LOG] [Fast Refresh] done in 255ms @ http://localhost:3000/_next/static/chunks/node_modules_next_dist_1e8vcs8._.js:776
[ 1735321ms] [LOG] [Fast Refresh] done in 255ms @ http://localhost:3000/_next/static/chunks/node_modules_next_dist_1e8vcs8._.js:776
[ 1735385ms] [LOG] [Fast Refresh] done in 255ms @ http://localhost:3000/_next/static/chunks/node_modules_next_dist_1e8vcs8._.js:776
[ 1735447ms] [LOG] [Fast Refresh] done in 255ms @ http://localhost:3000/_next/static/chunks/node_modules_next_dist_1e8vcs8._.js:776
[ 1735510ms] [LOG] [Fast Refresh] done in 255ms @ http://localhost:3000/_next/static/chunks/node_modules_next_dist_1e8vcs8._.js:776
[ 1735573ms] [LOG] [Fast Refresh] done in 255ms @ http://localhost:3000/_next/static/chunks/node_modules_next_dist_1e8vcs8._.js:776
[ 1735633ms] [LOG] [Fast Refresh] done in 255ms @ http://localhost:3000/_next/static/chunks/node_modules_next_dist_1e8vcs8._.js:776
[ 1735696ms] [LOG] [Fast Refresh] done in 255ms @ http://localhost:3000/_next/static/chunks/node_modules_next_dist_1e8vcs8._.js:776
[ 1735758ms] [LOG] [Fast Refresh] done in 255ms @ http://localhost:3000/_next/static/chunks/node_modules_next_dist_1e8vcs8._.js:776
[ 1735821ms] [LOG] [Fast Refresh] done in 255ms @ http://localhost:3000/_next/static/chunks/node_modules_next_dist_1e8vcs8._.js:776
[ 1735884ms] [LOG] [Fast Refresh] done in 255ms @ http://localhost:3000/_next/static/chunks/node_modules_next_dist_1e8vcs8._.js:776
[ 1735947ms] [LOG] [Fast Refresh] done in 255ms @ http://localhost:3000/_next/static/chunks/node_modules_next_dist_1e8vcs8._.js:776
[ 1736010ms] [LOG] [Fast Refresh] done in 255ms @ http://localhost:3000/_next/static/chunks/node_modules_next_dist_1e8vcs8._.js:776
[ 1736073ms] [LOG] [Fast Refresh] done in 255ms @ http://localhost:3000/_next/static/chunks/node_modules_next_dist_1e8vcs8._.js:776
[ 1736135ms] [LOG] [Fast Refresh] done in 255ms @ http://localhost:3000/_next/static/chunks/node_modules_next_dist_1e8vcs8._.js:776
[ 1736196ms] [LOG] [Fast Refresh] done in 255ms @ http://localhost:3000/_next/static/chunks/node_modules_next_dist_1e8vcs8._.js:776
[ 1736260ms] [LOG] [Fast Refresh] done in 255ms @ http://localhost:3000/_next/static/chunks/node_modules_next_dist_1e8vcs8._.js:776
[ 1736324ms] [LOG] [Fast Refresh] done in 255ms @ http://localhost:3000/_next/static/chunks/node_modules_next_dist_1e8vcs8._.js:776
[ 1736385ms] [LOG] [Fast Refresh] done in 255ms @ http://localhost:3000/_next/static/chunks/node_modules_next_dist_1e8vcs8._.js:776
[ 1736448ms] [LOG] [Fast Refresh] done in 255ms @ http://localhost:3000/_next/static/chunks/node_modules_next_dist_1e8vcs8._.js:776
[ 1736509ms] [LOG] [Fast Refresh] done in 255ms @ http://localhost:3000/_next/static/chunks/node_modules_next_dist_1e8vcs8._.js:776
[ 1736572ms] [LOG] [Fast Refresh] done in 255ms @ http://localhost:3000/_next/static/chunks/node_modules_next_dist_1e8vcs8._.js:776
[ 1736633ms] [LOG] [Fast Refresh] done in 255ms @ http://localhost:3000/_next/static/chunks/node_modules_next_dist_1e8vcs8._.js:776
[ 1736695ms] [LOG] [Fast Refresh] done in 255ms @ http://localhost:3000/_next/static/chunks/node_modules_next_dist_1e8vcs8._.js:776
[ 1736759ms] [LOG] [Fast Refresh] done in 255ms @ http://localhost:3000/_next/static/chunks/node_modules_next_dist_1e8vcs8._.js:776
[ 1736822ms] [LOG] [Fast Refresh] done in 255ms @ http://localhost:3000/_next/static/chunks/node_modules_next_dist_1e8vcs8._.js:776
[ 1736884ms] [LOG] [Fast Refresh] done in 255ms @ http://localhost:3000/_next/static/chunks/node_modules_next_dist_1e8vcs8._.js:776
[ 1736948ms] [LOG] [Fast Refresh] done in 255ms @ http://localhost:3000/_next/static/chunks/node_modules_next_dist_1e8vcs8._.js:776
[ 1737008ms] [LOG] [Fast Refresh] done in 255ms @ http://localhost:3000/_next/static/chunks/node_modules_next_dist_1e8vcs8._.js:776
[ 1737071ms] [LOG] [Fast Refresh] done in 255ms @ http://localhost:3000/_next/static/chunks/node_modules_next_dist_1e8vcs8._.js:776
[ 1737134ms] [LOG] [Fast Refresh] done in 255ms @ http://localhost:3000/_next/static/chunks/node_modules_next_dist_1e8vcs8._.js:776
[ 1737197ms] [LOG] [Fast Refresh] done in 255ms @ http://localhost:3000/_next/static/chunks/node_modules_next_dist_1e8vcs8._.js:776
[ 1737261ms] [LOG] [Fast Refresh] done in 255ms @ http://localhost:3000/_next/static/chunks/node_modules_next_dist_1e8vcs8._.js:776
[ 1737324ms] [LOG] [Fast Refresh] done in 255ms @ http://localhost:3000/_next/static/chunks/node_modules_next_dist_1e8vcs8._.js:776
[ 1737386ms] [LOG] [Fast Refresh] done in 255ms @ http://localhost:3000/_next/static/chunks/node_modules_next_dist_1e8vcs8._.js:776
[ 1737448ms] [LOG] [Fast Refresh] done in 255ms @ http://localhost:3000/_next/static/chunks/node_modules_next_dist_1e8vcs8._.js:776
[ 1737509ms] [LOG] [Fast Refresh] done in 255ms @ http://localhost:3000/_next/static/chunks/node_modules_next_dist_1e8vcs8._.js:776
[ 1737571ms] [LOG] [Fast Refresh] done in 255ms @ http://localhost:3000/_next/static/chunks/node_modules_next_dist_1e8vcs8._.js:776
[ 1737633ms] [LOG] [Fast Refresh] done in 255ms @ http://localhost:3000/_next/static/chunks/node_modules_next_dist_1e8vcs8._.js:776
[ 1737696ms] [LOG] [Fast Refresh] done in 255ms @ http://localhost:3000/_next/static/chunks/node_modules_next_dist_1e8vcs8._.js:776
[ 1737759ms] [LOG] [Fast Refresh] done in 255ms @ http://localhost:3000/_next/static/chunks/node_modules_next_dist_1e8vcs8._.js:776
[ 1737821ms] [LOG] [Fast Refresh] done in 255ms @ http://localhost:3000/_next/static/chunks/node_modules_next_dist_1e8vcs8._.js:776
[ 1737883ms] [LOG] [Fast Refresh] done in 255ms @ http://localhost:3000/_next/static/chunks/node_modules_next_dist_1e8vcs8._.js:776
[ 1737946ms] [LOG] [Fast Refresh] done in 255ms @ http://localhost:3000/_next/static/chunks/node_modules_next_dist_1e8vcs8._.js:776
[ 1738010ms] [LOG] [Fast Refresh] done in 255ms @ http://localhost:3000/_next/static/chunks/node_modules_next_dist_1e8vcs8._.js:776
[ 1738074ms] [LOG] [Fast Refresh] done in 255ms @ http://localhost:3000/_next/static/chunks/node_modules_next_dist_1e8vcs8._.js:776
[ 1738137ms] [LOG] [Fast Refresh] done in 255ms @ http://localhost:3000/_next/static/chunks/node_modules_next_dist_1e8vcs8._.js:776
[ 1738200ms] [LOG] [Fast Refresh] done in 255ms @ http://localhost:3000/_next/static/chunks/node_modules_next_dist_1e8vcs8._.js:776
[ 1738264ms] [LOG] [Fast Refresh] done in 255ms @ http://localhost:3000/_next/static/chunks/node_modules_next_dist_1e8vcs8._.js:776
[ 1738327ms] [LOG] [Fast Refresh] done in 255ms @ http://localhost:3000/_next/static/chunks/node_modules_next_dist_1e8vcs8._.js:776
[ 1738389ms] [LOG] [Fast Refresh] done in 255ms @ http://localhost:3000/_next/static/chunks/node_modules_next_dist_1e8vcs8._.js:776
[ 1738450ms] [LOG] [Fast Refresh] done in 255ms @ http://localhost:3000/_next/static/chunks/node_modules_next_dist_1e8vcs8._.js:776
[ 1738513ms] [LOG] [Fast Refresh] done in 255ms @ http://localhost:3000/_next/static/chunks/node_modules_next_dist_1e8vcs8._.js:776
[ 1738575ms] [LOG] [Fast Refresh] done in 255ms @ http://localhost:3000/_next/static/chunks/node_modules_next_dist_1e8vcs8._.js:776
[ 1738638ms] [LOG] [Fast Refresh] done in 255ms @ http://localhost:3000/_next/static/chunks/node_modules_next_dist_1e8vcs8._.js:776
[ 1738699ms] [LOG] [Fast Refresh] done in 255ms @ http://localhost:3000/_next/static/chunks/node_modules_next_dist_1e8vcs8._.js:776
[ 1738762ms] [LOG] [Fast Refresh] done in 255ms @ http://localhost:3000/_next/static/chunks/node_modules_next_dist_1e8vcs8._.js:776
[ 1738824ms] [LOG] [Fast Refresh] done in 255ms @ http://localhost:3000/_next/static/chunks/node_modules_next_dist_1e8vcs8._.js:776
[ 1738888ms] [LOG] [Fast Refresh] done in 255ms @ http://localhost:3000/_next/static/chunks/node_modules_next_dist_1e8vcs8._.js:776
[ 1738950ms] [LOG] [Fast Refresh] done in 255ms @ http://localhost:3000/_next/static/chunks/node_modules_next_dist_1e8vcs8._.js:776
[ 1739013ms] [LOG] [Fast Refresh] done in 255ms @ http://localhost:3000/_next/static/chunks/node_modules_next_dist_1e8vcs8._.js:776
[ 1739075ms] [LOG] [Fast Refresh] done in 255ms @ http://localhost:3000/_next/static/chunks/node_modules_next_dist_1e8vcs8._.js:776
[ 1739138ms] [LOG] [Fast Refresh] done in 255ms @ http://localhost:3000/_next/static/chunks/node_modules_next_dist_1e8vcs8._.js:776
[ 1739200ms] [LOG] [Fast Refresh] done in 255ms @ http://localhost:3000/_next/static/chunks/node_modules_next_dist_1e8vcs8._.js:776
[ 1739263ms] [LOG] [Fast Refresh] done in 255ms @ http://localhost:3000/_next/static/chunks/node_modules_next_dist_1e8vcs8._.js:776
[ 1739325ms] [LOG] [Fast Refresh] done in 255ms @ http://localhost:3000/_next/static/chunks/node_modules_next_dist_1e8vcs8._.js:776
[ 1739389ms] [LOG] [Fast Refresh] done in 255ms @ http://localhost:3000/_next/static/chunks/node_modules_next_dist_1e8vcs8._.js:776
[ 1739451ms] [LOG] [Fast Refresh] done in 255ms @ http://localhost:3000/_next/static/chunks/node_modules_next_dist_1e8vcs8._.js:776
[ 1739513ms] [LOG] [Fast Refresh] done in 255ms @ http://localhost:3000/_next/static/chunks/node_modules_next_dist_1e8vcs8._.js:776
[ 1739576ms] [LOG] [Fast Refresh] done in 255ms @ http://localhost:3000/_next/static/chunks/node_modules_next_dist_1e8vcs8._.js:776
[ 1739637ms] [LOG] [Fast Refresh] done in 255ms @ http://localhost:3000/_next/static/chunks/node_modules_next_dist_1e8vcs8._.js:776
[ 1739699ms] [LOG] [Fast Refresh] done in 255ms @ http://localhost:3000/_next/static/chunks/node_modules_next_dist_1e8vcs8._.js:776
[ 1739762ms] [LOG] [Fast Refresh] done in 255ms @ http://localhost:3000/_next/static/chunks/node_modules_next_dist_1e8vcs8._.js:776
[ 1739826ms] [LOG] [Fast Refresh] done in 255ms @ http://localhost:3000/_next/static/chunks/node_modules_next_dist_1e8vcs8._.js:776
[ 1739889ms] [LOG] [Fast Refresh] done in 255ms @ http://localhost:3000/_next/static/chunks/node_modules_next_dist_1e8vcs8._.js:776
[ 1739951ms] [LOG] [Fast Refresh] done in 255ms @ http://localhost:3000/_next/static/chunks/node_modules_next_dist_1e8vcs8._.js:776
[ 1740015ms] [LOG] [Fast Refresh] done in 255ms @ http://localhost:3000/_next/static/chunks/node_modules_next_dist_1e8vcs8._.js:776
[ 1740079ms] [LOG] [Fast Refresh] done in 255ms @ http://localhost:3000/_next/static/chunks/node_modules_next_dist_1e8vcs8._.js:776
[ 1740141ms] [LOG] [Fast Refresh] done in 255ms @ http://localhost:3000/_next/static/chunks/node_modules_next_dist_1e8vcs8._.js:776
[ 1740204ms] [LOG] [Fast Refresh] done in 255ms @ http://localhost:3000/_next/static/chunks/node_modules_next_dist_1e8vcs8._.js:776
[ 1740266ms] [LOG] [Fast Refresh] done in 255ms @ http://localhost:3000/_next/static/chunks/node_modules_next_dist_1e8vcs8._.js:776
[ 1740329ms] [LOG] [Fast Refresh] done in 255ms @ http://localhost:3000/_next/static/chunks/node_modules_next_dist_1e8vcs8._.js:776
[ 1740389ms] [LOG] [Fast Refresh] done in 255ms @ http://localhost:3000/_next/static/chunks/node_modules_next_dist_1e8vcs8._.js:776
[ 1740452ms] [LOG] [Fast Refresh] done in 255ms @ http://localhost:3000/_next/static/chunks/node_modules_next_dist_1e8vcs8._.js:776
[ 1740516ms] [LOG] [Fast Refresh] done in 255ms @ http://localhost:3000/_next/static/chunks/node_modules_next_dist_1e8vcs8._.js:776
[ 1740579ms] [LOG] [Fast Refresh] done in 255ms @ http://localhost:3000/_next/static/chunks/node_modules_next_dist_1e8vcs8._.js:776
[ 1740641ms] [LOG] [Fast Refresh] done in 255ms @ http://localhost:3000/_next/static/chunks/node_modules_next_dist_1e8vcs8._.js:776
[ 1740703ms] [LOG] [Fast Refresh] done in 255ms @ http://localhost:3000/_next/static/chunks/node_modules_next_dist_1e8vcs8._.js:776
[ 1740767ms] [LOG] [Fast Refresh] done in 255ms @ http://localhost:3000/_next/static/chunks/node_modules_next_dist_1e8vcs8._.js:776
[ 1740828ms] [LOG] [Fast Refresh] done in 255ms @ http://localhost:3000/_next/static/chunks/node_modules_next_dist_1e8vcs8._.js:776
[ 1740891ms] [LOG] [Fast Refresh] done in 255ms @ http://localhost:3000/_next/static/chunks/node_modules_next_dist_1e8vcs8._.js:776
[ 1740953ms] [LOG] [Fast Refresh] done in 255ms @ http://localhost:3000/_next/static/chunks/node_modules_next_dist_1e8vcs8._.js:776
[ 1741016ms] [LOG] [Fast Refresh] done in 255ms @ http://localhost:3000/_next/static/chunks/node_modules_next_dist_1e8vcs8._.js:776
[ 1741077ms] [LOG] [Fast Refresh] done in 255ms @ http://localhost:3000/_next/static/chunks/node_modules_next_dist_1e8vcs8._.js:776
[ 1741140ms] [LOG] [Fast Refresh] done in 255ms @ http://localhost:3000/_next/static/chunks/node_modules_next_dist_1e8vcs8._.js:776
[ 1741202ms] [LOG] [Fast Refresh] done in 255ms @ http://localhost:3000/_next/static/chunks/node_modules_next_dist_1e8vcs8._.js:776
[ 1741264ms] [LOG] [Fast Refresh] done in 255ms @ http://localhost:3000/_next/static/chunks/node_modules_next_dist_1e8vcs8._.js:776
[ 1741327ms] [LOG] [Fast Refresh] done in 255ms @ http://localhost:3000/_next/static/chunks/node_modules_next_dist_1e8vcs8._.js:776
[ 1741390ms] [LOG] [Fast Refresh] done in 255ms @ http://localhost:3000/_next/static/chunks/node_modules_next_dist_1e8vcs8._.js:776
[ 1741451ms] [LOG] [Fast Refresh] done in 255ms @ http://localhost:3000/_next/static/chunks/node_modules_next_dist_1e8vcs8._.js:776
[ 1741514ms] [LOG] [Fast Refresh] done in 255ms @ http://localhost:3000/_next/static/chunks/node_modules_next_dist_1e8vcs8._.js:776
[ 1741576ms] [LOG] [Fast Refresh] done in 255ms @ http://localhost:3000/_next/static/chunks/node_modules_next_dist_1e8vcs8._.js:776
[ 1741640ms] [LOG] [Fast Refresh] done in 255ms @ http://localhost:3000/_next/static/chunks/node_modules_next_dist_1e8vcs8._.js:776
[ 1741703ms] [LOG] [Fast Refresh] done in 255ms @ http://localhost:3000/_next/static/chunks/node_modules_next_dist_1e8vcs8._.js:776
[ 1741765ms] [LOG] [Fast Refresh] done in 255ms @ http://localhost:3000/_next/static/chunks/node_modules_next_dist_1e8vcs8._.js:776
[ 1741828ms] [LOG] [Fast Refresh] done in 255ms @ http://localhost:3000/_next/static/chunks/node_modules_next_dist_1e8vcs8._.js:776
[ 1741889ms] [LOG] [Fast Refresh] done in 255ms @ http://localhost:3000/_next/static/chunks/node_modules_next_dist_1e8vcs8._.js:776
[ 1741952ms] [LOG] [Fast Refresh] done in 255ms @ http://localhost:3000/_next/static/chunks/node_modules_next_dist_1e8vcs8._.js:776
[ 1742014ms] [LOG] [Fast Refresh] done in 255ms @ http://localhost:3000/_next/static/chunks/node_modules_next_dist_1e8vcs8._.js:776
[ 1742076ms] [LOG] [Fast Refresh] done in 255ms @ http://localhost:3000/_next/static/chunks/node_modules_next_dist_1e8vcs8._.js:776
[ 1742140ms] [LOG] [Fast Refresh] done in 255ms @ http://localhost:3000/_next/static/chunks/node_modules_next_dist_1e8vcs8._.js:776
[ 1742201ms] [LOG] [Fast Refresh] done in 255ms @ http://localhost:3000/_next/static/chunks/node_modules_next_dist_1e8vcs8._.js:776
[ 1742264ms] [LOG] [Fast Refresh] done in 255ms @ http://localhost:3000/_next/static/chunks/node_modules_next_dist_1e8vcs8._.js:776
[ 1742325ms] [LOG] [Fast Refresh] done in 255ms @ http://localhost:3000/_next/static/chunks/node_modules_next_dist_1e8vcs8._.js:776
[ 1742388ms] [LOG] [Fast Refresh] done in 255ms @ http://localhost:3000/_next/static/chunks/node_modules_next_dist_1e8vcs8._.js:776
[ 1742450ms] [LOG] [Fast Refresh] done in 255ms @ http://localhost:3000/_next/static/chunks/node_modules_next_dist_1e8vcs8._.js:776
[ 1742511ms] [LOG] [Fast Refresh] done in 255ms @ http://localhost:3000/_next/static/chunks/node_modules_next_dist_1e8vcs8._.js:776
[ 1742574ms] [LOG] [Fast Refresh] done in 255ms @ http://localhost:3000/_next/static/chunks/node_modules_next_dist_1e8vcs8._.js:776
[ 1742635ms] [LOG] [Fast Refresh] done in 255ms @ http://localhost:3000/_next/static/chunks/node_modules_next_dist_1e8vcs8._.js:776
[ 1742699ms] [LOG] [Fast Refresh] done in 255ms @ http://localhost:3000/_next/static/chunks/node_modules_next_dist_1e8vcs8._.js:776
[ 1742762ms] [LOG] [Fast Refresh] done in 255ms @ http://localhost:3000/_next/static/chunks/node_modules_next_dist_1e8vcs8._.js:776
[ 1742824ms] [LOG] [Fast Refresh] done in 255ms @ http://localhost:3000/_next/static/chunks/node_modules_next_dist_1e8vcs8._.js:776
[ 1742886ms] [LOG] [Fast Refresh] done in 255ms @ http://localhost:3000/_next/static/chunks/node_modules_next_dist_1e8vcs8._.js:776
[ 1743012ms] [LOG] [Fast Refresh] done in 255ms @ http://localhost:3000/_next/static/chunks/node_modules_next_dist_1e8vcs8._.js:776
[ 1743074ms] [LOG] [Fast Refresh] done in 255ms @ http://localhost:3000/_next/static/chunks/node_modules_next_dist_1e8vcs8._.js:776
[ 1743137ms] [LOG] [Fast Refresh] done in 255ms @ http://localhost:3000/_next/static/chunks/node_modules_next_dist_1e8vcs8._.js:776
[ 1743199ms] [LOG] [Fast Refresh] done in 255ms @ http://localhost:3000/_next/static/chunks/node_modules_next_dist_1e8vcs8._.js:776
[ 1743260ms] [LOG] [Fast Refresh] done in 255ms @ http://localhost:3000/_next/static/chunks/node_modules_next_dist_1e8vcs8._.js:776
[ 1743323ms] [LOG] [Fast Refresh] done in 255ms @ http://localhost:3000/_next/static/chunks/node_modules_next_dist_1e8vcs8._.js:776
[ 1743384ms] [LOG] [Fast Refresh] done in 255ms @ http://localhost:3000/_next/static/chunks/node_modules_next_dist_1e8vcs8._.js:776
[ 1743446ms] [LOG] [Fast Refresh] done in 255ms @ http://localhost:3000/_next/static/chunks/node_modules_next_dist_1e8vcs8._.js:776
[ 1743509ms] [LOG] [Fast Refresh] done in 255ms @ http://localhost:3000/_next/static/chunks/node_modules_next_dist_1e8vcs8._.js:776
[ 1743571ms] [LOG] [Fast Refresh] done in 255ms @ http://localhost:3000/_next/static/chunks/node_modules_next_dist_1e8vcs8._.js:776
[ 1743633ms] [LOG] [Fast Refresh] done in 255ms @ http://localhost:3000/_next/static/chunks/node_modules_next_dist_1e8vcs8._.js:776
[ 1743695ms] [LOG] [Fast Refresh] done in 255ms @ http://localhost:3000/_next/static/chunks/node_modules_next_dist_1e8vcs8._.js:776
[ 1743757ms] [LOG] [Fast Refresh] done in 255ms @ http://localhost:3000/_next/static/chunks/node_modules_next_dist_1e8vcs8._.js:776
[ 1743819ms] [LOG] [Fast Refresh] done in 255ms @ http://localhost:3000/_next/static/chunks/node_modules_next_dist_1e8vcs8._.js:776
[ 1743880ms] [LOG] [Fast Refresh] done in 255ms @ http://localhost:3000/_next/static/chunks/node_modules_next_dist_1e8vcs8._.js:776
[ 1743943ms] [LOG] [Fast Refresh] done in 255ms @ http://localhost:3000/_next/static/chunks/node_modules_next_dist_1e8vcs8._.js:776
[ 1744005ms] [LOG] [Fast Refresh] done in 255ms @ http://localhost:3000/_next/static/chunks/node_modules_next_dist_1e8vcs8._.js:776
[ 1744099ms] [LOG] [Fast Refresh] done in 255ms @ http://localhost:3000/_next/static/chunks/node_modules_next_dist_1e8vcs8._.js:776
[ 1744311ms] [LOG] [Fast Refresh] rebuilding @ http://localhost:3000/_next/static/chunks/node_modules_next_dist_1e8vcs8._.js:776
[ 1744426ms] [WARNING] [Fast Refresh] performing full reload because your application had an unrecoverable error @ http://localhost:3000/_next/static/chunks/node_modules_next_dist_1e8vcs8._.js:776
[ 1744434ms] [ERROR] Encountered a script tag while rendering React component. Scripts inside React components are never executed when rendering on the client. Consider using template tag instead (https://developer.mozilla.org/en-US/docs/Web/HTML/Element/template). @ http://localhost:3000/_next/static/chunks/node_modules_next_dist_1e8vcs8._.js:1052
[ 1746438ms] [INFO] %cDownload the React DevTools for a better development experience: https://react.dev/link/react-devtools font-weight:bold @ http://localhost:3000/_next/static/chunks/node_modules_next_dist_1e8vcs8._.js:776
[ 1746529ms] [LOG] [HMR] connected @ http://localhost:3000/_next/static/chunks/node_modules_next_dist_1e8vcs8._.js:776
[ 1758746ms] [LOG] [Fast Refresh] rebuilding @ http://localhost:3000/_next/static/chunks/node_modules_next_dist_1e8vcs8._.js:776
[ 1758814ms] [LOG] [Fast Refresh] done in 32ms @ http://localhost:3000/_next/static/chunks/node_modules_next_dist_1e8vcs8._.js:776
[ 1758877ms] [LOG] [Fast Refresh] done in 32ms @ http://localhost:3000/_next/static/chunks/node_modules_next_dist_1e8vcs8._.js:776
[ 1758939ms] [LOG] [Fast Refresh] done in 32ms @ http://localhost:3000/_next/static/chunks/node_modules_next_dist_1e8vcs8._.js:776
[ 1759002ms] [LOG] [Fast Refresh] done in 32ms @ http://localhost:3000/_next/static/chunks/node_modules_next_dist_1e8vcs8._.js:776
[ 1759064ms] [LOG] [Fast Refresh] done in 32ms @ http://localhost:3000/_next/static/chunks/node_modules_next_dist_1e8vcs8._.js:776
[ 1759126ms] [LOG] [Fast Refresh] done in 32ms @ http://localhost:3000/_next/static/chunks/node_modules_next_dist_1e8vcs8._.js:776
[ 1759187ms] [LOG] [Fast Refresh] done in 32ms @ http://localhost:3000/_next/static/chunks/node_modules_next_dist_1e8vcs8._.js:776
[ 1759250ms] [LOG] [Fast Refresh] done in 32ms @ http://localhost:3000/_next/static/chunks/node_modules_next_dist_1e8vcs8._.js:776
[ 1759312ms] [LOG] [Fast Refresh] done in 32ms @ http://localhost:3000/_next/static/chunks/node_modules_next_dist_1e8vcs8._.js:776
[ 1759375ms] [LOG] [Fast Refresh] done in 32ms @ http://localhost:3000/_next/static/chunks/node_modules_next_dist_1e8vcs8._.js:776
[ 1759439ms] [LOG] [Fast Refresh] done in 32ms @ http://localhost:3000/_next/static/chunks/node_modules_next_dist_1e8vcs8._.js:776
[ 1759500ms] [LOG] [Fast Refresh] done in 32ms @ http://localhost:3000/_next/static/chunks/node_modules_next_dist_1e8vcs8._.js:776
[ 1759562ms] [LOG] [Fast Refresh] done in 32ms @ http://localhost:3000/_next/static/chunks/node_modules_next_dist_1e8vcs8._.js:776
[ 1759625ms] [LOG] [Fast Refresh] done in 32ms @ http://localhost:3000/_next/static/chunks/node_modules_next_dist_1e8vcs8._.js:776
[ 1759687ms] [LOG] [Fast Refresh] done in 32ms @ http://localhost:3000/_next/static/chunks/node_modules_next_dist_1e8vcs8._.js:776
[ 1759749ms] [LOG] [Fast Refresh] done in 32ms @ http://localhost:3000/_next/static/chunks/node_modules_next_dist_1e8vcs8._.js:776
[ 1759814ms] [LOG] [Fast Refresh] done in 32ms @ http://localhost:3000/_next/static/chunks/node_modules_next_dist_1e8vcs8._.js:776
[ 1759875ms] [LOG] [Fast Refresh] done in 32ms @ http://localhost:3000/_next/static/chunks/node_modules_next_dist_1e8vcs8._.js:776
[ 1759937ms] [LOG] [Fast Refresh] done in 32ms @ http://localhost:3000/_next/static/chunks/node_modules_next_dist_1e8vcs8._.js:776
[ 1760000ms] [LOG] [Fast Refresh] done in 32ms @ http://localhost:3000/_next/static/chunks/node_modules_next_dist_1e8vcs8._.js:776
[ 1760059ms] [LOG] [Fast Refresh] done in 32ms @ http://localhost:3000/_next/static/chunks/node_modules_next_dist_1e8vcs8._.js:776
[ 1760121ms] [LOG] [Fast Refresh] done in 32ms @ http://localhost:3000/_next/static/chunks/node_modules_next_dist_1e8vcs8._.js:776
[ 1760182ms] [LOG] [Fast Refresh] done in 32ms @ http://localhost:3000/_next/static/chunks/node_modules_next_dist_1e8vcs8._.js:776
[ 1760244ms] [LOG] [Fast Refresh] done in 32ms @ http://localhost:3000/_next/static/chunks/node_modules_next_dist_1e8vcs8._.js:776
[ 1760307ms] [LOG] [Fast Refresh] done in 32ms @ http://localhost:3000/_next/static/chunks/node_modules_next_dist_1e8vcs8._.js:776
[ 1760369ms] [LOG] [Fast Refresh] done in 32ms @ http://localhost:3000/_next/static/chunks/node_modules_next_dist_1e8vcs8._.js:776
[ 1760430ms] [LOG] [Fast Refresh] done in 32ms @ http://localhost:3000/_next/static/chunks/node_modules_next_dist_1e8vcs8._.js:776
[ 1760492ms] [LOG] [Fast Refresh] done in 32ms @ http://localhost:3000/_next/static/chunks/node_modules_next_dist_1e8vcs8._.js:776
[ 1760554ms] [LOG] [Fast Refresh] done in 32ms @ http://localhost:3000/_next/static/chunks/node_modules_next_dist_1e8vcs8._.js:776
[ 1760617ms] [LOG] [Fast Refresh] done in 32ms @ http://localhost:3000/_next/static/chunks/node_modules_next_dist_1e8vcs8._.js:776
[ 1760680ms] [LOG] [Fast Refresh] done in 32ms @ http://localhost:3000/_next/static/chunks/node_modules_next_dist_1e8vcs8._.js:776
[ 1760743ms] [LOG] [Fast Refresh] done in 32ms @ http://localhost:3000/_next/static/chunks/node_modules_next_dist_1e8vcs8._.js:776
[ 1760806ms] [LOG] [Fast Refresh] done in 32ms @ http://localhost:3000/_next/static/chunks/node_modules_next_dist_1e8vcs8._.js:776
[ 1760869ms] [LOG] [Fast Refresh] done in 32ms @ http://localhost:3000/_next/static/chunks/node_modules_next_dist_1e8vcs8._.js:776
[ 1760931ms] [LOG] [Fast Refresh] done in 32ms @ http://localhost:3000/_next/static/chunks/node_modules_next_dist_1e8vcs8._.js:776
[ 1760995ms] [LOG] [Fast Refresh] done in 32ms @ http://localhost:3000/_next/static/chunks/node_modules_next_dist_1e8vcs8._.js:776
[ 1761058ms] [LOG] [Fast Refresh] done in 32ms @ http://localhost:3000/_next/static/chunks/node_modules_next_dist_1e8vcs8._.js:776
[ 1761119ms] [LOG] [Fast Refresh] done in 32ms @ http://localhost:3000/_next/static/chunks/node_modules_next_dist_1e8vcs8._.js:776
[ 1761181ms] [LOG] [Fast Refresh] done in 32ms @ http://localhost:3000/_next/static/chunks/node_modules_next_dist_1e8vcs8._.js:776
[ 1761244ms] [LOG] [Fast Refresh] done in 32ms @ http://localhost:3000/_next/static/chunks/node_modules_next_dist_1e8vcs8._.js:776
[ 1761307ms] [LOG] [Fast Refresh] done in 32ms @ http://localhost:3000/_next/static/chunks/node_modules_next_dist_1e8vcs8._.js:776
[ 1761370ms] [LOG] [Fast Refresh] done in 32ms @ http://localhost:3000/_next/static/chunks/node_modules_next_dist_1e8vcs8._.js:776
[ 1761431ms] [LOG] [Fast Refresh] done in 32ms @ http://localhost:3000/_next/static/chunks/node_modules_next_dist_1e8vcs8._.js:776
[ 1761496ms] [LOG] [Fast Refresh] done in 32ms @ http://localhost:3000/_next/static/chunks/node_modules_next_dist_1e8vcs8._.js:776
[ 1761559ms] [LOG] [Fast Refresh] done in 32ms @ http://localhost:3000/_next/static/chunks/node_modules_next_dist_1e8vcs8._.js:776
[ 1761621ms] [LOG] [Fast Refresh] done in 32ms @ http://localhost:3000/_next/static/chunks/node_modules_next_dist_1e8vcs8._.js:776
[ 1761684ms] [LOG] [Fast Refresh] done in 32ms @ http://localhost:3000/_next/static/chunks/node_modules_next_dist_1e8vcs8._.js:776
[ 1761746ms] [LOG] [Fast Refresh] done in 32ms @ http://localhost:3000/_next/static/chunks/node_modules_next_dist_1e8vcs8._.js:776
[ 1761807ms] [LOG] [Fast Refresh] done in 32ms @ http://localhost:3000/_next/static/chunks/node_modules_next_dist_1e8vcs8._.js:776
[ 1761870ms] [LOG] [Fast Refresh] done in 32ms @ http://localhost:3000/_next/static/chunks/node_modules_next_dist_1e8vcs8._.js:776
[ 1761933ms] [LOG] [Fast Refresh] done in 32ms @ http://localhost:3000/_next/static/chunks/node_modules_next_dist_1e8vcs8._.js:776
[ 1761996ms] [LOG] [Fast Refresh] done in 32ms @ http://localhost:3000/_next/static/chunks/node_modules_next_dist_1e8vcs8._.js:776
[ 1762059ms] [LOG] [Fast Refresh] done in 32ms @ http://localhost:3000/_next/static/chunks/node_modules_next_dist_1e8vcs8._.js:776
[ 1762120ms] [LOG] [Fast Refresh] done in 32ms @ http://localhost:3000/_next/static/chunks/node_modules_next_dist_1e8vcs8._.js:776
[ 1762182ms] [LOG] [Fast Refresh] done in 32ms @ http://localhost:3000/_next/static/chunks/node_modules_next_dist_1e8vcs8._.js:776
[ 1762244ms] [LOG] [Fast Refresh] done in 32ms @ http://localhost:3000/_next/static/chunks/node_modules_next_dist_1e8vcs8._.js:776
[ 1762307ms] [LOG] [Fast Refresh] done in 32ms @ http://localhost:3000/_next/static/chunks/node_modules_next_dist_1e8vcs8._.js:776
[ 1762369ms] [LOG] [Fast Refresh] done in 32ms @ http://localhost:3000/_next/static/chunks/node_modules_next_dist_1e8vcs8._.js:776
[ 1762431ms] [LOG] [Fast Refresh] done in 32ms @ http://localhost:3000/_next/static/chunks/node_modules_next_dist_1e8vcs8._.js:776
[ 1762492ms] [LOG] [Fast Refresh] done in 32ms @ http://localhost:3000/_next/static/chunks/node_modules_next_dist_1e8vcs8._.js:776
[ 1762555ms] [LOG] [Fast Refresh] done in 32ms @ http://localhost:3000/_next/static/chunks/node_modules_next_dist_1e8vcs8._.js:776
[ 1762618ms] [LOG] [Fast Refresh] done in 32ms @ http://localhost:3000/_next/static/chunks/node_modules_next_dist_1e8vcs8._.js:776
[ 1762680ms] [LOG] [Fast Refresh] done in 32ms @ http://localhost:3000/_next/static/chunks/node_modules_next_dist_1e8vcs8._.js:776
[ 1762742ms] [LOG] [Fast Refresh] done in 32ms @ http://localhost:3000/_next/static/chunks/node_modules_next_dist_1e8vcs8._.js:776
[ 1762803ms] [LOG] [Fast Refresh] done in 32ms @ http://localhost:3000/_next/static/chunks/node_modules_next_dist_1e8vcs8._.js:776
[ 1762866ms] [LOG] [Fast Refresh] done in 32ms @ http://localhost:3000/_next/static/chunks/node_modules_next_dist_1e8vcs8._.js:776
[ 1762928ms] [LOG] [Fast Refresh] done in 32ms @ http://localhost:3000/_next/static/chunks/node_modules_next_dist_1e8vcs8._.js:776
[ 1762991ms] [LOG] [Fast Refresh] done in 32ms @ http://localhost:3000/_next/static/chunks/node_modules_next_dist_1e8vcs8._.js:776
[ 1763054ms] [LOG] [Fast Refresh] done in 32ms @ http://localhost:3000/_next/static/chunks/node_modules_next_dist_1e8vcs8._.js:776
[ 1763116ms] [LOG] [Fast Refresh] done in 32ms @ http://localhost:3000/_next/static/chunks/node_modules_next_dist_1e8vcs8._.js:776
[ 1763181ms] [LOG] [Fast Refresh] done in 32ms @ http://localhost:3000/_next/static/chunks/node_modules_next_dist_1e8vcs8._.js:776
[ 1763243ms] [LOG] [Fast Refresh] done in 32ms @ http://localhost:3000/_next/static/chunks/node_modules_next_dist_1e8vcs8._.js:776
[ 1763306ms] [LOG] [Fast Refresh] done in 32ms @ http://localhost:3000/_next/static/chunks/node_modules_next_dist_1e8vcs8._.js:776
[ 1763369ms] [LOG] [Fast Refresh] done in 32ms @ http://localhost:3000/_next/static/chunks/node_modules_next_dist_1e8vcs8._.js:776
[ 1763432ms] [LOG] [Fast Refresh] done in 32ms @ http://localhost:3000/_next/static/chunks/node_modules_next_dist_1e8vcs8._.js:776
[ 1763493ms] [LOG] [Fast Refresh] done in 32ms @ http://localhost:3000/_next/static/chunks/node_modules_next_dist_1e8vcs8._.js:776
[ 1763555ms] [LOG] [Fast Refresh] done in 32ms @ http://localhost:3000/_next/static/chunks/node_modules_next_dist_1e8vcs8._.js:776
[ 1763617ms] [LOG] [Fast Refresh] done in 32ms @ http://localhost:3000/_next/static/chunks/node_modules_next_dist_1e8vcs8._.js:776
[ 1763680ms] [LOG] [Fast Refresh] done in 32ms @ http://localhost:3000/_next/static/chunks/node_modules_next_dist_1e8vcs8._.js:776
[ 1763743ms] [LOG] [Fast Refresh] done in 32ms @ http://localhost:3000/_next/static/chunks/node_modules_next_dist_1e8vcs8._.js:776
[ 1763805ms] [LOG] [Fast Refresh] done in 32ms @ http://localhost:3000/_next/static/chunks/node_modules_next_dist_1e8vcs8._.js:776
[ 1763866ms] [LOG] [Fast Refresh] done in 32ms @ http://localhost:3000/_next/static/chunks/node_modules_next_dist_1e8vcs8._.js:776
[ 1763928ms] [LOG] [Fast Refresh] done in 32ms @ http://localhost:3000/_next/static/chunks/node_modules_next_dist_1e8vcs8._.js:776
[ 1763990ms] [LOG] [Fast Refresh] done in 32ms @ http://localhost:3000/_next/static/chunks/node_modules_next_dist_1e8vcs8._.js:776
[ 1764052ms] [LOG] [Fast Refresh] done in 32ms @ http://localhost:3000/_next/static/chunks/node_modules_next_dist_1e8vcs8._.js:776
[ 1764115ms] [LOG] [Fast Refresh] done in 32ms @ http://localhost:3000/_next/static/chunks/node_modules_next_dist_1e8vcs8._.js:776
[ 1764176ms] [LOG] [Fast Refresh] done in 32ms @ http://localhost:3000/_next/static/chunks/node_modules_next_dist_1e8vcs8._.js:776
[ 1764237ms] [LOG] [Fast Refresh] done in 32ms @ http://localhost:3000/_next/static/chunks/node_modules_next_dist_1e8vcs8._.js:776
[ 1764299ms] [LOG] [Fast Refresh] done in 32ms @ http://localhost:3000/_next/static/chunks/node_modules_next_dist_1e8vcs8._.js:776
[ 1764362ms] [LOG] [Fast Refresh] done in 32ms @ http://localhost:3000/_next/static/chunks/node_modules_next_dist_1e8vcs8._.js:776
[ 1764424ms] [LOG] [Fast Refresh] done in 32ms @ http://localhost:3000/_next/static/chunks/node_modules_next_dist_1e8vcs8._.js:776
[ 1764487ms] [LOG] [Fast Refresh] done in 32ms @ http://localhost:3000/_next/static/chunks/node_modules_next_dist_1e8vcs8._.js:776
[ 1764550ms] [LOG] [Fast Refresh] done in 32ms @ http://localhost:3000/_next/static/chunks/node_modules_next_dist_1e8vcs8._.js:776
[ 1764612ms] [LOG] [Fast Refresh] done in 32ms @ http://localhost:3000/_next/static/chunks/node_modules_next_dist_1e8vcs8._.js:776
[ 1764675ms] [LOG] [Fast Refresh] done in 32ms @ http://localhost:3000/_next/static/chunks/node_modules_next_dist_1e8vcs8._.js:776
[ 1764737ms] [LOG] [Fast Refresh] done in 32ms @ http://localhost:3000/_next/static/chunks/node_modules_next_dist_1e8vcs8._.js:776
[ 1764800ms] [LOG] [Fast Refresh] done in 32ms @ http://localhost:3000/_next/static/chunks/node_modules_next_dist_1e8vcs8._.js:776
[ 1764863ms] [LOG] [Fast Refresh] done in 32ms @ http://localhost:3000/_next/static/chunks/node_modules_next_dist_1e8vcs8._.js:776
[ 1764925ms] [LOG] [Fast Refresh] done in 32ms @ http://localhost:3000/_next/static/chunks/node_modules_next_dist_1e8vcs8._.js:776
[ 1764987ms] [LOG] [Fast Refresh] done in 32ms @ http://localhost:3000/_next/static/chunks/node_modules_next_dist_1e8vcs8._.js:776
[ 1765048ms] [LOG] [Fast Refresh] done in 32ms @ http://localhost:3000/_next/static/chunks/node_modules_next_dist_1e8vcs8._.js:776
[ 1765110ms] [LOG] [Fast Refresh] done in 32ms @ http://localhost:3000/_next/static/chunks/node_modules_next_dist_1e8vcs8._.js:776
[ 1765175ms] [LOG] [Fast Refresh] done in 32ms @ http://localhost:3000/_next/static/chunks/node_modules_next_dist_1e8vcs8._.js:776
[ 1765237ms] [LOG] [Fast Refresh] done in 32ms @ http://localhost:3000/_next/static/chunks/node_modules_next_dist_1e8vcs8._.js:776
[ 1765298ms] [LOG] [Fast Refresh] done in 32ms @ http://localhost:3000/_next/static/chunks/node_modules_next_dist_1e8vcs8._.js:776
[ 1765361ms] [LOG] [Fast Refresh] done in 32ms @ http://localhost:3000/_next/static/chunks/node_modules_next_dist_1e8vcs8._.js:776
[ 1765424ms] [LOG] [Fast Refresh] done in 32ms @ http://localhost:3000/_next/static/chunks/node_modules_next_dist_1e8vcs8._.js:776
[ 1765486ms] [LOG] [Fast Refresh] done in 32ms @ http://localhost:3000/_next/static/chunks/node_modules_next_dist_1e8vcs8._.js:776
[ 1765549ms] [LOG] [Fast Refresh] done in 32ms @ http://localhost:3000/_next/static/chunks/node_modules_next_dist_1e8vcs8._.js:776
[ 1765613ms] [LOG] [Fast Refresh] done in 32ms @ http://localhost:3000/_next/static/chunks/node_modules_next_dist_1e8vcs8._.js:776
[ 1765673ms] [LOG] [Fast Refresh] done in 32ms @ http://localhost:3000/_next/static/chunks/node_modules_next_dist_1e8vcs8._.js:776
[ 1765734ms] [LOG] [Fast Refresh] done in 32ms @ http://localhost:3000/_next/static/chunks/node_modules_next_dist_1e8vcs8._.js:776
[ 1765796ms] [LOG] [Fast Refresh] done in 32ms @ http://localhost:3000/_next/static/chunks/node_modules_next_dist_1e8vcs8._.js:776
[ 1765858ms] [LOG] [Fast Refresh] done in 32ms @ http://localhost:3000/_next/static/chunks/node_modules_next_dist_1e8vcs8._.js:776
[ 1765920ms] [LOG] [Fast Refresh] done in 32ms @ http://localhost:3000/_next/static/chunks/node_modules_next_dist_1e8vcs8._.js:776
[ 1765983ms] [LOG] [Fast Refresh] done in 32ms @ http://localhost:3000/_next/static/chunks/node_modules_next_dist_1e8vcs8._.js:776
[ 1766045ms] [LOG] [Fast Refresh] done in 32ms @ http://localhost:3000/_next/static/chunks/node_modules_next_dist_1e8vcs8._.js:776
[ 1766107ms] [LOG] [Fast Refresh] done in 32ms @ http://localhost:3000/_next/static/chunks/node_modules_next_dist_1e8vcs8._.js:776
[ 1766169ms] [LOG] [Fast Refresh] done in 32ms @ http://localhost:3000/_next/static/chunks/node_modules_next_dist_1e8vcs8._.js:776
[ 1766231ms] [LOG] [Fast Refresh] done in 32ms @ http://localhost:3000/_next/static/chunks/node_modules_next_dist_1e8vcs8._.js:776
[ 1766293ms] [LOG] [Fast Refresh] done in 32ms @ http://localhost:3000/_next/static/chunks/node_modules_next_dist_1e8vcs8._.js:776
[ 1766355ms] [LOG] [Fast Refresh] done in 32ms @ http://localhost:3000/_next/static/chunks/node_modules_next_dist_1e8vcs8._.js:776
[ 1766416ms] [LOG] [Fast Refresh] done in 32ms @ http://localhost:3000/_next/static/chunks/node_modules_next_dist_1e8vcs8._.js:776
[ 1766480ms] [LOG] [Fast Refresh] done in 32ms @ http://localhost:3000/_next/static/chunks/node_modules_next_dist_1e8vcs8._.js:776
[ 1766540ms] [LOG] [Fast Refresh] done in 32ms @ http://localhost:3000/_next/static/chunks/node_modules_next_dist_1e8vcs8._.js:776
[ 1766602ms] [LOG] [Fast Refresh] done in 32ms @ http://localhost:3000/_next/static/chunks/node_modules_next_dist_1e8vcs8._.js:776
[ 1766665ms] [LOG] [Fast Refresh] done in 32ms @ http://localhost:3000/_next/static/chunks/node_modules_next_dist_1e8vcs8._.js:776
[ 1766728ms] [LOG] [Fast Refresh] done in 32ms @ http://localhost:3000/_next/static/chunks/node_modules_next_dist_1e8vcs8._.js:776
[ 1766789ms] [LOG] [Fast Refresh] done in 32ms @ http://localhost:3000/_next/static/chunks/node_modules_next_dist_1e8vcs8._.js:776
[ 1766852ms] [LOG] [Fast Refresh] done in 32ms @ http://localhost:3000/_next/static/chunks/node_modules_next_dist_1e8vcs8._.js:776
[ 1766915ms] [LOG] [Fast Refresh] done in 32ms @ http://localhost:3000/_next/static/chunks/node_modules_next_dist_1e8vcs8._.js:776
[ 1766978ms] [LOG] [Fast Refresh] done in 32ms @ http://localhost:3000/_next/static/chunks/node_modules_next_dist_1e8vcs8._.js:776
[ 1767083ms] [LOG] [Fast Refresh] done in 32ms @ http://localhost:3000/_next/static/chunks/node_modules_next_dist_1e8vcs8._.js:776
[ 1767166ms] [LOG] [Fast Refresh] rebuilding @ http://localhost:3000/_next/static/chunks/node_modules_next_dist_1e8vcs8._.js:776
[ 1767249ms] [LOG] [Fast Refresh] done in 12ms @ http://localhost:3000/_next/static/chunks/node_modules_next_dist_1e8vcs8._.js:776
[ 1767336ms] [LOG] [Fast Refresh] done in 12ms @ http://localhost:3000/_next/static/chunks/node_modules_next_dist_1e8vcs8._.js:776
[ 1767400ms] [LOG] [Fast Refresh] done in 12ms @ http://localhost:3000/_next/static/chunks/node_modules_next_dist_1e8vcs8._.js:776
[ 1767463ms] [LOG] [Fast Refresh] done in 12ms @ http://localhost:3000/_next/static/chunks/node_modules_next_dist_1e8vcs8._.js:776
[ 1767526ms] [LOG] [Fast Refresh] done in 12ms @ http://localhost:3000/_next/static/chunks/node_modules_next_dist_1e8vcs8._.js:776
[ 1767588ms] [LOG] [Fast Refresh] done in 12ms @ http://localhost:3000/_next/static/chunks/node_modules_next_dist_1e8vcs8._.js:776
[ 1767651ms] [LOG] [Fast Refresh] done in 12ms @ http://localhost:3000/_next/static/chunks/node_modules_next_dist_1e8vcs8._.js:776
[ 1767713ms] [LOG] [Fast Refresh] done in 12ms @ http://localhost:3000/_next/static/chunks/node_modules_next_dist_1e8vcs8._.js:776
[ 1767775ms] [LOG] [Fast Refresh] done in 12ms @ http://localhost:3000/_next/static/chunks/node_modules_next_dist_1e8vcs8._.js:776
[ 1767838ms] [LOG] [Fast Refresh] done in 12ms @ http://localhost:3000/_next/static/chunks/node_modules_next_dist_1e8vcs8._.js:776
[ 1767900ms] [LOG] [Fast Refresh] done in 12ms @ http://localhost:3000/_next/static/chunks/node_modules_next_dist_1e8vcs8._.js:776
[ 1767963ms] [LOG] [Fast Refresh] done in 12ms @ http://localhost:3000/_next/static/chunks/node_modules_next_dist_1e8vcs8._.js:776
[ 1768026ms] [LOG] [Fast Refresh] done in 12ms @ http://localhost:3000/_next/static/chunks/node_modules_next_dist_1e8vcs8._.js:776
[ 1768089ms] [LOG] [Fast Refresh] done in 12ms @ http://localhost:3000/_next/static/chunks/node_modules_next_dist_1e8vcs8._.js:776
[ 1768151ms] [LOG] [Fast Refresh] done in 12ms @ http://localhost:3000/_next/static/chunks/node_modules_next_dist_1e8vcs8._.js:776
[ 1768214ms] [LOG] [Fast Refresh] done in 12ms @ http://localhost:3000/_next/static/chunks/node_modules_next_dist_1e8vcs8._.js:776
[ 1768277ms] [LOG] [Fast Refresh] done in 12ms @ http://localhost:3000/_next/static/chunks/node_modules_next_dist_1e8vcs8._.js:776
[ 1768339ms] [LOG] [Fast Refresh] done in 12ms @ http://localhost:3000/_next/static/chunks/node_modules_next_dist_1e8vcs8._.js:776
[ 1768400ms] [LOG] [Fast Refresh] done in 12ms @ http://localhost:3000/_next/static/chunks/node_modules_next_dist_1e8vcs8._.js:776
[ 1768462ms] [LOG] [Fast Refresh] done in 12ms @ http://localhost:3000/_next/static/chunks/node_modules_next_dist_1e8vcs8._.js:776
[ 1768525ms] [LOG] [Fast Refresh] done in 12ms @ http://localhost:3000/_next/static/chunks/node_modules_next_dist_1e8vcs8._.js:776
[ 1768587ms] [LOG] [Fast Refresh] done in 12ms @ http://localhost:3000/_next/static/chunks/node_modules_next_dist_1e8vcs8._.js:776
[ 1768650ms] [LOG] [Fast Refresh] done in 12ms @ http://localhost:3000/_next/static/chunks/node_modules_next_dist_1e8vcs8._.js:776
[ 1768713ms] [LOG] [Fast Refresh] done in 12ms @ http://localhost:3000/_next/static/chunks/node_modules_next_dist_1e8vcs8._.js:776
[ 1768775ms] [LOG] [Fast Refresh] done in 12ms @ http://localhost:3000/_next/static/chunks/node_modules_next_dist_1e8vcs8._.js:776
[ 1768836ms] [LOG] [Fast Refresh] done in 12ms @ http://localhost:3000/_next/static/chunks/node_modules_next_dist_1e8vcs8._.js:776
[ 1768899ms] [LOG] [Fast Refresh] done in 12ms @ http://localhost:3000/_next/static/chunks/node_modules_next_dist_1e8vcs8._.js:776
[ 1768960ms] [LOG] [Fast Refresh] done in 12ms @ http://localhost:3000/_next/static/chunks/node_modules_next_dist_1e8vcs8._.js:776
[ 1769023ms] [LOG] [Fast Refresh] done in 12ms @ http://localhost:3000/_next/static/chunks/node_modules_next_dist_1e8vcs8._.js:776
[ 1769086ms] [LOG] [Fast Refresh] done in 12ms @ http://localhost:3000/_next/static/chunks/node_modules_next_dist_1e8vcs8._.js:776
[ 1769148ms] [LOG] [Fast Refresh] done in 12ms @ http://localhost:3000/_next/static/chunks/node_modules_next_dist_1e8vcs8._.js:776
[ 1769211ms] [LOG] [Fast Refresh] done in 12ms @ http://localhost:3000/_next/static/chunks/node_modules_next_dist_1e8vcs8._.js:776
[ 1769275ms] [LOG] [Fast Refresh] done in 12ms @ http://localhost:3000/_next/static/chunks/node_modules_next_dist_1e8vcs8._.js:776
[ 1769338ms] [LOG] [Fast Refresh] done in 12ms @ http://localhost:3000/_next/static/chunks/node_modules_next_dist_1e8vcs8._.js:776
[ 1769399ms] [LOG] [Fast Refresh] done in 12ms @ http://localhost:3000/_next/static/chunks/node_modules_next_dist_1e8vcs8._.js:776
[ 1769462ms] [LOG] [Fast Refresh] done in 12ms @ http://localhost:3000/_next/static/chunks/node_modules_next_dist_1e8vcs8._.js:776
[ 1769526ms] [LOG] [Fast Refresh] done in 12ms @ http://localhost:3000/_next/static/chunks/node_modules_next_dist_1e8vcs8._.js:776
[ 1769589ms] [LOG] [Fast Refresh] done in 12ms @ http://localhost:3000/_next/static/chunks/node_modules_next_dist_1e8vcs8._.js:776
[ 1769652ms] [LOG] [Fast Refresh] done in 12ms @ http://localhost:3000/_next/static/chunks/node_modules_next_dist_1e8vcs8._.js:776
[ 1769716ms] [LOG] [Fast Refresh] done in 12ms @ http://localhost:3000/_next/static/chunks/node_modules_next_dist_1e8vcs8._.js:776
[ 1769778ms] [LOG] [Fast Refresh] done in 12ms @ http://localhost:3000/_next/static/chunks/node_modules_next_dist_1e8vcs8._.js:776
[ 1769840ms] [LOG] [Fast Refresh] done in 12ms @ http://localhost:3000/_next/static/chunks/node_modules_next_dist_1e8vcs8._.js:776
[ 1769902ms] [LOG] [Fast Refresh] done in 12ms @ http://localhost:3000/_next/static/chunks/node_modules_next_dist_1e8vcs8._.js:776
[ 1769965ms] [LOG] [Fast Refresh] done in 12ms @ http://localhost:3000/_next/static/chunks/node_modules_next_dist_1e8vcs8._.js:776
[ 1770028ms] [LOG] [Fast Refresh] done in 12ms @ http://localhost:3000/_next/static/chunks/node_modules_next_dist_1e8vcs8._.js:776
[ 1770089ms] [LOG] [Fast Refresh] done in 12ms @ http://localhost:3000/_next/static/chunks/node_modules_next_dist_1e8vcs8._.js:776
[ 1770152ms] [LOG] [Fast Refresh] done in 12ms @ http://localhost:3000/_next/static/chunks/node_modules_next_dist_1e8vcs8._.js:776
[ 1770214ms] [LOG] [Fast Refresh] done in 12ms @ http://localhost:3000/_next/static/chunks/node_modules_next_dist_1e8vcs8._.js:776
[ 1770276ms] [LOG] [Fast Refresh] done in 12ms @ http://localhost:3000/_next/static/chunks/node_modules_next_dist_1e8vcs8._.js:776
[ 1770338ms] [LOG] [Fast Refresh] done in 12ms @ http://localhost:3000/_next/static/chunks/node_modules_next_dist_1e8vcs8._.js:776
[ 1770399ms] [LOG] [Fast Refresh] done in 12ms @ http://localhost:3000/_next/static/chunks/node_modules_next_dist_1e8vcs8._.js:776
[ 1770463ms] [LOG] [Fast Refresh] done in 12ms @ http://localhost:3000/_next/static/chunks/node_modules_next_dist_1e8vcs8._.js:776
[ 1770526ms] [LOG] [Fast Refresh] done in 12ms @ http://localhost:3000/_next/static/chunks/node_modules_next_dist_1e8vcs8._.js:776
[ 1770589ms] [LOG] [Fast Refresh] done in 12ms @ http://localhost:3000/_next/static/chunks/node_modules_next_dist_1e8vcs8._.js:776
[ 1770651ms] [LOG] [Fast Refresh] done in 12ms @ http://localhost:3000/_next/static/chunks/node_modules_next_dist_1e8vcs8._.js:776
[ 1770713ms] [LOG] [Fast Refresh] done in 12ms @ http://localhost:3000/_next/static/chunks/node_modules_next_dist_1e8vcs8._.js:776
[ 1770774ms] [LOG] [Fast Refresh] done in 12ms @ http://localhost:3000/_next/static/chunks/node_modules_next_dist_1e8vcs8._.js:776
[ 1770836ms] [LOG] [Fast Refresh] done in 12ms @ http://localhost:3000/_next/static/chunks/node_modules_next_dist_1e8vcs8._.js:776
[ 1770900ms] [LOG] [Fast Refresh] done in 12ms @ http://localhost:3000/_next/static/chunks/node_modules_next_dist_1e8vcs8._.js:776
[ 1770963ms] [LOG] [Fast Refresh] done in 12ms @ http://localhost:3000/_next/static/chunks/node_modules_next_dist_1e8vcs8._.js:776
[ 1771025ms] [LOG] [Fast Refresh] done in 12ms @ http://localhost:3000/_next/static/chunks/node_modules_next_dist_1e8vcs8._.js:776
[ 1771088ms] [LOG] [Fast Refresh] done in 12ms @ http://localhost:3000/_next/static/chunks/node_modules_next_dist_1e8vcs8._.js:776
[ 1771152ms] [LOG] [Fast Refresh] done in 12ms @ http://localhost:3000/_next/static/chunks/node_modules_next_dist_1e8vcs8._.js:776
[ 1771214ms] [LOG] [Fast Refresh] done in 12ms @ http://localhost:3000/_next/static/chunks/node_modules_next_dist_1e8vcs8._.js:776
[ 1771276ms] [LOG] [Fast Refresh] done in 12ms @ http://localhost:3000/_next/static/chunks/node_modules_next_dist_1e8vcs8._.js:776
[ 1771340ms] [LOG] [Fast Refresh] done in 12ms @ http://localhost:3000/_next/static/chunks/node_modules_next_dist_1e8vcs8._.js:776
[ 1771402ms] [LOG] [Fast Refresh] done in 12ms @ http://localhost:3000/_next/static/chunks/node_modules_next_dist_1e8vcs8._.js:776
[ 1771463ms] [LOG] [Fast Refresh] done in 12ms @ http://localhost:3000/_next/static/chunks/node_modules_next_dist_1e8vcs8._.js:776
[ 1771526ms] [LOG] [Fast Refresh] done in 12ms @ http://localhost:3000/_next/static/chunks/node_modules_next_dist_1e8vcs8._.js:776
[ 1771587ms] [LOG] [Fast Refresh] done in 12ms @ http://localhost:3000/_next/static/chunks/node_modules_next_dist_1e8vcs8._.js:776
[ 1771649ms] [LOG] [Fast Refresh] done in 12ms @ http://localhost:3000/_next/static/chunks/node_modules_next_dist_1e8vcs8._.js:776
[ 1771713ms] [LOG] [Fast Refresh] done in 12ms @ http://localhost:3000/_next/static/chunks/node_modules_next_dist_1e8vcs8._.js:776
[ 1771773ms] [LOG] [Fast Refresh] done in 12ms @ http://localhost:3000/_next/static/chunks/node_modules_next_dist_1e8vcs8._.js:776
[ 1771836ms] [LOG] [Fast Refresh] done in 12ms @ http://localhost:3000/_next/static/chunks/node_modules_next_dist_1e8vcs8._.js:776
[ 1771898ms] [LOG] [Fast Refresh] done in 12ms @ http://localhost:3000/_next/static/chunks/node_modules_next_dist_1e8vcs8._.js:776
[ 1771963ms] [LOG] [Fast Refresh] done in 12ms @ http://localhost:3000/_next/static/chunks/node_modules_next_dist_1e8vcs8._.js:776
[ 1772026ms] [LOG] [Fast Refresh] done in 12ms @ http://localhost:3000/_next/static/chunks/node_modules_next_dist_1e8vcs8._.js:776
[ 1772088ms] [LOG] [Fast Refresh] done in 12ms @ http://localhost:3000/_next/static/chunks/node_modules_next_dist_1e8vcs8._.js:776
[ 1772152ms] [LOG] [Fast Refresh] done in 12ms @ http://localhost:3000/_next/static/chunks/node_modules_next_dist_1e8vcs8._.js:776
[ 1772216ms] [LOG] [Fast Refresh] done in 12ms @ http://localhost:3000/_next/static/chunks/node_modules_next_dist_1e8vcs8._.js:776
[ 1772279ms] [LOG] [Fast Refresh] done in 12ms @ http://localhost:3000/_next/static/chunks/node_modules_next_dist_1e8vcs8._.js:776
[ 1772340ms] [LOG] [Fast Refresh] done in 12ms @ http://localhost:3000/_next/static/chunks/node_modules_next_dist_1e8vcs8._.js:776
[ 1772401ms] [LOG] [Fast Refresh] done in 12ms @ http://localhost:3000/_next/static/chunks/node_modules_next_dist_1e8vcs8._.js:776
[ 1772464ms] [LOG] [Fast Refresh] done in 12ms @ http://localhost:3000/_next/static/chunks/node_modules_next_dist_1e8vcs8._.js:776
[ 1772528ms] [LOG] [Fast Refresh] done in 12ms @ http://localhost:3000/_next/static/chunks/node_modules_next_dist_1e8vcs8._.js:776
[ 1772591ms] [LOG] [Fast Refresh] done in 12ms @ http://localhost:3000/_next/static/chunks/node_modules_next_dist_1e8vcs8._.js:776
[ 1772654ms] [LOG] [Fast Refresh] done in 12ms @ http://localhost:3000/_next/static/chunks/node_modules_next_dist_1e8vcs8._.js:776
[ 1772717ms] [LOG] [Fast Refresh] done in 12ms @ http://localhost:3000/_next/static/chunks/node_modules_next_dist_1e8vcs8._.js:776
[ 1772781ms] [LOG] [Fast Refresh] done in 12ms @ http://localhost:3000/_next/static/chunks/node_modules_next_dist_1e8vcs8._.js:776
[ 1772844ms] [LOG] [Fast Refresh] done in 12ms @ http://localhost:3000/_next/static/chunks/node_modules_next_dist_1e8vcs8._.js:776
[ 1772907ms] [LOG] [Fast Refresh] done in 12ms @ http://localhost:3000/_next/static/chunks/node_modules_next_dist_1e8vcs8._.js:776
[ 1772969ms] [LOG] [Fast Refresh] done in 12ms @ http://localhost:3000/_next/static/chunks/node_modules_next_dist_1e8vcs8._.js:776
[ 1773032ms] [LOG] [Fast Refresh] done in 12ms @ http://localhost:3000/_next/static/chunks/node_modules_next_dist_1e8vcs8._.js:776
[ 1773167ms] [LOG] [Fast Refresh] rebuilding @ http://localhost:3000/_next/static/chunks/node_modules_next_dist_1e8vcs8._.js:776
[ 1773221ms] [LOG] [Fast Refresh] done in 16ms @ http://localhost:3000/_next/static/chunks/node_modules_next_dist_1e8vcs8._.js:776
[ 1773282ms] [LOG] [Fast Refresh] done in 16ms @ http://localhost:3000/_next/static/chunks/node_modules_next_dist_1e8vcs8._.js:776
[ 1773344ms] [LOG] [Fast Refresh] done in 16ms @ http://localhost:3000/_next/static/chunks/node_modules_next_dist_1e8vcs8._.js:776
[ 1773406ms] [LOG] [Fast Refresh] done in 16ms @ http://localhost:3000/_next/static/chunks/node_modules_next_dist_1e8vcs8._.js:776
[ 1773466ms] [LOG] [Fast Refresh] done in 16ms @ http://localhost:3000/_next/static/chunks/node_modules_next_dist_1e8vcs8._.js:776
[ 1773529ms] [LOG] [Fast Refresh] done in 16ms @ http://localhost:3000/_next/static/chunks/node_modules_next_dist_1e8vcs8._.js:776
[ 1773593ms] [LOG] [Fast Refresh] done in 16ms @ http://localhost:3000/_next/static/chunks/node_modules_next_dist_1e8vcs8._.js:776
[ 1773656ms] [LOG] [Fast Refresh] done in 16ms @ http://localhost:3000/_next/static/chunks/node_modules_next_dist_1e8vcs8._.js:776
[ 1773719ms] [LOG] [Fast Refresh] done in 16ms @ http://localhost:3000/_next/static/chunks/node_modules_next_dist_1e8vcs8._.js:776
[ 1773782ms] [LOG] [Fast Refresh] done in 16ms @ http://localhost:3000/_next/static/chunks/node_modules_next_dist_1e8vcs8._.js:776
[ 1773844ms] [LOG] [Fast Refresh] done in 16ms @ http://localhost:3000/_next/static/chunks/node_modules_next_dist_1e8vcs8._.js:776
[ 1773905ms] [LOG] [Fast Refresh] done in 16ms @ http://localhost:3000/_next/static/chunks/node_modules_next_dist_1e8vcs8._.js:776
[ 1773968ms] [LOG] [Fast Refresh] done in 16ms @ http://localhost:3000/_next/static/chunks/node_modules_next_dist_1e8vcs8._.js:776
[ 1774030ms] [LOG] [Fast Refresh] done in 16ms @ http://localhost:3000/_next/static/chunks/node_modules_next_dist_1e8vcs8._.js:776
[ 1774092ms] [LOG] [Fast Refresh] done in 16ms @ http://localhost:3000/_next/static/chunks/node_modules_next_dist_1e8vcs8._.js:776
[ 1774155ms] [LOG] [Fast Refresh] done in 16ms @ http://localhost:3000/_next/static/chunks/node_modules_next_dist_1e8vcs8._.js:776
[ 1774219ms] [LOG] [Fast Refresh] done in 16ms @ http://localhost:3000/_next/static/chunks/node_modules_next_dist_1e8vcs8._.js:776
[ 1774283ms] [LOG] [Fast Refresh] done in 16ms @ http://localhost:3000/_next/static/chunks/node_modules_next_dist_1e8vcs8._.js:776
[ 1774345ms] [LOG] [Fast Refresh] done in 16ms @ http://localhost:3000/_next/static/chunks/node_modules_next_dist_1e8vcs8._.js:776
[ 1774407ms] [LOG] [Fast Refresh] done in 16ms @ http://localhost:3000/_next/static/chunks/node_modules_next_dist_1e8vcs8._.js:776
[ 1774469ms] [LOG] [Fast Refresh] done in 16ms @ http://localhost:3000/_next/static/chunks/node_modules_next_dist_1e8vcs8._.js:776
[ 1774532ms] [LOG] [Fast Refresh] done in 16ms @ http://localhost:3000/_next/static/chunks/node_modules_next_dist_1e8vcs8._.js:776
[ 1774608ms] [LOG] [Fast Refresh] done in 16ms @ http://localhost:3000/_next/static/chunks/node_modules_next_dist_1e8vcs8._.js:776
[ 1774685ms] [LOG] [Fast Refresh] done in 16ms @ http://localhost:3000/_next/static/chunks/node_modules_next_dist_1e8vcs8._.js:776
[ 1774747ms] [LOG] [Fast Refresh] done in 16ms @ http://localhost:3000/_next/static/chunks/node_modules_next_dist_1e8vcs8._.js:776
[ 1774810ms] [LOG] [Fast Refresh] done in 16ms @ http://localhost:3000/_next/static/chunks/node_modules_next_dist_1e8vcs8._.js:776
[ 1774873ms] [LOG] [Fast Refresh] done in 16ms @ http://localhost:3000/_next/static/chunks/node_modules_next_dist_1e8vcs8._.js:776
[ 1774935ms] [LOG] [Fast Refresh] done in 16ms @ http://localhost:3000/_next/static/chunks/node_modules_next_dist_1e8vcs8._.js:776
[ 1774997ms] [LOG] [Fast Refresh] done in 16ms @ http://localhost:3000/_next/static/chunks/node_modules_next_dist_1e8vcs8._.js:776
[ 1775058ms] [LOG] [Fast Refresh] done in 16ms @ http://localhost:3000/_next/static/chunks/node_modules_next_dist_1e8vcs8._.js:776
[ 1775120ms] [LOG] [Fast Refresh] done in 16ms @ http://localhost:3000/_next/static/chunks/node_modules_next_dist_1e8vcs8._.js:776
[ 1775181ms] [LOG] [Fast Refresh] done in 16ms @ http://localhost:3000/_next/static/chunks/node_modules_next_dist_1e8vcs8._.js:776
[ 1775244ms] [LOG] [Fast Refresh] done in 16ms @ http://localhost:3000/_next/static/chunks/node_modules_next_dist_1e8vcs8._.js:776
[ 1775306ms] [LOG] [Fast Refresh] done in 16ms @ http://localhost:3000/_next/static/chunks/node_modules_next_dist_1e8vcs8._.js:776
[ 1775366ms] [LOG] [Fast Refresh] done in 16ms @ http://localhost:3000/_next/static/chunks/node_modules_next_dist_1e8vcs8._.js:776
[ 1775431ms] [LOG] [Fast Refresh] done in 16ms @ http://localhost:3000/_next/static/chunks/node_modules_next_dist_1e8vcs8._.js:776
[ 1775493ms] [LOG] [Fast Refresh] done in 16ms @ http://localhost:3000/_next/static/chunks/node_modules_next_dist_1e8vcs8._.js:776
[ 1775555ms] [LOG] [Fast Refresh] done in 16ms @ http://localhost:3000/_next/static/chunks/node_modules_next_dist_1e8vcs8._.js:776
[ 1775619ms] [LOG] [Fast Refresh] done in 16ms @ http://localhost:3000/_next/static/chunks/node_modules_next_dist_1e8vcs8._.js:776
[ 1775681ms] [LOG] [Fast Refresh] done in 16ms @ http://localhost:3000/_next/static/chunks/node_modules_next_dist_1e8vcs8._.js:776
[ 1775744ms] [LOG] [Fast Refresh] done in 16ms @ http://localhost:3000/_next/static/chunks/node_modules_next_dist_1e8vcs8._.js:776
[ 1775805ms] [LOG] [Fast Refresh] done in 16ms @ http://localhost:3000/_next/static/chunks/node_modules_next_dist_1e8vcs8._.js:776
[ 1775868ms] [LOG] [Fast Refresh] done in 16ms @ http://localhost:3000/_next/static/chunks/node_modules_next_dist_1e8vcs8._.js:776
[ 1775931ms] [LOG] [Fast Refresh] done in 16ms @ http://localhost:3000/_next/static/chunks/node_modules_next_dist_1e8vcs8._.js:776
[ 1775993ms] [LOG] [Fast Refresh] done in 16ms @ http://localhost:3000/_next/static/chunks/node_modules_next_dist_1e8vcs8._.js:776
[ 1776061ms] [LOG] [Fast Refresh] done in 16ms @ http://localhost:3000/_next/static/chunks/node_modules_next_dist_1e8vcs8._.js:776
[ 1776134ms] [LOG] [Fast Refresh] done in 16ms @ http://localhost:3000/_next/static/chunks/node_modules_next_dist_1e8vcs8._.js:776
[ 1776197ms] [LOG] [Fast Refresh] done in 16ms @ http://localhost:3000/_next/static/chunks/node_modules_next_dist_1e8vcs8._.js:776
[ 1776258ms] [LOG] [Fast Refresh] done in 16ms @ http://localhost:3000/_next/static/chunks/node_modules_next_dist_1e8vcs8._.js:776
[ 1776321ms] [LOG] [Fast Refresh] done in 16ms @ http://localhost:3000/_next/static/chunks/node_modules_next_dist_1e8vcs8._.js:776
[ 1776382ms] [LOG] [Fast Refresh] done in 16ms @ http://localhost:3000/_next/static/chunks/node_modules_next_dist_1e8vcs8._.js:776
[ 1776445ms] [LOG] [Fast Refresh] done in 16ms @ http://localhost:3000/_next/static/chunks/node_modules_next_dist_1e8vcs8._.js:776
[ 1776507ms] [LOG] [Fast Refresh] done in 16ms @ http://localhost:3000/_next/static/chunks/node_modules_next_dist_1e8vcs8._.js:776
[ 1776570ms] [LOG] [Fast Refresh] done in 16ms @ http://localhost:3000/_next/static/chunks/node_modules_next_dist_1e8vcs8._.js:776
[ 1776633ms] [LOG] [Fast Refresh] done in 16ms @ http://localhost:3000/_next/static/chunks/node_modules_next_dist_1e8vcs8._.js:776
[ 1776702ms] [LOG] [Fast Refresh] done in 16ms @ http://localhost:3000/_next/static/chunks/node_modules_next_dist_1e8vcs8._.js:776
[ 1776758ms] [LOG] [Fast Refresh] done in 16ms @ http://localhost:3000/_next/static/chunks/node_modules_next_dist_1e8vcs8._.js:776
[ 1776821ms] [LOG] [Fast Refresh] done in 16ms @ http://localhost:3000/_next/static/chunks/node_modules_next_dist_1e8vcs8._.js:776
[ 1776883ms] [LOG] [Fast Refresh] done in 16ms @ http://localhost:3000/_next/static/chunks/node_modules_next_dist_1e8vcs8._.js:776
[ 1776945ms] [LOG] [Fast Refresh] done in 16ms @ http://localhost:3000/_next/static/chunks/node_modules_next_dist_1e8vcs8._.js:776
[ 1777007ms] [LOG] [Fast Refresh] done in 16ms @ http://localhost:3000/_next/static/chunks/node_modules_next_dist_1e8vcs8._.js:776
[ 1777070ms] [LOG] [Fast Refresh] done in 16ms @ http://localhost:3000/_next/static/chunks/node_modules_next_dist_1e8vcs8._.js:776
[ 1777132ms] [LOG] [Fast Refresh] done in 16ms @ http://localhost:3000/_next/static/chunks/node_modules_next_dist_1e8vcs8._.js:776
[ 1777194ms] [LOG] [Fast Refresh] done in 16ms @ http://localhost:3000/_next/static/chunks/node_modules_next_dist_1e8vcs8._.js:776
[ 1777257ms] [LOG] [Fast Refresh] done in 16ms @ http://localhost:3000/_next/static/chunks/node_modules_next_dist_1e8vcs8._.js:776
[ 1777320ms] [LOG] [Fast Refresh] done in 16ms @ http://localhost:3000/_next/static/chunks/node_modules_next_dist_1e8vcs8._.js:776
[ 1777384ms] [LOG] [Fast Refresh] done in 16ms @ http://localhost:3000/_next/static/chunks/node_modules_next_dist_1e8vcs8._.js:776
[ 1777446ms] [LOG] [Fast Refresh] done in 16ms @ http://localhost:3000/_next/static/chunks/node_modules_next_dist_1e8vcs8._.js:776
[ 1777508ms] [LOG] [Fast Refresh] done in 16ms @ http://localhost:3000/_next/static/chunks/node_modules_next_dist_1e8vcs8._.js:776
[ 1777570ms] [LOG] [Fast Refresh] done in 16ms @ http://localhost:3000/_next/static/chunks/node_modules_next_dist_1e8vcs8._.js:776
[ 1777632ms] [LOG] [Fast Refresh] done in 16ms @ http://localhost:3000/_next/static/chunks/node_modules_next_dist_1e8vcs8._.js:776
[ 1777695ms] [LOG] [Fast Refresh] done in 16ms @ http://localhost:3000/_next/static/chunks/node_modules_next_dist_1e8vcs8._.js:776
[ 1777758ms] [LOG] [Fast Refresh] done in 16ms @ http://localhost:3000/_next/static/chunks/node_modules_next_dist_1e8vcs8._.js:776
[ 1777821ms] [LOG] [Fast Refresh] done in 16ms @ http://localhost:3000/_next/static/chunks/node_modules_next_dist_1e8vcs8._.js:776
[ 1777883ms] [LOG] [Fast Refresh] done in 16ms @ http://localhost:3000/_next/static/chunks/node_modules_next_dist_1e8vcs8._.js:776
[ 1777945ms] [LOG] [Fast Refresh] done in 16ms @ http://localhost:3000/_next/static/chunks/node_modules_next_dist_1e8vcs8._.js:776
[ 1778008ms] [LOG] [Fast Refresh] done in 16ms @ http://localhost:3000/_next/static/chunks/node_modules_next_dist_1e8vcs8._.js:776
[ 1778071ms] [LOG] [Fast Refresh] done in 16ms @ http://localhost:3000/_next/static/chunks/node_modules_next_dist_1e8vcs8._.js:776
[ 1778134ms] [LOG] [Fast Refresh] done in 16ms @ http://localhost:3000/_next/static/chunks/node_modules_next_dist_1e8vcs8._.js:776
[ 1778197ms] [LOG] [Fast Refresh] done in 16ms @ http://localhost:3000/_next/static/chunks/node_modules_next_dist_1e8vcs8._.js:776
[ 1778261ms] [LOG] [Fast Refresh] done in 16ms @ http://localhost:3000/_next/static/chunks/node_modules_next_dist_1e8vcs8._.js:776
[ 1778323ms] [LOG] [Fast Refresh] done in 16ms @ http://localhost:3000/_next/static/chunks/node_modules_next_dist_1e8vcs8._.js:776
[ 1778384ms] [LOG] [Fast Refresh] done in 16ms @ http://localhost:3000/_next/static/chunks/node_modules_next_dist_1e8vcs8._.js:776
[ 1778445ms] [LOG] [Fast Refresh] done in 16ms @ http://localhost:3000/_next/static/chunks/node_modules_next_dist_1e8vcs8._.js:776
[ 1778507ms] [LOG] [Fast Refresh] done in 16ms @ http://localhost:3000/_next/static/chunks/node_modules_next_dist_1e8vcs8._.js:776
[ 1778571ms] [LOG] [Fast Refresh] done in 16ms @ http://localhost:3000/_next/static/chunks/node_modules_next_dist_1e8vcs8._.js:776
[ 1778633ms] [LOG] [Fast Refresh] done in 16ms @ http://localhost:3000/_next/static/chunks/node_modules_next_dist_1e8vcs8._.js:776
[ 1778696ms] [LOG] [Fast Refresh] done in 16ms @ http://localhost:3000/_next/static/chunks/node_modules_next_dist_1e8vcs8._.js:776
[ 1778757ms] [LOG] [Fast Refresh] done in 16ms @ http://localhost:3000/_next/static/chunks/node_modules_next_dist_1e8vcs8._.js:776
[ 1778821ms] [LOG] [Fast Refresh] done in 16ms @ http://localhost:3000/_next/static/chunks/node_modules_next_dist_1e8vcs8._.js:776
[ 1778884ms] [LOG] [Fast Refresh] done in 16ms @ http://localhost:3000/_next/static/chunks/node_modules_next_dist_1e8vcs8._.js:776
[ 1778946ms] [LOG] [Fast Refresh] done in 16ms @ http://localhost:3000/_next/static/chunks/node_modules_next_dist_1e8vcs8._.js:776
[ 1779009ms] [LOG] [Fast Refresh] done in 16ms @ http://localhost:3000/_next/static/chunks/node_modules_next_dist_1e8vcs8._.js:776
[ 1779071ms] [LOG] [Fast Refresh] done in 16ms @ http://localhost:3000/_next/static/chunks/node_modules_next_dist_1e8vcs8._.js:776
[ 1779133ms] [LOG] [Fast Refresh] done in 16ms @ http://localhost:3000/_next/static/chunks/node_modules_next_dist_1e8vcs8._.js:776
[ 1779197ms] [LOG] [Fast Refresh] done in 16ms @ http://localhost:3000/_next/static/chunks/node_modules_next_dist_1e8vcs8._.js:776
[ 1779258ms] [LOG] [Fast Refresh] done in 16ms @ http://localhost:3000/_next/static/chunks/node_modules_next_dist_1e8vcs8._.js:776
[ 1779320ms] [LOG] [Fast Refresh] done in 16ms @ http://localhost:3000/_next/static/chunks/node_modules_next_dist_1e8vcs8._.js:776
[ 1779382ms] [LOG] [Fast Refresh] done in 16ms @ http://localhost:3000/_next/static/chunks/node_modules_next_dist_1e8vcs8._.js:776
[ 1779446ms] [LOG] [Fast Refresh] done in 16ms @ http://localhost:3000/_next/static/chunks/node_modules_next_dist_1e8vcs8._.js:776
[ 1779509ms] [LOG] [Fast Refresh] done in 16ms @ http://localhost:3000/_next/static/chunks/node_modules_next_dist_1e8vcs8._.js:776
[ 1779572ms] [LOG] [Fast Refresh] done in 16ms @ http://localhost:3000/_next/static/chunks/node_modules_next_dist_1e8vcs8._.js:776
[ 1779636ms] [LOG] [Fast Refresh] done in 16ms @ http://localhost:3000/_next/static/chunks/node_modules_next_dist_1e8vcs8._.js:776
[ 1779699ms] [LOG] [Fast Refresh] done in 16ms @ http://localhost:3000/_next/static/chunks/node_modules_next_dist_1e8vcs8._.js:776
[ 1779764ms] [LOG] [Fast Refresh] done in 16ms @ http://localhost:3000/_next/static/chunks/node_modules_next_dist_1e8vcs8._.js:776
[ 1779826ms] [LOG] [Fast Refresh] done in 16ms @ http://localhost:3000/_next/static/chunks/node_modules_next_dist_1e8vcs8._.js:776
[ 1779888ms] [LOG] [Fast Refresh] done in 16ms @ http://localhost:3000/_next/static/chunks/node_modules_next_dist_1e8vcs8._.js:776
[ 1779951ms] [LOG] [Fast Refresh] done in 16ms @ http://localhost:3000/_next/static/chunks/node_modules_next_dist_1e8vcs8._.js:776
[ 1780013ms] [LOG] [Fast Refresh] done in 16ms @ http://localhost:3000/_next/static/chunks/node_modules_next_dist_1e8vcs8._.js:776
[ 1780075ms] [LOG] [Fast Refresh] done in 16ms @ http://localhost:3000/_next/static/chunks/node_modules_next_dist_1e8vcs8._.js:776
[ 1780138ms] [LOG] [Fast Refresh] done in 16ms @ http://localhost:3000/_next/static/chunks/node_modules_next_dist_1e8vcs8._.js:776
[ 1780201ms] [LOG] [Fast Refresh] done in 16ms @ http://localhost:3000/_next/static/chunks/node_modules_next_dist_1e8vcs8._.js:776
[ 1780265ms] [LOG] [Fast Refresh] done in 16ms @ http://localhost:3000/_next/static/chunks/node_modules_next_dist_1e8vcs8._.js:776
[ 1780328ms] [LOG] [Fast Refresh] done in 16ms @ http://localhost:3000/_next/static/chunks/node_modules_next_dist_1e8vcs8._.js:776
[ 1780390ms] [LOG] [Fast Refresh] done in 16ms @ http://localhost:3000/_next/static/chunks/node_modules_next_dist_1e8vcs8._.js:776
[ 1780455ms] [LOG] [Fast Refresh] done in 16ms @ http://localhost:3000/_next/static/chunks/node_modules_next_dist_1e8vcs8._.js:776
[ 1780516ms] [LOG] [Fast Refresh] done in 16ms @ http://localhost:3000/_next/static/chunks/node_modules_next_dist_1e8vcs8._.js:776
[ 1780580ms] [LOG] [Fast Refresh] done in 16ms @ http://localhost:3000/_next/static/chunks/node_modules_next_dist_1e8vcs8._.js:776
[ 1780643ms] [LOG] [Fast Refresh] done in 16ms @ http://localhost:3000/_next/static/chunks/node_modules_next_dist_1e8vcs8._.js:776
[ 1780705ms] [LOG] [Fast Refresh] done in 16ms @ http://localhost:3000/_next/static/chunks/node_modules_next_dist_1e8vcs8._.js:776
[ 1780768ms] [LOG] [Fast Refresh] done in 16ms @ http://localhost:3000/_next/static/chunks/node_modules_next_dist_1e8vcs8._.js:776
[ 1780833ms] [LOG] [Fast Refresh] done in 16ms @ http://localhost:3000/_next/static/chunks/node_modules_next_dist_1e8vcs8._.js:776
[ 1780894ms] [LOG] [Fast Refresh] done in 16ms @ http://localhost:3000/_next/static/chunks/node_modules_next_dist_1e8vcs8._.js:776
[ 1780956ms] [LOG] [Fast Refresh] done in 16ms @ http://localhost:3000/_next/static/chunks/node_modules_next_dist_1e8vcs8._.js:776
[ 1781018ms] [LOG] [Fast Refresh] done in 16ms @ http://localhost:3000/_next/static/chunks/node_modules_next_dist_1e8vcs8._.js:776
[ 1781081ms] [LOG] [Fast Refresh] done in 16ms @ http://localhost:3000/_next/static/chunks/node_modules_next_dist_1e8vcs8._.js:776
[ 1781142ms] [LOG] [Fast Refresh] done in 16ms @ http://localhost:3000/_next/static/chunks/node_modules_next_dist_1e8vcs8._.js:776
[ 1781205ms] [LOG] [Fast Refresh] done in 16ms @ http://localhost:3000/_next/static/chunks/node_modules_next_dist_1e8vcs8._.js:776
[ 1781268ms] [LOG] [Fast Refresh] done in 16ms @ http://localhost:3000/_next/static/chunks/node_modules_next_dist_1e8vcs8._.js:776
[ 1781331ms] [LOG] [Fast Refresh] done in 16ms @ http://localhost:3000/_next/static/chunks/node_modules_next_dist_1e8vcs8._.js:776
[ 1781394ms] [LOG] [Fast Refresh] done in 16ms @ http://localhost:3000/_next/static/chunks/node_modules_next_dist_1e8vcs8._.js:776
[ 1781457ms] [LOG] [Fast Refresh] done in 16ms @ http://localhost:3000/_next/static/chunks/node_modules_next_dist_1e8vcs8._.js:776
[ 1781519ms] [LOG] [Fast Refresh] done in 16ms @ http://localhost:3000/_next/static/chunks/node_modules_next_dist_1e8vcs8._.js:776
[ 1781581ms] [LOG] [Fast Refresh] done in 16ms @ http://localhost:3000/_next/static/chunks/node_modules_next_dist_1e8vcs8._.js:776
[ 1781643ms] [LOG] [Fast Refresh] done in 16ms @ http://localhost:3000/_next/static/chunks/node_modules_next_dist_1e8vcs8._.js:776
[ 1781704ms] [LOG] [Fast Refresh] done in 16ms @ http://localhost:3000/_next/static/chunks/node_modules_next_dist_1e8vcs8._.js:776
[ 1781767ms] [LOG] [Fast Refresh] done in 16ms @ http://localhost:3000/_next/static/chunks/node_modules_next_dist_1e8vcs8._.js:776
[ 1781830ms] [LOG] [Fast Refresh] done in 16ms @ http://localhost:3000/_next/static/chunks/node_modules_next_dist_1e8vcs8._.js:776
[ 1781892ms] [LOG] [Fast Refresh] done in 16ms @ http://localhost:3000/_next/static/chunks/node_modules_next_dist_1e8vcs8._.js:776
[ 1781954ms] [LOG] [Fast Refresh] done in 16ms @ http://localhost:3000/_next/static/chunks/node_modules_next_dist_1e8vcs8._.js:776
[ 1782016ms] [LOG] [Fast Refresh] done in 16ms @ http://localhost:3000/_next/static/chunks/node_modules_next_dist_1e8vcs8._.js:776
[ 1782079ms] [LOG] [Fast Refresh] done in 16ms @ http://localhost:3000/_next/static/chunks/node_modules_next_dist_1e8vcs8._.js:776
[ 1782139ms] [LOG] [Fast Refresh] done in 16ms @ http://localhost:3000/_next/static/chunks/node_modules_next_dist_1e8vcs8._.js:776
[ 1782202ms] [LOG] [Fast Refresh] done in 16ms @ http://localhost:3000/_next/static/chunks/node_modules_next_dist_1e8vcs8._.js:776
[ 1782264ms] [LOG] [Fast Refresh] done in 16ms @ http://localhost:3000/_next/static/chunks/node_modules_next_dist_1e8vcs8._.js:776
[ 1782326ms] [LOG] [Fast Refresh] done in 16ms @ http://localhost:3000/_next/static/chunks/node_modules_next_dist_1e8vcs8._.js:776
[ 1782389ms] [LOG] [Fast Refresh] done in 16ms @ http://localhost:3000/_next/static/chunks/node_modules_next_dist_1e8vcs8._.js:776
[ 1782450ms] [LOG] [Fast Refresh] done in 16ms @ http://localhost:3000/_next/static/chunks/node_modules_next_dist_1e8vcs8._.js:776
[ 1782513ms] [LOG] [Fast Refresh] done in 16ms @ http://localhost:3000/_next/static/chunks/node_modules_next_dist_1e8vcs8._.js:776
[ 1782575ms] [LOG] [Fast Refresh] done in 16ms @ http://localhost:3000/_next/static/chunks/node_modules_next_dist_1e8vcs8._.js:776
[ 1782637ms] [LOG] [Fast Refresh] done in 16ms @ http://localhost:3000/_next/static/chunks/node_modules_next_dist_1e8vcs8._.js:776
[ 1782699ms] [LOG] [Fast Refresh] done in 16ms @ http://localhost:3000/_next/static/chunks/node_modules_next_dist_1e8vcs8._.js:776
[ 1782763ms] [LOG] [Fast Refresh] done in 16ms @ http://localhost:3000/_next/static/chunks/node_modules_next_dist_1e8vcs8._.js:776
[ 1782825ms] [LOG] [Fast Refresh] done in 16ms @ http://localhost:3000/_next/static/chunks/node_modules_next_dist_1e8vcs8._.js:776
[ 1782888ms] [LOG] [Fast Refresh] done in 16ms @ http://localhost:3000/_next/static/chunks/node_modules_next_dist_1e8vcs8._.js:776
[ 1782951ms] [LOG] [Fast Refresh] done in 16ms @ http://localhost:3000/_next/static/chunks/node_modules_next_dist_1e8vcs8._.js:776
[ 1783014ms] [LOG] [Fast Refresh] done in 16ms @ http://localhost:3000/_next/static/chunks/node_modules_next_dist_1e8vcs8._.js:776
[ 1783076ms] [LOG] [Fast Refresh] done in 16ms @ http://localhost:3000/_next/static/chunks/node_modules_next_dist_1e8vcs8._.js:776
[ 1783139ms] [LOG] [Fast Refresh] done in 16ms @ http://localhost:3000/_next/static/chunks/node_modules_next_dist_1e8vcs8._.js:776
[ 1783201ms] [LOG] [Fast Refresh] done in 16ms @ http://localhost:3000/_next/static/chunks/node_modules_next_dist_1e8vcs8._.js:776
[ 1783265ms] [LOG] [Fast Refresh] done in 16ms @ http://localhost:3000/_next/static/chunks/node_modules_next_dist_1e8vcs8._.js:776
[ 1783325ms] [LOG] [Fast Refresh] done in 16ms @ http://localhost:3000/_next/static/chunks/node_modules_next_dist_1e8vcs8._.js:776
[ 1783388ms] [LOG] [Fast Refresh] done in 16ms @ http://localhost:3000/_next/static/chunks/node_modules_next_dist_1e8vcs8._.js:776
[ 1783451ms] [LOG] [Fast Refresh] done in 16ms @ http://localhost:3000/_next/static/chunks/node_modules_next_dist_1e8vcs8._.js:776
[ 1783515ms] [LOG] [Fast Refresh] done in 16ms @ http://localhost:3000/_next/static/chunks/node_modules_next_dist_1e8vcs8._.js:776
[ 1783576ms] [LOG] [Fast Refresh] done in 16ms @ http://localhost:3000/_next/static/chunks/node_modules_next_dist_1e8vcs8._.js:776
[ 1783639ms] [LOG] [Fast Refresh] done in 16ms @ http://localhost:3000/_next/static/chunks/node_modules_next_dist_1e8vcs8._.js:776
[ 1783702ms] [LOG] [Fast Refresh] done in 16ms @ http://localhost:3000/_next/static/chunks/node_modules_next_dist_1e8vcs8._.js:776
[ 1783765ms] [LOG] [Fast Refresh] done in 16ms @ http://localhost:3000/_next/static/chunks/node_modules_next_dist_1e8vcs8._.js:776
[ 1783827ms] [LOG] [Fast Refresh] done in 16ms @ http://localhost:3000/_next/static/chunks/node_modules_next_dist_1e8vcs8._.js:776
[ 1783890ms] [LOG] [Fast Refresh] done in 16ms @ http://localhost:3000/_next/static/chunks/node_modules_next_dist_1e8vcs8._.js:776
[ 1783952ms] [LOG] [Fast Refresh] done in 16ms @ http://localhost:3000/_next/static/chunks/node_modules_next_dist_1e8vcs8._.js:776
[ 1784015ms] [LOG] [Fast Refresh] done in 16ms @ http://localhost:3000/_next/static/chunks/node_modules_next_dist_1e8vcs8._.js:776
[ 1784077ms] [LOG] [Fast Refresh] done in 16ms @ http://localhost:3000/_next/static/chunks/node_modules_next_dist_1e8vcs8._.js:776
[ 1784142ms] [LOG] [Fast Refresh] done in 16ms @ http://localhost:3000/_next/static/chunks/node_modules_next_dist_1e8vcs8._.js:776
[ 1784205ms] [LOG] [Fast Refresh] done in 16ms @ http://localhost:3000/_next/static/chunks/node_modules_next_dist_1e8vcs8._.js:776
[ 1784268ms] [LOG] [Fast Refresh] done in 16ms @ http://localhost:3000/_next/static/chunks/node_modules_next_dist_1e8vcs8._.js:776
[ 1784331ms] [LOG] [Fast Refresh] done in 16ms @ http://localhost:3000/_next/static/chunks/node_modules_next_dist_1e8vcs8._.js:776
[ 1784393ms] [LOG] [Fast Refresh] done in 16ms @ http://localhost:3000/_next/static/chunks/node_modules_next_dist_1e8vcs8._.js:776
[ 1784456ms] [LOG] [Fast Refresh] done in 16ms @ http://localhost:3000/_next/static/chunks/node_modules_next_dist_1e8vcs8._.js:776
[ 1784519ms] [LOG] [Fast Refresh] done in 16ms @ http://localhost:3000/_next/static/chunks/node_modules_next_dist_1e8vcs8._.js:776
[ 1784580ms] [LOG] [Fast Refresh] done in 16ms @ http://localhost:3000/_next/static/chunks/node_modules_next_dist_1e8vcs8._.js:776
[ 1784642ms] [LOG] [Fast Refresh] done in 16ms @ http://localhost:3000/_next/static/chunks/node_modules_next_dist_1e8vcs8._.js:776
[ 1784704ms] [LOG] [Fast Refresh] done in 16ms @ http://localhost:3000/_next/static/chunks/node_modules_next_dist_1e8vcs8._.js:776
[ 1784767ms] [LOG] [Fast Refresh] done in 16ms @ http://localhost:3000/_next/static/chunks/node_modules_next_dist_1e8vcs8._.js:776
[ 1784830ms] [LOG] [Fast Refresh] done in 16ms @ http://localhost:3000/_next/static/chunks/node_modules_next_dist_1e8vcs8._.js:776
[ 1784891ms] [LOG] [Fast Refresh] done in 16ms @ http://localhost:3000/_next/static/chunks/node_modules_next_dist_1e8vcs8._.js:776
[ 1784953ms] [LOG] [Fast Refresh] done in 16ms @ http://localhost:3000/_next/static/chunks/node_modules_next_dist_1e8vcs8._.js:776
[ 1785016ms] [LOG] [Fast Refresh] done in 16ms @ http://localhost:3000/_next/static/chunks/node_modules_next_dist_1e8vcs8._.js:776
[ 1785076ms] [LOG] [Fast Refresh] done in 16ms @ http://localhost:3000/_next/static/chunks/node_modules_next_dist_1e8vcs8._.js:776
[ 1785137ms] [LOG] [Fast Refresh] done in 16ms @ http://localhost:3000/_next/static/chunks/node_modules_next_dist_1e8vcs8._.js:776
[ 1785200ms] [LOG] [Fast Refresh] done in 16ms @ http://localhost:3000/_next/static/chunks/node_modules_next_dist_1e8vcs8._.js:776
[ 1785263ms] [LOG] [Fast Refresh] done in 16ms @ http://localhost:3000/_next/static/chunks/node_modules_next_dist_1e8vcs8._.js:776
[ 1785325ms] [LOG] [Fast Refresh] done in 16ms @ http://localhost:3000/_next/static/chunks/node_modules_next_dist_1e8vcs8._.js:776
[ 1785387ms] [LOG] [Fast Refresh] done in 16ms @ http://localhost:3000/_next/static/chunks/node_modules_next_dist_1e8vcs8._.js:776
[ 1785449ms] [LOG] [Fast Refresh] done in 16ms @ http://localhost:3000/_next/static/chunks/node_modules_next_dist_1e8vcs8._.js:776
[ 1785511ms] [LOG] [Fast Refresh] done in 16ms @ http://localhost:3000/_next/static/chunks/node_modules_next_dist_1e8vcs8._.js:776
[ 1785573ms] [LOG] [Fast Refresh] done in 16ms @ http://localhost:3000/_next/static/chunks/node_modules_next_dist_1e8vcs8._.js:776
[ 1785635ms] [LOG] [Fast Refresh] done in 16ms @ http://localhost:3000/_next/static/chunks/node_modules_next_dist_1e8vcs8._.js:776
[ 1785698ms] [LOG] [Fast Refresh] done in 16ms @ http://localhost:3000/_next/static/chunks/node_modules_next_dist_1e8vcs8._.js:776
[ 1785760ms] [LOG] [Fast Refresh] done in 16ms @ http://localhost:3000/_next/static/chunks/node_modules_next_dist_1e8vcs8._.js:776
[ 1785824ms] [LOG] [Fast Refresh] done in 16ms @ http://localhost:3000/_next/static/chunks/node_modules_next_dist_1e8vcs8._.js:776
[ 1785886ms] [LOG] [Fast Refresh] done in 16ms @ http://localhost:3000/_next/static/chunks/node_modules_next_dist_1e8vcs8._.js:776
[ 1785950ms] [LOG] [Fast Refresh] done in 16ms @ http://localhost:3000/_next/static/chunks/node_modules_next_dist_1e8vcs8._.js:776
[ 1786014ms] [LOG] [Fast Refresh] done in 16ms @ http://localhost:3000/_next/static/chunks/node_modules_next_dist_1e8vcs8._.js:776
[ 1786075ms] [LOG] [Fast Refresh] done in 16ms @ http://localhost:3000/_next/static/chunks/node_modules_next_dist_1e8vcs8._.js:776
[ 1786139ms] [LOG] [Fast Refresh] done in 16ms @ http://localhost:3000/_next/static/chunks/node_modules_next_dist_1e8vcs8._.js:776
[ 1786200ms] [LOG] [Fast Refresh] done in 16ms @ http://localhost:3000/_next/static/chunks/node_modules_next_dist_1e8vcs8._.js:776
[ 1786265ms] [LOG] [Fast Refresh] done in 16ms @ http://localhost:3000/_next/static/chunks/node_modules_next_dist_1e8vcs8._.js:776
[ 1786326ms] [LOG] [Fast Refresh] done in 16ms @ http://localhost:3000/_next/static/chunks/node_modules_next_dist_1e8vcs8._.js:776
[ 1786388ms] [LOG] [Fast Refresh] done in 16ms @ http://localhost:3000/_next/static/chunks/node_modules_next_dist_1e8vcs8._.js:776
[ 1786451ms] [LOG] [Fast Refresh] done in 16ms @ http://localhost:3000/_next/static/chunks/node_modules_next_dist_1e8vcs8._.js:776
[ 1786514ms] [LOG] [Fast Refresh] done in 16ms @ http://localhost:3000/_next/static/chunks/node_modules_next_dist_1e8vcs8._.js:776
[ 1786577ms] [LOG] [Fast Refresh] done in 16ms @ http://localhost:3000/_next/static/chunks/node_modules_next_dist_1e8vcs8._.js:776
[ 1786640ms] [LOG] [Fast Refresh] done in 16ms @ http://localhost:3000/_next/static/chunks/node_modules_next_dist_1e8vcs8._.js:776
[ 1786703ms] [LOG] [Fast Refresh] done in 16ms @ http://localhost:3000/_next/static/chunks/node_modules_next_dist_1e8vcs8._.js:776
[ 1786766ms] [LOG] [Fast Refresh] done in 16ms @ http://localhost:3000/_next/static/chunks/node_modules_next_dist_1e8vcs8._.js:776
[ 1786828ms] [LOG] [Fast Refresh] done in 16ms @ http://localhost:3000/_next/static/chunks/node_modules_next_dist_1e8vcs8._.js:776
[ 1786890ms] [LOG] [Fast Refresh] done in 16ms @ http://localhost:3000/_next/static/chunks/node_modules_next_dist_1e8vcs8._.js:776
[ 1786954ms] [LOG] [Fast Refresh] done in 16ms @ http://localhost:3000/_next/static/chunks/node_modules_next_dist_1e8vcs8._.js:776
[ 1787016ms] [LOG] [Fast Refresh] done in 16ms @ http://localhost:3000/_next/static/chunks/node_modules_next_dist_1e8vcs8._.js:776
[ 1787080ms] [LOG] [Fast Refresh] done in 16ms @ http://localhost:3000/_next/static/chunks/node_modules_next_dist_1e8vcs8._.js:776
[ 1787141ms] [LOG] [Fast Refresh] done in 16ms @ http://localhost:3000/_next/static/chunks/node_modules_next_dist_1e8vcs8._.js:776
[ 1787204ms] [LOG] [Fast Refresh] done in 16ms @ http://localhost:3000/_next/static/chunks/node_modules_next_dist_1e8vcs8._.js:776
[ 1787268ms] [LOG] [Fast Refresh] done in 16ms @ http://localhost:3000/_next/static/chunks/node_modules_next_dist_1e8vcs8._.js:776
[ 1787330ms] [LOG] [Fast Refresh] done in 16ms @ http://localhost:3000/_next/static/chunks/node_modules_next_dist_1e8vcs8._.js:776
[ 1787393ms] [LOG] [Fast Refresh] done in 16ms @ http://localhost:3000/_next/static/chunks/node_modules_next_dist_1e8vcs8._.js:776
[ 1787456ms] [LOG] [Fast Refresh] done in 16ms @ http://localhost:3000/_next/static/chunks/node_modules_next_dist_1e8vcs8._.js:776
[ 1787519ms] [LOG] [Fast Refresh] done in 16ms @ http://localhost:3000/_next/static/chunks/node_modules_next_dist_1e8vcs8._.js:776
[ 1787582ms] [LOG] [Fast Refresh] done in 16ms @ http://localhost:3000/_next/static/chunks/node_modules_next_dist_1e8vcs8._.js:776
[ 1787644ms] [LOG] [Fast Refresh] done in 16ms @ http://localhost:3000/_next/static/chunks/node_modules_next_dist_1e8vcs8._.js:776
[ 1787706ms] [LOG] [Fast Refresh] done in 16ms @ http://localhost:3000/_next/static/chunks/node_modules_next_dist_1e8vcs8._.js:776
[ 1787770ms] [LOG] [Fast Refresh] done in 16ms @ http://localhost:3000/_next/static/chunks/node_modules_next_dist_1e8vcs8._.js:776
[ 1787832ms] [LOG] [Fast Refresh] done in 16ms @ http://localhost:3000/_next/static/chunks/node_modules_next_dist_1e8vcs8._.js:776
[ 1787896ms] [LOG] [Fast Refresh] done in 16ms @ http://localhost:3000/_next/static/chunks/node_modules_next_dist_1e8vcs8._.js:776
[ 1787958ms] [LOG] [Fast Refresh] done in 16ms @ http://localhost:3000/_next/static/chunks/node_modules_next_dist_1e8vcs8._.js:776
[ 1788021ms] [LOG] [Fast Refresh] done in 16ms @ http://localhost:3000/_next/static/chunks/node_modules_next_dist_1e8vcs8._.js:776
[ 1788084ms] [LOG] [Fast Refresh] done in 16ms @ http://localhost:3000/_next/static/chunks/node_modules_next_dist_1e8vcs8._.js:776
[ 1788147ms] [LOG] [Fast Refresh] done in 16ms @ http://localhost:3000/_next/static/chunks/node_modules_next_dist_1e8vcs8._.js:776
[ 1788209ms] [LOG] [Fast Refresh] done in 16ms @ http://localhost:3000/_next/static/chunks/node_modules_next_dist_1e8vcs8._.js:776
[ 1788271ms] [LOG] [Fast Refresh] done in 16ms @ http://localhost:3000/_next/static/chunks/node_modules_next_dist_1e8vcs8._.js:776
[ 1788334ms] [LOG] [Fast Refresh] done in 16ms @ http://localhost:3000/_next/static/chunks/node_modules_next_dist_1e8vcs8._.js:776
[ 1788398ms] [LOG] [Fast Refresh] done in 16ms @ http://localhost:3000/_next/static/chunks/node_modules_next_dist_1e8vcs8._.js:776
[ 1788460ms] [LOG] [Fast Refresh] done in 16ms @ http://localhost:3000/_next/static/chunks/node_modules_next_dist_1e8vcs8._.js:776
[ 1788523ms] [LOG] [Fast Refresh] done in 16ms @ http://localhost:3000/_next/static/chunks/node_modules_next_dist_1e8vcs8._.js:776
[ 1788586ms] [LOG] [Fast Refresh] done in 16ms @ http://localhost:3000/_next/static/chunks/node_modules_next_dist_1e8vcs8._.js:776
[ 1788649ms] [LOG] [Fast Refresh] done in 16ms @ http://localhost:3000/_next/static/chunks/node_modules_next_dist_1e8vcs8._.js:776
[ 1788711ms] [LOG] [Fast Refresh] done in 16ms @ http://localhost:3000/_next/static/chunks/node_modules_next_dist_1e8vcs8._.js:776
[ 1788775ms] [LOG] [Fast Refresh] done in 16ms @ http://localhost:3000/_next/static/chunks/node_modules_next_dist_1e8vcs8._.js:776
[ 1788838ms] [LOG] [Fast Refresh] done in 16ms @ http://localhost:3000/_next/static/chunks/node_modules_next_dist_1e8vcs8._.js:776
[ 1788901ms] [LOG] [Fast Refresh] done in 16ms @ http://localhost:3000/_next/static/chunks/node_modules_next_dist_1e8vcs8._.js:776
[ 1788965ms] [LOG] [Fast Refresh] done in 16ms @ http://localhost:3000/_next/static/chunks/node_modules_next_dist_1e8vcs8._.js:776
[ 1789027ms] [LOG] [Fast Refresh] done in 16ms @ http://localhost:3000/_next/static/chunks/node_modules_next_dist_1e8vcs8._.js:776
[ 1789090ms] [LOG] [Fast Refresh] done in 16ms @ http://localhost:3000/_next/static/chunks/node_modules_next_dist_1e8vcs8._.js:776
[ 1789152ms] [LOG] [Fast Refresh] done in 16ms @ http://localhost:3000/_next/static/chunks/node_modules_next_dist_1e8vcs8._.js:776
[ 1789216ms] [LOG] [Fast Refresh] done in 16ms @ http://localhost:3000/_next/static/chunks/node_modules_next_dist_1e8vcs8._.js:776
[ 1789277ms] [LOG] [Fast Refresh] done in 16ms @ http://localhost:3000/_next/static/chunks/node_modules_next_dist_1e8vcs8._.js:776
[ 1789341ms] [LOG] [Fast Refresh] done in 16ms @ http://localhost:3000/_next/static/chunks/node_modules_next_dist_1e8vcs8._.js:776
[ 1789404ms] [LOG] [Fast Refresh] done in 16ms @ http://localhost:3000/_next/static/chunks/node_modules_next_dist_1e8vcs8._.js:776
[ 1789467ms] [LOG] [Fast Refresh] done in 16ms @ http://localhost:3000/_next/static/chunks/node_modules_next_dist_1e8vcs8._.js:776
[ 1789531ms] [LOG] [Fast Refresh] done in 16ms @ http://localhost:3000/_next/static/chunks/node_modules_next_dist_1e8vcs8._.js:776
[ 1789594ms] [LOG] [Fast Refresh] done in 16ms @ http://localhost:3000/_next/static/chunks/node_modules_next_dist_1e8vcs8._.js:776
[ 1789657ms] [LOG] [Fast Refresh] done in 16ms @ http://localhost:3000/_next/static/chunks/node_modules_next_dist_1e8vcs8._.js:776
[ 1789720ms] [LOG] [Fast Refresh] done in 16ms @ http://localhost:3000/_next/static/chunks/node_modules_next_dist_1e8vcs8._.js:776
[ 1789783ms] [LOG] [Fast Refresh] done in 16ms @ http://localhost:3000/_next/static/chunks/node_modules_next_dist_1e8vcs8._.js:776
[ 1789846ms] [LOG] [Fast Refresh] done in 16ms @ http://localhost:3000/_next/static/chunks/node_modules_next_dist_1e8vcs8._.js:776
[ 1789908ms] [LOG] [Fast Refresh] done in 16ms @ http://localhost:3000/_next/static/chunks/node_modules_next_dist_1e8vcs8._.js:776
[ 1789969ms] [LOG] [Fast Refresh] done in 16ms @ http://localhost:3000/_next/static/chunks/node_modules_next_dist_1e8vcs8._.js:776
[ 1790032ms] [LOG] [Fast Refresh] done in 16ms @ http://localhost:3000/_next/static/chunks/node_modules_next_dist_1e8vcs8._.js:776
[ 1790094ms] [LOG] [Fast Refresh] done in 16ms @ http://localhost:3000/_next/static/chunks/node_modules_next_dist_1e8vcs8._.js:776
[ 1790157ms] [LOG] [Fast Refresh] done in 16ms @ http://localhost:3000/_next/static/chunks/node_modules_next_dist_1e8vcs8._.js:776
[ 1790219ms] [LOG] [Fast Refresh] done in 16ms @ http://localhost:3000/_next/static/chunks/node_modules_next_dist_1e8vcs8._.js:776
[ 1790281ms] [LOG] [Fast Refresh] done in 16ms @ http://localhost:3000/_next/static/chunks/node_modules_next_dist_1e8vcs8._.js:776
[ 1790344ms] [LOG] [Fast Refresh] done in 16ms @ http://localhost:3000/_next/static/chunks/node_modules_next_dist_1e8vcs8._.js:776
[ 1790405ms] [LOG] [Fast Refresh] done in 16ms @ http://localhost:3000/_next/static/chunks/node_modules_next_dist_1e8vcs8._.js:776
[ 1790466ms] [LOG] [Fast Refresh] done in 16ms @ http://localhost:3000/_next/static/chunks/node_modules_next_dist_1e8vcs8._.js:776
[ 1790528ms] [LOG] [Fast Refresh] done in 16ms @ http://localhost:3000/_next/static/chunks/node_modules_next_dist_1e8vcs8._.js:776
[ 1790590ms] [LOG] [Fast Refresh] done in 16ms @ http://localhost:3000/_next/static/chunks/node_modules_next_dist_1e8vcs8._.js:776
[ 1790652ms] [LOG] [Fast Refresh] done in 16ms @ http://localhost:3000/_next/static/chunks/node_modules_next_dist_1e8vcs8._.js:776
[ 1790714ms] [LOG] [Fast Refresh] done in 16ms @ http://localhost:3000/_next/static/chunks/node_modules_next_dist_1e8vcs8._.js:776
[ 1790778ms] [LOG] [Fast Refresh] done in 16ms @ http://localhost:3000/_next/static/chunks/node_modules_next_dist_1e8vcs8._.js:776
[ 1790841ms] [LOG] [Fast Refresh] done in 16ms @ http://localhost:3000/_next/static/chunks/node_modules_next_dist_1e8vcs8._.js:776
[ 1790902ms] [LOG] [Fast Refresh] done in 16ms @ http://localhost:3000/_next/static/chunks/node_modules_next_dist_1e8vcs8._.js:776
[ 1790965ms] [LOG] [Fast Refresh] done in 16ms @ http://localhost:3000/_next/static/chunks/node_modules_next_dist_1e8vcs8._.js:776
[ 1791027ms] [LOG] [Fast Refresh] done in 16ms @ http://localhost:3000/_next/static/chunks/node_modules_next_dist_1e8vcs8._.js:776
[ 1791088ms] [LOG] [Fast Refresh] done in 16ms @ http://localhost:3000/_next/static/chunks/node_modules_next_dist_1e8vcs8._.js:776
[ 1791151ms] [LOG] [Fast Refresh] done in 16ms @ http://localhost:3000/_next/static/chunks/node_modules_next_dist_1e8vcs8._.js:776
[ 1791214ms] [LOG] [Fast Refresh] done in 16ms @ http://localhost:3000/_next/static/chunks/node_modules_next_dist_1e8vcs8._.js:776
[ 1791277ms] [LOG] [Fast Refresh] done in 16ms @ http://localhost:3000/_next/static/chunks/node_modules_next_dist_1e8vcs8._.js:776
[ 1791339ms] [LOG] [Fast Refresh] done in 16ms @ http://localhost:3000/_next/static/chunks/node_modules_next_dist_1e8vcs8._.js:776
[ 1791401ms] [LOG] [Fast Refresh] done in 16ms @ http://localhost:3000/_next/static/chunks/node_modules_next_dist_1e8vcs8._.js:776
[ 1791463ms] [LOG] [Fast Refresh] done in 16ms @ http://localhost:3000/_next/static/chunks/node_modules_next_dist_1e8vcs8._.js:776
[ 1791526ms] [LOG] [Fast Refresh] done in 16ms @ http://localhost:3000/_next/static/chunks/node_modules_next_dist_1e8vcs8._.js:776
[ 1791589ms] [LOG] [Fast Refresh] done in 16ms @ http://localhost:3000/_next/static/chunks/node_modules_next_dist_1e8vcs8._.js:776
[ 1791652ms] [LOG] [Fast Refresh] done in 16ms @ http://localhost:3000/_next/static/chunks/node_modules_next_dist_1e8vcs8._.js:776
[ 1791716ms] [LOG] [Fast Refresh] done in 16ms @ http://localhost:3000/_next/static/chunks/node_modules_next_dist_1e8vcs8._.js:776
[ 1791780ms] [LOG] [Fast Refresh] done in 16ms @ http://localhost:3000/_next/static/chunks/node_modules_next_dist_1e8vcs8._.js:776
[ 1791843ms] [LOG] [Fast Refresh] done in 16ms @ http://localhost:3000/_next/static/chunks/node_modules_next_dist_1e8vcs8._.js:776
[ 1791904ms] [LOG] [Fast Refresh] done in 16ms @ http://localhost:3000/_next/static/chunks/node_modules_next_dist_1e8vcs8._.js:776
[ 1791965ms] [LOG] [Fast Refresh] done in 16ms @ http://localhost:3000/_next/static/chunks/node_modules_next_dist_1e8vcs8._.js:776
[ 1792027ms] [LOG] [Fast Refresh] done in 16ms @ http://localhost:3000/_next/static/chunks/node_modules_next_dist_1e8vcs8._.js:776
[ 1792091ms] [LOG] [Fast Refresh] done in 16ms @ http://localhost:3000/_next/static/chunks/node_modules_next_dist_1e8vcs8._.js:776
[ 1792153ms] [LOG] [Fast Refresh] done in 16ms @ http://localhost:3000/_next/static/chunks/node_modules_next_dist_1e8vcs8._.js:776
[ 1792215ms] [LOG] [Fast Refresh] done in 16ms @ http://localhost:3000/_next/static/chunks/node_modules_next_dist_1e8vcs8._.js:776
[ 1792277ms] [LOG] [Fast Refresh] done in 16ms @ http://localhost:3000/_next/static/chunks/node_modules_next_dist_1e8vcs8._.js:776
[ 1792338ms] [LOG] [Fast Refresh] done in 16ms @ http://localhost:3000/_next/static/chunks/node_modules_next_dist_1e8vcs8._.js:776
[ 1792400ms] [LOG] [Fast Refresh] done in 16ms @ http://localhost:3000/_next/static/chunks/node_modules_next_dist_1e8vcs8._.js:776
[ 1792463ms] [LOG] [Fast Refresh] done in 16ms @ http://localhost:3000/_next/static/chunks/node_modules_next_dist_1e8vcs8._.js:776
[ 1792525ms] [LOG] [Fast Refresh] done in 16ms @ http://localhost:3000/_next/static/chunks/node_modules_next_dist_1e8vcs8._.js:776
[ 1792587ms] [LOG] [Fast Refresh] done in 16ms @ http://localhost:3000/_next/static/chunks/node_modules_next_dist_1e8vcs8._.js:776
[ 1792648ms] [LOG] [Fast Refresh] done in 16ms @ http://localhost:3000/_next/static/chunks/node_modules_next_dist_1e8vcs8._.js:776
[ 1792711ms] [LOG] [Fast Refresh] done in 16ms @ http://localhost:3000/_next/static/chunks/node_modules_next_dist_1e8vcs8._.js:776
[ 1792775ms] [LOG] [Fast Refresh] done in 16ms @ http://localhost:3000/_next/static/chunks/node_modules_next_dist_1e8vcs8._.js:776
[ 1792838ms] [LOG] [Fast Refresh] done in 16ms @ http://localhost:3000/_next/static/chunks/node_modules_next_dist_1e8vcs8._.js:776
[ 1792900ms] [LOG] [Fast Refresh] done in 16ms @ http://localhost:3000/_next/static/chunks/node_modules_next_dist_1e8vcs8._.js:776
[ 1792963ms] [LOG] [Fast Refresh] done in 16ms @ http://localhost:3000/_next/static/chunks/node_modules_next_dist_1e8vcs8._.js:776
[ 1793025ms] [LOG] [Fast Refresh] done in 16ms @ http://localhost:3000/_next/static/chunks/node_modules_next_dist_1e8vcs8._.js:776
[ 1793088ms] [LOG] [Fast Refresh] done in 16ms @ http://localhost:3000/_next/static/chunks/node_modules_next_dist_1e8vcs8._.js:776
[ 1793150ms] [LOG] [Fast Refresh] done in 16ms @ http://localhost:3000/_next/static/chunks/node_modules_next_dist_1e8vcs8._.js:776
[ 1793213ms] [LOG] [Fast Refresh] done in 16ms @ http://localhost:3000/_next/static/chunks/node_modules_next_dist_1e8vcs8._.js:776
[ 1793276ms] [LOG] [Fast Refresh] done in 16ms @ http://localhost:3000/_next/static/chunks/node_modules_next_dist_1e8vcs8._.js:776
[ 1793338ms] [LOG] [Fast Refresh] done in 16ms @ http://localhost:3000/_next/static/chunks/node_modules_next_dist_1e8vcs8._.js:776
[ 1793400ms] [LOG] [Fast Refresh] done in 16ms @ http://localhost:3000/_next/static/chunks/node_modules_next_dist_1e8vcs8._.js:776
[ 1793464ms] [LOG] [Fast Refresh] done in 16ms @ http://localhost:3000/_next/static/chunks/node_modules_next_dist_1e8vcs8._.js:776
[ 1793525ms] [LOG] [Fast Refresh] done in 16ms @ http://localhost:3000/_next/static/chunks/node_modules_next_dist_1e8vcs8._.js:776
[ 1793587ms] [LOG] [Fast Refresh] done in 16ms @ http://localhost:3000/_next/static/chunks/node_modules_next_dist_1e8vcs8._.js:776
[ 1793649ms] [LOG] [Fast Refresh] done in 16ms @ http://localhost:3000/_next/static/chunks/node_modules_next_dist_1e8vcs8._.js:776
[ 1793712ms] [LOG] [Fast Refresh] done in 16ms @ http://localhost:3000/_next/static/chunks/node_modules_next_dist_1e8vcs8._.js:776
[ 1793774ms] [LOG] [Fast Refresh] done in 16ms @ http://localhost:3000/_next/static/chunks/node_modules_next_dist_1e8vcs8._.js:776
[ 1793875ms] [LOG] [Fast Refresh] done in 16ms @ http://localhost:3000/_next/static/chunks/node_modules_next_dist_1e8vcs8._.js:776
[ 1793928ms] [LOG] [Fast Refresh] done in 16ms @ http://localhost:3000/_next/static/chunks/node_modules_next_dist_1e8vcs8._.js:776
[ 1793990ms] [LOG] [Fast Refresh] done in 16ms @ http://localhost:3000/_next/static/chunks/node_modules_next_dist_1e8vcs8._.js:776
[ 1794053ms] [LOG] [Fast Refresh] done in 16ms @ http://localhost:3000/_next/static/chunks/node_modules_next_dist_1e8vcs8._.js:776
[ 1794117ms] [LOG] [Fast Refresh] done in 16ms @ http://localhost:3000/_next/static/chunks/node_modules_next_dist_1e8vcs8._.js:776
[ 1794181ms] [LOG] [Fast Refresh] done in 16ms @ http://localhost:3000/_next/static/chunks/node_modules_next_dist_1e8vcs8._.js:776
[ 1794242ms] [LOG] [Fast Refresh] done in 16ms @ http://localhost:3000/_next/static/chunks/node_modules_next_dist_1e8vcs8._.js:776
[ 1794307ms] [LOG] [Fast Refresh] done in 16ms @ http://localhost:3000/_next/static/chunks/node_modules_next_dist_1e8vcs8._.js:776
[ 1794369ms] [LOG] [Fast Refresh] done in 16ms @ http://localhost:3000/_next/static/chunks/node_modules_next_dist_1e8vcs8._.js:776
[ 1794432ms] [LOG] [Fast Refresh] done in 16ms @ http://localhost:3000/_next/static/chunks/node_modules_next_dist_1e8vcs8._.js:776
[ 1794495ms] [LOG] [Fast Refresh] done in 16ms @ http://localhost:3000/_next/static/chunks/node_modules_next_dist_1e8vcs8._.js:776
[ 1794556ms] [LOG] [Fast Refresh] done in 16ms @ http://localhost:3000/_next/static/chunks/node_modules_next_dist_1e8vcs8._.js:776
[ 1794619ms] [LOG] [Fast Refresh] done in 16ms @ http://localhost:3000/_next/static/chunks/node_modules_next_dist_1e8vcs8._.js:776
[ 1794682ms] [LOG] [Fast Refresh] done in 16ms @ http://localhost:3000/_next/static/chunks/node_modules_next_dist_1e8vcs8._.js:776
[ 1794742ms] [LOG] [Fast Refresh] done in 16ms @ http://localhost:3000/_next/static/chunks/node_modules_next_dist_1e8vcs8._.js:776
[ 1794804ms] [LOG] [Fast Refresh] done in 16ms @ http://localhost:3000/_next/static/chunks/node_modules_next_dist_1e8vcs8._.js:776
[ 1794866ms] [LOG] [Fast Refresh] done in 16ms @ http://localhost:3000/_next/static/chunks/node_modules_next_dist_1e8vcs8._.js:776
[ 1794928ms] [LOG] [Fast Refresh] done in 16ms @ http://localhost:3000/_next/static/chunks/node_modules_next_dist_1e8vcs8._.js:776
[ 1794990ms] [LOG] [Fast Refresh] done in 16ms @ http://localhost:3000/_next/static/chunks/node_modules_next_dist_1e8vcs8._.js:776
[ 1795052ms] [LOG] [Fast Refresh] done in 16ms @ http://localhost:3000/_next/static/chunks/node_modules_next_dist_1e8vcs8._.js:776
[ 1795116ms] [LOG] [Fast Refresh] done in 16ms @ http://localhost:3000/_next/static/chunks/node_modules_next_dist_1e8vcs8._.js:776
[ 1795176ms] [LOG] [Fast Refresh] done in 16ms @ http://localhost:3000/_next/static/chunks/node_modules_next_dist_1e8vcs8._.js:776
[ 1795238ms] [LOG] [Fast Refresh] done in 16ms @ http://localhost:3000/_next/static/chunks/node_modules_next_dist_1e8vcs8._.js:776
[ 1795302ms] [LOG] [Fast Refresh] done in 16ms @ http://localhost:3000/_next/static/chunks/node_modules_next_dist_1e8vcs8._.js:776
[ 1795365ms] [LOG] [Fast Refresh] done in 16ms @ http://localhost:3000/_next/static/chunks/node_modules_next_dist_1e8vcs8._.js:776
[ 1795428ms] [LOG] [Fast Refresh] done in 16ms @ http://localhost:3000/_next/static/chunks/node_modules_next_dist_1e8vcs8._.js:776
[ 1795489ms] [LOG] [Fast Refresh] done in 16ms @ http://localhost:3000/_next/static/chunks/node_modules_next_dist_1e8vcs8._.js:776
[ 1795552ms] [LOG] [Fast Refresh] done in 16ms @ http://localhost:3000/_next/static/chunks/node_modules_next_dist_1e8vcs8._.js:776
[ 1795615ms] [LOG] [Fast Refresh] done in 16ms @ http://localhost:3000/_next/static/chunks/node_modules_next_dist_1e8vcs8._.js:776
[ 1795679ms] [LOG] [Fast Refresh] done in 16ms @ http://localhost:3000/_next/static/chunks/node_modules_next_dist_1e8vcs8._.js:776
[ 1795740ms] [LOG] [Fast Refresh] done in 16ms @ http://localhost:3000/_next/static/chunks/node_modules_next_dist_1e8vcs8._.js:776
[ 1795802ms] [LOG] [Fast Refresh] done in 16ms @ http://localhost:3000/_next/static/chunks/node_modules_next_dist_1e8vcs8._.js:776
[ 1795865ms] [LOG] [Fast Refresh] done in 16ms @ http://localhost:3000/_next/static/chunks/node_modules_next_dist_1e8vcs8._.js:776
[ 1795928ms] [LOG] [Fast Refresh] done in 16ms @ http://localhost:3000/_next/static/chunks/node_modules_next_dist_1e8vcs8._.js:776
[ 1796006ms] [LOG] [Fast Refresh] done in 16ms @ http://localhost:3000/_next/static/chunks/node_modules_next_dist_1e8vcs8._.js:776
[ 1796069ms] [LOG] [Fast Refresh] done in 16ms @ http://localhost:3000/_next/static/chunks/node_modules_next_dist_1e8vcs8._.js:776
[ 1796132ms] [LOG] [Fast Refresh] done in 16ms @ http://localhost:3000/_next/static/chunks/node_modules_next_dist_1e8vcs8._.js:776
[ 1796194ms] [LOG] [Fast Refresh] done in 16ms @ http://localhost:3000/_next/static/chunks/node_modules_next_dist_1e8vcs8._.js:776
[ 1796257ms] [LOG] [Fast Refresh] done in 16ms @ http://localhost:3000/_next/static/chunks/node_modules_next_dist_1e8vcs8._.js:776
[ 1796320ms] [LOG] [Fast Refresh] done in 16ms @ http://localhost:3000/_next/static/chunks/node_modules_next_dist_1e8vcs8._.js:776
[ 1796382ms] [LOG] [Fast Refresh] done in 16ms @ http://localhost:3000/_next/static/chunks/node_modules_next_dist_1e8vcs8._.js:776
[ 1796445ms] [LOG] [Fast Refresh] done in 16ms @ http://localhost:3000/_next/static/chunks/node_modules_next_dist_1e8vcs8._.js:776
[ 1796509ms] [LOG] [Fast Refresh] done in 16ms @ http://localhost:3000/_next/static/chunks/node_modules_next_dist_1e8vcs8._.js:776
[ 1796572ms] [LOG] [Fast Refresh] done in 16ms @ http://localhost:3000/_next/static/chunks/node_modules_next_dist_1e8vcs8._.js:776
[ 1796635ms] [LOG] [Fast Refresh] done in 16ms @ http://localhost:3000/_next/static/chunks/node_modules_next_dist_1e8vcs8._.js:776
[ 1796698ms] [LOG] [Fast Refresh] done in 16ms @ http://localhost:3000/_next/static/chunks/node_modules_next_dist_1e8vcs8._.js:776
[ 1796761ms] [LOG] [Fast Refresh] done in 16ms @ http://localhost:3000/_next/static/chunks/node_modules_next_dist_1e8vcs8._.js:776
[ 1796823ms] [LOG] [Fast Refresh] done in 16ms @ http://localhost:3000/_next/static/chunks/node_modules_next_dist_1e8vcs8._.js:776
[ 1796886ms] [LOG] [Fast Refresh] done in 16ms @ http://localhost:3000/_next/static/chunks/node_modules_next_dist_1e8vcs8._.js:776
[ 1796948ms] [LOG] [Fast Refresh] done in 16ms @ http://localhost:3000/_next/static/chunks/node_modules_next_dist_1e8vcs8._.js:776
[ 1797013ms] [LOG] [Fast Refresh] done in 16ms @ http://localhost:3000/_next/static/chunks/node_modules_next_dist_1e8vcs8._.js:776
[ 1797073ms] [LOG] [Fast Refresh] done in 16ms @ http://localhost:3000/_next/static/chunks/node_modules_next_dist_1e8vcs8._.js:776
[ 1797136ms] [LOG] [Fast Refresh] done in 16ms @ http://localhost:3000/_next/static/chunks/node_modules_next_dist_1e8vcs8._.js:776
[ 1797199ms] [LOG] [Fast Refresh] done in 16ms @ http://localhost:3000/_next/static/chunks/node_modules_next_dist_1e8vcs8._.js:776
[ 1797261ms] [LOG] [Fast Refresh] done in 16ms @ http://localhost:3000/_next/static/chunks/node_modules_next_dist_1e8vcs8._.js:776
[ 1797323ms] [LOG] [Fast Refresh] done in 16ms @ http://localhost:3000/_next/static/chunks/node_modules_next_dist_1e8vcs8._.js:776
[ 1797385ms] [LOG] [Fast Refresh] done in 16ms @ http://localhost:3000/_next/static/chunks/node_modules_next_dist_1e8vcs8._.js:776
[ 1797447ms] [LOG] [Fast Refresh] done in 16ms @ http://localhost:3000/_next/static/chunks/node_modules_next_dist_1e8vcs8._.js:776
[ 1797509ms] [LOG] [Fast Refresh] done in 16ms @ http://localhost:3000/_next/static/chunks/node_modules_next_dist_1e8vcs8._.js:776
[ 1797572ms] [LOG] [Fast Refresh] done in 16ms @ http://localhost:3000/_next/static/chunks/node_modules_next_dist_1e8vcs8._.js:776
[ 1797635ms] [LOG] [Fast Refresh] done in 16ms @ http://localhost:3000/_next/static/chunks/node_modules_next_dist_1e8vcs8._.js:776
[ 1797701ms] [LOG] [Fast Refresh] done in 16ms @ http://localhost:3000/_next/static/chunks/node_modules_next_dist_1e8vcs8._.js:776
[ 1797762ms] [LOG] [Fast Refresh] done in 16ms @ http://localhost:3000/_next/static/chunks/node_modules_next_dist_1e8vcs8._.js:776
[ 1797825ms] [LOG] [Fast Refresh] done in 16ms @ http://localhost:3000/_next/static/chunks/node_modules_next_dist_1e8vcs8._.js:776
[ 1797887ms] [LOG] [Fast Refresh] done in 16ms @ http://localhost:3000/_next/static/chunks/node_modules_next_dist_1e8vcs8._.js:776
[ 1797949ms] [LOG] [Fast Refresh] done in 16ms @ http://localhost:3000/_next/static/chunks/node_modules_next_dist_1e8vcs8._.js:776
[ 1798012ms] [LOG] [Fast Refresh] done in 16ms @ http://localhost:3000/_next/static/chunks/node_modules_next_dist_1e8vcs8._.js:776
[ 1798075ms] [LOG] [Fast Refresh] done in 16ms @ http://localhost:3000/_next/static/chunks/node_modules_next_dist_1e8vcs8._.js:776
[ 1798137ms] [LOG] [Fast Refresh] done in 16ms @ http://localhost:3000/_next/static/chunks/node_modules_next_dist_1e8vcs8._.js:776
[ 1798199ms] [LOG] [Fast Refresh] done in 16ms @ http://localhost:3000/_next/static/chunks/node_modules_next_dist_1e8vcs8._.js:776
[ 1798260ms] [LOG] [Fast Refresh] done in 16ms @ http://localhost:3000/_next/static/chunks/node_modules_next_dist_1e8vcs8._.js:776
[ 1798322ms] [LOG] [Fast Refresh] done in 16ms @ http://localhost:3000/_next/static/chunks/node_modules_next_dist_1e8vcs8._.js:776
[ 1798384ms] [LOG] [Fast Refresh] done in 16ms @ http://localhost:3000/_next/static/chunks/node_modules_next_dist_1e8vcs8._.js:776
[ 1798448ms] [LOG] [Fast Refresh] done in 16ms @ http://localhost:3000/_next/static/chunks/node_modules_next_dist_1e8vcs8._.js:776
[ 1798510ms] [LOG] [Fast Refresh] done in 16ms @ http://localhost:3000/_next/static/chunks/node_modules_next_dist_1e8vcs8._.js:776
[ 1798573ms] [LOG] [Fast Refresh] done in 16ms @ http://localhost:3000/_next/static/chunks/node_modules_next_dist_1e8vcs8._.js:776
[ 1798636ms] [LOG] [Fast Refresh] done in 16ms @ http://localhost:3000/_next/static/chunks/node_modules_next_dist_1e8vcs8._.js:776
[ 1798699ms] [LOG] [Fast Refresh] done in 16ms @ http://localhost:3000/_next/static/chunks/node_modules_next_dist_1e8vcs8._.js:776
[ 1798763ms] [LOG] [Fast Refresh] done in 16ms @ http://localhost:3000/_next/static/chunks/node_modules_next_dist_1e8vcs8._.js:776
[ 1798823ms] [LOG] [Fast Refresh] done in 16ms @ http://localhost:3000/_next/static/chunks/node_modules_next_dist_1e8vcs8._.js:776
[ 1798885ms] [LOG] [Fast Refresh] done in 16ms @ http://localhost:3000/_next/static/chunks/node_modules_next_dist_1e8vcs8._.js:776
[ 1798948ms] [LOG] [Fast Refresh] done in 16ms @ http://localhost:3000/_next/static/chunks/node_modules_next_dist_1e8vcs8._.js:776
[ 1799011ms] [LOG] [Fast Refresh] done in 16ms @ http://localhost:3000/_next/static/chunks/node_modules_next_dist_1e8vcs8._.js:776
[ 1799074ms] [LOG] [Fast Refresh] done in 16ms @ http://localhost:3000/_next/static/chunks/node_modules_next_dist_1e8vcs8._.js:776
[ 1799135ms] [LOG] [Fast Refresh] done in 16ms @ http://localhost:3000/_next/static/chunks/node_modules_next_dist_1e8vcs8._.js:776
[ 1799199ms] [LOG] [Fast Refresh] done in 16ms @ http://localhost:3000/_next/static/chunks/node_modules_next_dist_1e8vcs8._.js:776
[ 1799261ms] [LOG] [Fast Refresh] done in 16ms @ http://localhost:3000/_next/static/chunks/node_modules_next_dist_1e8vcs8._.js:776
[ 1799324ms] [LOG] [Fast Refresh] done in 16ms @ http://localhost:3000/_next/static/chunks/node_modules_next_dist_1e8vcs8._.js:776
[ 1799387ms] [LOG] [Fast Refresh] done in 16ms @ http://localhost:3000/_next/static/chunks/node_modules_next_dist_1e8vcs8._.js:776
[ 1799449ms] [LOG] [Fast Refresh] done in 16ms @ http://localhost:3000/_next/static/chunks/node_modules_next_dist_1e8vcs8._.js:776
[ 1799511ms] [LOG] [Fast Refresh] done in 16ms @ http://localhost:3000/_next/static/chunks/node_modules_next_dist_1e8vcs8._.js:776
[ 1799574ms] [LOG] [Fast Refresh] done in 16ms @ http://localhost:3000/_next/static/chunks/node_modules_next_dist_1e8vcs8._.js:776
[ 1799637ms] [LOG] [Fast Refresh] done in 16ms @ http://localhost:3000/_next/static/chunks/node_modules_next_dist_1e8vcs8._.js:776
[ 1799700ms] [LOG] [Fast Refresh] done in 16ms @ http://localhost:3000/_next/static/chunks/node_modules_next_dist_1e8vcs8._.js:776
[ 1799763ms] [LOG] [Fast Refresh] done in 16ms @ http://localhost:3000/_next/static/chunks/node_modules_next_dist_1e8vcs8._.js:776
[ 1799825ms] [LOG] [Fast Refresh] done in 16ms @ http://localhost:3000/_next/static/chunks/node_modules_next_dist_1e8vcs8._.js:776
[ 1799888ms] [LOG] [Fast Refresh] done in 16ms @ http://localhost:3000/_next/static/chunks/node_modules_next_dist_1e8vcs8._.js:776
[ 1799952ms] [LOG] [Fast Refresh] done in 16ms @ http://localhost:3000/_next/static/chunks/node_modules_next_dist_1e8vcs8._.js:776
[ 1800015ms] [LOG] [Fast Refresh] done in 16ms @ http://localhost:3000/_next/static/chunks/node_modules_next_dist_1e8vcs8._.js:776
[ 1800077ms] [LOG] [Fast Refresh] done in 16ms @ http://localhost:3000/_next/static/chunks/node_modules_next_dist_1e8vcs8._.js:776
[ 1800140ms] [LOG] [Fast Refresh] done in 16ms @ http://localhost:3000/_next/static/chunks/node_modules_next_dist_1e8vcs8._.js:776
[ 1800203ms] [LOG] [Fast Refresh] done in 16ms @ http://localhost:3000/_next/static/chunks/node_modules_next_dist_1e8vcs8._.js:776
[ 1800266ms] [LOG] [Fast Refresh] done in 16ms @ http://localhost:3000/_next/static/chunks/node_modules_next_dist_1e8vcs8._.js:776
[ 1800328ms] [LOG] [Fast Refresh] done in 16ms @ http://localhost:3000/_next/static/chunks/node_modules_next_dist_1e8vcs8._.js:776
[ 1800390ms] [LOG] [Fast Refresh] done in 16ms @ http://localhost:3000/_next/static/chunks/node_modules_next_dist_1e8vcs8._.js:776
[ 1800454ms] [LOG] [Fast Refresh] done in 16ms @ http://localhost:3000/_next/static/chunks/node_modules_next_dist_1e8vcs8._.js:776
[ 1800516ms] [LOG] [Fast Refresh] done in 16ms @ http://localhost:3000/_next/static/chunks/node_modules_next_dist_1e8vcs8._.js:776
[ 1800580ms] [LOG] [Fast Refresh] done in 16ms @ http://localhost:3000/_next/static/chunks/node_modules_next_dist_1e8vcs8._.js:776
[ 1800641ms] [LOG] [Fast Refresh] done in 16ms @ http://localhost:3000/_next/static/chunks/node_modules_next_dist_1e8vcs8._.js:776
[ 1800704ms] [LOG] [Fast Refresh] done in 16ms @ http://localhost:3000/_next/static/chunks/node_modules_next_dist_1e8vcs8._.js:776
[ 1800765ms] [LOG] [Fast Refresh] done in 16ms @ http://localhost:3000/_next/static/chunks/node_modules_next_dist_1e8vcs8._.js:776
[ 1800828ms] [LOG] [Fast Refresh] done in 16ms @ http://localhost:3000/_next/static/chunks/node_modules_next_dist_1e8vcs8._.js:776
[ 1800890ms] [LOG] [Fast Refresh] done in 16ms @ http://localhost:3000/_next/static/chunks/node_modules_next_dist_1e8vcs8._.js:776
[ 1800953ms] [LOG] [Fast Refresh] done in 16ms @ http://localhost:3000/_next/static/chunks/node_modules_next_dist_1e8vcs8._.js:776
[ 1801016ms] [LOG] [Fast Refresh] done in 16ms @ http://localhost:3000/_next/static/chunks/node_modules_next_dist_1e8vcs8._.js:776
[ 1801078ms] [LOG] [Fast Refresh] done in 16ms @ http://localhost:3000/_next/static/chunks/node_modules_next_dist_1e8vcs8._.js:776
[ 1801141ms] [LOG] [Fast Refresh] done in 16ms @ http://localhost:3000/_next/static/chunks/node_modules_next_dist_1e8vcs8._.js:776
[ 1801203ms] [LOG] [Fast Refresh] done in 16ms @ http://localhost:3000/_next/static/chunks/node_modules_next_dist_1e8vcs8._.js:776
[ 1801266ms] [LOG] [Fast Refresh] done in 16ms @ http://localhost:3000/_next/static/chunks/node_modules_next_dist_1e8vcs8._.js:776
[ 1801331ms] [LOG] [Fast Refresh] done in 16ms @ http://localhost:3000/_next/static/chunks/node_modules_next_dist_1e8vcs8._.js:776
[ 1801392ms] [LOG] [Fast Refresh] done in 16ms @ http://localhost:3000/_next/static/chunks/node_modules_next_dist_1e8vcs8._.js:776
[ 1801454ms] [LOG] [Fast Refresh] done in 16ms @ http://localhost:3000/_next/static/chunks/node_modules_next_dist_1e8vcs8._.js:776
[ 1801516ms] [LOG] [Fast Refresh] done in 16ms @ http://localhost:3000/_next/static/chunks/node_modules_next_dist_1e8vcs8._.js:776
[ 1801577ms] [LOG] [Fast Refresh] done in 16ms @ http://localhost:3000/_next/static/chunks/node_modules_next_dist_1e8vcs8._.js:776
[ 1801641ms] [LOG] [Fast Refresh] done in 16ms @ http://localhost:3000/_next/static/chunks/node_modules_next_dist_1e8vcs8._.js:776
[ 1801704ms] [LOG] [Fast Refresh] done in 16ms @ http://localhost:3000/_next/static/chunks/node_modules_next_dist_1e8vcs8._.js:776
[ 1801765ms] [LOG] [Fast Refresh] done in 16ms @ http://localhost:3000/_next/static/chunks/node_modules_next_dist_1e8vcs8._.js:776
[ 1801829ms] [LOG] [Fast Refresh] done in 16ms @ http://localhost:3000/_next/static/chunks/node_modules_next_dist_1e8vcs8._.js:776
[ 1801890ms] [LOG] [Fast Refresh] done in 16ms @ http://localhost:3000/_next/static/chunks/node_modules_next_dist_1e8vcs8._.js:776
[ 1801953ms] [LOG] [Fast Refresh] done in 16ms @ http://localhost:3000/_next/static/chunks/node_modules_next_dist_1e8vcs8._.js:776
[ 1802015ms] [LOG] [Fast Refresh] done in 16ms @ http://localhost:3000/_next/static/chunks/node_modules_next_dist_1e8vcs8._.js:776
[ 1802078ms] [LOG] [Fast Refresh] done in 16ms @ http://localhost:3000/_next/static/chunks/node_modules_next_dist_1e8vcs8._.js:776
[ 1802141ms] [LOG] [Fast Refresh] done in 16ms @ http://localhost:3000/_next/static/chunks/node_modules_next_dist_1e8vcs8._.js:776
[ 1802204ms] [LOG] [Fast Refresh] done in 16ms @ http://localhost:3000/_next/static/chunks/node_modules_next_dist_1e8vcs8._.js:776
[ 1802267ms] [LOG] [Fast Refresh] done in 16ms @ http://localhost:3000/_next/static/chunks/node_modules_next_dist_1e8vcs8._.js:776
[ 1802330ms] [LOG] [Fast Refresh] done in 16ms @ http://localhost:3000/_next/static/chunks/node_modules_next_dist_1e8vcs8._.js:776
[ 1802392ms] [LOG] [Fast Refresh] done in 16ms @ http://localhost:3000/_next/static/chunks/node_modules_next_dist_1e8vcs8._.js:776
[ 1802454ms] [LOG] [Fast Refresh] done in 16ms @ http://localhost:3000/_next/static/chunks/node_modules_next_dist_1e8vcs8._.js:776
[ 1802517ms] [LOG] [Fast Refresh] done in 16ms @ http://localhost:3000/_next/static/chunks/node_modules_next_dist_1e8vcs8._.js:776
[ 1802579ms] [LOG] [Fast Refresh] done in 16ms @ http://localhost:3000/_next/static/chunks/node_modules_next_dist_1e8vcs8._.js:776
[ 1802642ms] [LOG] [Fast Refresh] done in 16ms @ http://localhost:3000/_next/static/chunks/node_modules_next_dist_1e8vcs8._.js:776
[ 1802704ms] [LOG] [Fast Refresh] done in 16ms @ http://localhost:3000/_next/static/chunks/node_modules_next_dist_1e8vcs8._.js:776
[ 1802766ms] [LOG] [Fast Refresh] done in 16ms @ http://localhost:3000/_next/static/chunks/node_modules_next_dist_1e8vcs8._.js:776
[ 1802828ms] [LOG] [Fast Refresh] done in 16ms @ http://localhost:3000/_next/static/chunks/node_modules_next_dist_1e8vcs8._.js:776
[ 1802890ms] [LOG] [Fast Refresh] done in 16ms @ http://localhost:3000/_next/static/chunks/node_modules_next_dist_1e8vcs8._.js:776
[ 1802951ms] [LOG] [Fast Refresh] done in 16ms @ http://localhost:3000/_next/static/chunks/node_modules_next_dist_1e8vcs8._.js:776
[ 1803014ms] [LOG] [Fast Refresh] done in 16ms @ http://localhost:3000/_next/static/chunks/node_modules_next_dist_1e8vcs8._.js:776
[ 1803076ms] [LOG] [Fast Refresh] done in 16ms @ http://localhost:3000/_next/static/chunks/node_modules_next_dist_1e8vcs8._.js:776
[ 1803140ms] [LOG] [Fast Refresh] done in 16ms @ http://localhost:3000/_next/static/chunks/node_modules_next_dist_1e8vcs8._.js:776
[ 1803202ms] [LOG] [Fast Refresh] done in 16ms @ http://localhost:3000/_next/static/chunks/node_modules_next_dist_1e8vcs8._.js:776
[ 1803265ms] [LOG] [Fast Refresh] done in 16ms @ http://localhost:3000/_next/static/chunks/node_modules_next_dist_1e8vcs8._.js:776
[ 1803329ms] [LOG] [Fast Refresh] done in 16ms @ http://localhost:3000/_next/static/chunks/node_modules_next_dist_1e8vcs8._.js:776
[ 1803390ms] [LOG] [Fast Refresh] done in 16ms @ http://localhost:3000/_next/static/chunks/node_modules_next_dist_1e8vcs8._.js:776
[ 1803453ms] [LOG] [Fast Refresh] done in 16ms @ http://localhost:3000/_next/static/chunks/node_modules_next_dist_1e8vcs8._.js:776
[ 1803515ms] [LOG] [Fast Refresh] done in 16ms @ http://localhost:3000/_next/static/chunks/node_modules_next_dist_1e8vcs8._.js:776
[ 1803577ms] [LOG] [Fast Refresh] done in 16ms @ http://localhost:3000/_next/static/chunks/node_modules_next_dist_1e8vcs8._.js:776
[ 1803641ms] [LOG] [Fast Refresh] done in 16ms @ http://localhost:3000/_next/static/chunks/node_modules_next_dist_1e8vcs8._.js:776
[ 1803703ms] [LOG] [Fast Refresh] done in 16ms @ http://localhost:3000/_next/static/chunks/node_modules_next_dist_1e8vcs8._.js:776
[ 1803767ms] [LOG] [Fast Refresh] done in 16ms @ http://localhost:3000/_next/static/chunks/node_modules_next_dist_1e8vcs8._.js:776
[ 1803830ms] [LOG] [Fast Refresh] done in 16ms @ http://localhost:3000/_next/static/chunks/node_modules_next_dist_1e8vcs8._.js:776
[ 1803892ms] [LOG] [Fast Refresh] done in 16ms @ http://localhost:3000/_next/static/chunks/node_modules_next_dist_1e8vcs8._.js:776
[ 1803955ms] [LOG] [Fast Refresh] done in 16ms @ http://localhost:3000/_next/static/chunks/node_modules_next_dist_1e8vcs8._.js:776
[ 1804018ms] [LOG] [Fast Refresh] done in 16ms @ http://localhost:3000/_next/static/chunks/node_modules_next_dist_1e8vcs8._.js:776
[ 1804081ms] [LOG] [Fast Refresh] done in 16ms @ http://localhost:3000/_next/static/chunks/node_modules_next_dist_1e8vcs8._.js:776
[ 1804144ms] [LOG] [Fast Refresh] done in 16ms @ http://localhost:3000/_next/static/chunks/node_modules_next_dist_1e8vcs8._.js:776
[ 1804207ms] [LOG] [Fast Refresh] done in 16ms @ http://localhost:3000/_next/static/chunks/node_modules_next_dist_1e8vcs8._.js:776
[ 1804270ms] [LOG] [Fast Refresh] done in 16ms @ http://localhost:3000/_next/static/chunks/node_modules_next_dist_1e8vcs8._.js:776
[ 1804332ms] [LOG] [Fast Refresh] done in 16ms @ http://localhost:3000/_next/static/chunks/node_modules_next_dist_1e8vcs8._.js:776
[ 1804394ms] [LOG] [Fast Refresh] done in 16ms @ http://localhost:3000/_next/static/chunks/node_modules_next_dist_1e8vcs8._.js:776
[ 1804456ms] [LOG] [Fast Refresh] done in 16ms @ http://localhost:3000/_next/static/chunks/node_modules_next_dist_1e8vcs8._.js:776
[ 1804520ms] [LOG] [Fast Refresh] done in 16ms @ http://localhost:3000/_next/static/chunks/node_modules_next_dist_1e8vcs8._.js:776
[ 1804583ms] [LOG] [Fast Refresh] done in 16ms @ http://localhost:3000/_next/static/chunks/node_modules_next_dist_1e8vcs8._.js:776
[ 1804647ms] [LOG] [Fast Refresh] done in 16ms @ http://localhost:3000/_next/static/chunks/node_modules_next_dist_1e8vcs8._.js:776
[ 1804710ms] [LOG] [Fast Refresh] done in 16ms @ http://localhost:3000/_next/static/chunks/node_modules_next_dist_1e8vcs8._.js:776
[ 1804772ms] [LOG] [Fast Refresh] done in 16ms @ http://localhost:3000/_next/static/chunks/node_modules_next_dist_1e8vcs8._.js:776
[ 1804835ms] [LOG] [Fast Refresh] done in 16ms @ http://localhost:3000/_next/static/chunks/node_modules_next_dist_1e8vcs8._.js:776
[ 1804898ms] [LOG] [Fast Refresh] done in 16ms @ http://localhost:3000/_next/static/chunks/node_modules_next_dist_1e8vcs8._.js:776
[ 1804959ms] [LOG] [Fast Refresh] done in 16ms @ http://localhost:3000/_next/static/chunks/node_modules_next_dist_1e8vcs8._.js:776
[ 1805021ms] [LOG] [Fast Refresh] done in 16ms @ http://localhost:3000/_next/static/chunks/node_modules_next_dist_1e8vcs8._.js:776
[ 1805084ms] [LOG] [Fast Refresh] done in 16ms @ http://localhost:3000/_next/static/chunks/node_modules_next_dist_1e8vcs8._.js:776
[ 1805147ms] [LOG] [Fast Refresh] done in 16ms @ http://localhost:3000/_next/static/chunks/node_modules_next_dist_1e8vcs8._.js:776
[ 1805209ms] [LOG] [Fast Refresh] done in 16ms @ http://localhost:3000/_next/static/chunks/node_modules_next_dist_1e8vcs8._.js:776
[ 1805271ms] [LOG] [Fast Refresh] done in 16ms @ http://localhost:3000/_next/static/chunks/node_modules_next_dist_1e8vcs8._.js:776
[ 1805332ms] [LOG] [Fast Refresh] done in 16ms @ http://localhost:3000/_next/static/chunks/node_modules_next_dist_1e8vcs8._.js:776
[ 1805394ms] [LOG] [Fast Refresh] done in 16ms @ http://localhost:3000/_next/static/chunks/node_modules_next_dist_1e8vcs8._.js:776
[ 1805455ms] [LOG] [Fast Refresh] done in 16ms @ http://localhost:3000/_next/static/chunks/node_modules_next_dist_1e8vcs8._.js:776
[ 1805516ms] [LOG] [Fast Refresh] done in 16ms @ http://localhost:3000/_next/static/chunks/node_modules_next_dist_1e8vcs8._.js:776
[ 1805581ms] [LOG] [Fast Refresh] done in 16ms @ http://localhost:3000/_next/static/chunks/node_modules_next_dist_1e8vcs8._.js:776
[ 1805639ms] [LOG] [Fast Refresh] done in 16ms @ http://localhost:3000/_next/static/chunks/node_modules_next_dist_1e8vcs8._.js:776
[ 1805702ms] [LOG] [Fast Refresh] done in 16ms @ http://localhost:3000/_next/static/chunks/node_modules_next_dist_1e8vcs8._.js:776
[ 1805765ms] [LOG] [Fast Refresh] done in 16ms @ http://localhost:3000/_next/static/chunks/node_modules_next_dist_1e8vcs8._.js:776
[ 1805827ms] [LOG] [Fast Refresh] done in 16ms @ http://localhost:3000/_next/static/chunks/node_modules_next_dist_1e8vcs8._.js:776
[ 1805891ms] [LOG] [Fast Refresh] done in 16ms @ http://localhost:3000/_next/static/chunks/node_modules_next_dist_1e8vcs8._.js:776
[ 1805955ms] [LOG] [Fast Refresh] done in 16ms @ http://localhost:3000/_next/static/chunks/node_modules_next_dist_1e8vcs8._.js:776
[ 1806015ms] [LOG] [Fast Refresh] done in 16ms @ http://localhost:3000/_next/static/chunks/node_modules_next_dist_1e8vcs8._.js:776
[ 1806077ms] [LOG] [Fast Refresh] done in 16ms @ http://localhost:3000/_next/static/chunks/node_modules_next_dist_1e8vcs8._.js:776
[ 1806139ms] [LOG] [Fast Refresh] done in 16ms @ http://localhost:3000/_next/static/chunks/node_modules_next_dist_1e8vcs8._.js:776
[ 1806201ms] [LOG] [Fast Refresh] done in 16ms @ http://localhost:3000/_next/static/chunks/node_modules_next_dist_1e8vcs8._.js:776
[ 1806264ms] [LOG] [Fast Refresh] done in 16ms @ http://localhost:3000/_next/static/chunks/node_modules_next_dist_1e8vcs8._.js:776
[ 1806326ms] [LOG] [Fast Refresh] done in 16ms @ http://localhost:3000/_next/static/chunks/node_modules_next_dist_1e8vcs8._.js:776
[ 1806390ms] [LOG] [Fast Refresh] done in 16ms @ http://localhost:3000/_next/static/chunks/node_modules_next_dist_1e8vcs8._.js:776
[ 1806451ms] [LOG] [Fast Refresh] done in 16ms @ http://localhost:3000/_next/static/chunks/node_modules_next_dist_1e8vcs8._.js:776
[ 1806514ms] [LOG] [Fast Refresh] done in 16ms @ http://localhost:3000/_next/static/chunks/node_modules_next_dist_1e8vcs8._.js:776
[ 1806577ms] [LOG] [Fast Refresh] done in 16ms @ http://localhost:3000/_next/static/chunks/node_modules_next_dist_1e8vcs8._.js:776
[ 1806638ms] [LOG] [Fast Refresh] done in 16ms @ http://localhost:3000/_next/static/chunks/node_modules_next_dist_1e8vcs8._.js:776
[ 1806700ms] [LOG] [Fast Refresh] done in 16ms @ http://localhost:3000/_next/static/chunks/node_modules_next_dist_1e8vcs8._.js:776
[ 1806763ms] [LOG] [Fast Refresh] done in 16ms @ http://localhost:3000/_next/static/chunks/node_modules_next_dist_1e8vcs8._.js:776
[ 1806824ms] [LOG] [Fast Refresh] done in 16ms @ http://localhost:3000/_next/static/chunks/node_modules_next_dist_1e8vcs8._.js:776
[ 1806887ms] [LOG] [Fast Refresh] done in 16ms @ http://localhost:3000/_next/static/chunks/node_modules_next_dist_1e8vcs8._.js:776
[ 1806950ms] [LOG] [Fast Refresh] done in 16ms @ http://localhost:3000/_next/static/chunks/node_modules_next_dist_1e8vcs8._.js:776
[ 1807013ms] [LOG] [Fast Refresh] done in 16ms @ http://localhost:3000/_next/static/chunks/node_modules_next_dist_1e8vcs8._.js:776
[ 1807074ms] [LOG] [Fast Refresh] done in 16ms @ http://localhost:3000/_next/static/chunks/node_modules_next_dist_1e8vcs8._.js:776
[ 1807136ms] [LOG] [Fast Refresh] done in 16ms @ http://localhost:3000/_next/static/chunks/node_modules_next_dist_1e8vcs8._.js:776
[ 1807199ms] [LOG] [Fast Refresh] done in 16ms @ http://localhost:3000/_next/static/chunks/node_modules_next_dist_1e8vcs8._.js:776
[ 1807263ms] [LOG] [Fast Refresh] done in 16ms @ http://localhost:3000/_next/static/chunks/node_modules_next_dist_1e8vcs8._.js:776
[ 1807325ms] [LOG] [Fast Refresh] done in 16ms @ http://localhost:3000/_next/static/chunks/node_modules_next_dist_1e8vcs8._.js:776
[ 1807387ms] [LOG] [Fast Refresh] done in 16ms @ http://localhost:3000/_next/static/chunks/node_modules_next_dist_1e8vcs8._.js:776
[ 1807451ms] [LOG] [Fast Refresh] done in 16ms @ http://localhost:3000/_next/static/chunks/node_modules_next_dist_1e8vcs8._.js:776
[ 1807514ms] [LOG] [Fast Refresh] done in 16ms @ http://localhost:3000/_next/static/chunks/node_modules_next_dist_1e8vcs8._.js:776
[ 1807576ms] [LOG] [Fast Refresh] done in 16ms @ http://localhost:3000/_next/static/chunks/node_modules_next_dist_1e8vcs8._.js:776
[ 1807637ms] [LOG] [Fast Refresh] done in 16ms @ http://localhost:3000/_next/static/chunks/node_modules_next_dist_1e8vcs8._.js:776
[ 1807700ms] [LOG] [Fast Refresh] done in 16ms @ http://localhost:3000/_next/static/chunks/node_modules_next_dist_1e8vcs8._.js:776
[ 1807763ms] [LOG] [Fast Refresh] done in 16ms @ http://localhost:3000/_next/static/chunks/node_modules_next_dist_1e8vcs8._.js:776
[ 1807824ms] [LOG] [Fast Refresh] done in 16ms @ http://localhost:3000/_next/static/chunks/node_modules_next_dist_1e8vcs8._.js:776
[ 1807886ms] [LOG] [Fast Refresh] done in 16ms @ http://localhost:3000/_next/static/chunks/node_modules_next_dist_1e8vcs8._.js:776
[ 1807949ms] [LOG] [Fast Refresh] done in 16ms @ http://localhost:3000/_next/static/chunks/node_modules_next_dist_1e8vcs8._.js:776
[ 1808011ms] [LOG] [Fast Refresh] done in 16ms @ http://localhost:3000/_next/static/chunks/node_modules_next_dist_1e8vcs8._.js:776
[ 1808074ms] [LOG] [Fast Refresh] done in 16ms @ http://localhost:3000/_next/static/chunks/node_modules_next_dist_1e8vcs8._.js:776
[ 1808136ms] [LOG] [Fast Refresh] done in 16ms @ http://localhost:3000/_next/static/chunks/node_modules_next_dist_1e8vcs8._.js:776
[ 1808199ms] [LOG] [Fast Refresh] done in 16ms @ http://localhost:3000/_next/static/chunks/node_modules_next_dist_1e8vcs8._.js:776
[ 1808263ms] [LOG] [Fast Refresh] done in 16ms @ http://localhost:3000/_next/static/chunks/node_modules_next_dist_1e8vcs8._.js:776
[ 1808324ms] [LOG] [Fast Refresh] done in 16ms @ http://localhost:3000/_next/static/chunks/node_modules_next_dist_1e8vcs8._.js:776
[ 1808387ms] [LOG] [Fast Refresh] done in 16ms @ http://localhost:3000/_next/static/chunks/node_modules_next_dist_1e8vcs8._.js:776
[ 1808449ms] [LOG] [Fast Refresh] done in 16ms @ http://localhost:3000/_next/static/chunks/node_modules_next_dist_1e8vcs8._.js:776
[ 1808512ms] [LOG] [Fast Refresh] done in 16ms @ http://localhost:3000/_next/static/chunks/node_modules_next_dist_1e8vcs8._.js:776
[ 1808575ms] [LOG] [Fast Refresh] done in 16ms @ http://localhost:3000/_next/static/chunks/node_modules_next_dist_1e8vcs8._.js:776
[ 1808642ms] [LOG] [Fast Refresh] done in 16ms @ http://localhost:3000/_next/static/chunks/node_modules_next_dist_1e8vcs8._.js:776
[ 1808701ms] [LOG] [Fast Refresh] done in 16ms @ http://localhost:3000/_next/static/chunks/node_modules_next_dist_1e8vcs8._.js:776
[ 1808764ms] [LOG] [Fast Refresh] done in 16ms @ http://localhost:3000/_next/static/chunks/node_modules_next_dist_1e8vcs8._.js:776
[ 1808827ms] [LOG] [Fast Refresh] done in 16ms @ http://localhost:3000/_next/static/chunks/node_modules_next_dist_1e8vcs8._.js:776
[ 1808890ms] [LOG] [Fast Refresh] done in 16ms @ http://localhost:3000/_next/static/chunks/node_modules_next_dist_1e8vcs8._.js:776
[ 1808954ms] [LOG] [Fast Refresh] done in 16ms @ http://localhost:3000/_next/static/chunks/node_modules_next_dist_1e8vcs8._.js:776
[ 1809016ms] [LOG] [Fast Refresh] done in 16ms @ http://localhost:3000/_next/static/chunks/node_modules_next_dist_1e8vcs8._.js:776
[ 1809078ms] [LOG] [Fast Refresh] done in 16ms @ http://localhost:3000/_next/static/chunks/node_modules_next_dist_1e8vcs8._.js:776
[ 1809140ms] [LOG] [Fast Refresh] done in 16ms @ http://localhost:3000/_next/static/chunks/node_modules_next_dist_1e8vcs8._.js:776
[ 1809202ms] [LOG] [Fast Refresh] done in 16ms @ http://localhost:3000/_next/static/chunks/node_modules_next_dist_1e8vcs8._.js:776
[ 1809266ms] [LOG] [Fast Refresh] done in 16ms @ http://localhost:3000/_next/static/chunks/node_modules_next_dist_1e8vcs8._.js:776
[ 1809329ms] [LOG] [Fast Refresh] done in 16ms @ http://localhost:3000/_next/static/chunks/node_modules_next_dist_1e8vcs8._.js:776
[ 1809391ms] [LOG] [Fast Refresh] done in 16ms @ http://localhost:3000/_next/static/chunks/node_modules_next_dist_1e8vcs8._.js:776
[ 1809453ms] [LOG] [Fast Refresh] done in 16ms @ http://localhost:3000/_next/static/chunks/node_modules_next_dist_1e8vcs8._.js:776
[ 1809515ms] [LOG] [Fast Refresh] done in 16ms @ http://localhost:3000/_next/static/chunks/node_modules_next_dist_1e8vcs8._.js:776
[ 1809578ms] [LOG] [Fast Refresh] done in 16ms @ http://localhost:3000/_next/static/chunks/node_modules_next_dist_1e8vcs8._.js:776
[ 1809641ms] [LOG] [Fast Refresh] done in 16ms @ http://localhost:3000/_next/static/chunks/node_modules_next_dist_1e8vcs8._.js:776
[ 1809703ms] [LOG] [Fast Refresh] done in 16ms @ http://localhost:3000/_next/static/chunks/node_modules_next_dist_1e8vcs8._.js:776
[ 1809765ms] [LOG] [Fast Refresh] done in 16ms @ http://localhost:3000/_next/static/chunks/node_modules_next_dist_1e8vcs8._.js:776
[ 1809826ms] [LOG] [Fast Refresh] done in 16ms @ http://localhost:3000/_next/static/chunks/node_modules_next_dist_1e8vcs8._.js:776
[ 1809890ms] [LOG] [Fast Refresh] done in 16ms @ http://localhost:3000/_next/static/chunks/node_modules_next_dist_1e8vcs8._.js:776
[ 1809952ms] [LOG] [Fast Refresh] done in 16ms @ http://localhost:3000/_next/static/chunks/node_modules_next_dist_1e8vcs8._.js:776
[ 1810015ms] [LOG] [Fast Refresh] done in 16ms @ http://localhost:3000/_next/static/chunks/node_modules_next_dist_1e8vcs8._.js:776
[ 1810079ms] [LOG] [Fast Refresh] done in 16ms @ http://localhost:3000/_next/static/chunks/node_modules_next_dist_1e8vcs8._.js:776
[ 1810142ms] [LOG] [Fast Refresh] done in 16ms @ http://localhost:3000/_next/static/chunks/node_modules_next_dist_1e8vcs8._.js:776
[ 1810204ms] [LOG] [Fast Refresh] done in 16ms @ http://localhost:3000/_next/static/chunks/node_modules_next_dist_1e8vcs8._.js:776
[ 1810265ms] [LOG] [Fast Refresh] done in 16ms @ http://localhost:3000/_next/static/chunks/node_modules_next_dist_1e8vcs8._.js:776
[ 1810329ms] [LOG] [Fast Refresh] done in 16ms @ http://localhost:3000/_next/static/chunks/node_modules_next_dist_1e8vcs8._.js:776
[ 1810390ms] [LOG] [Fast Refresh] done in 16ms @ http://localhost:3000/_next/static/chunks/node_modules_next_dist_1e8vcs8._.js:776
[ 1810452ms] [LOG] [Fast Refresh] done in 16ms @ http://localhost:3000/_next/static/chunks/node_modules_next_dist_1e8vcs8._.js:776
[ 1810515ms] [LOG] [Fast Refresh] done in 16ms @ http://localhost:3000/_next/static/chunks/node_modules_next_dist_1e8vcs8._.js:776
[ 1810576ms] [LOG] [Fast Refresh] done in 16ms @ http://localhost:3000/_next/static/chunks/node_modules_next_dist_1e8vcs8._.js:776
[ 1810639ms] [LOG] [Fast Refresh] done in 16ms @ http://localhost:3000/_next/static/chunks/node_modules_next_dist_1e8vcs8._.js:776
[ 1810701ms] [LOG] [Fast Refresh] done in 16ms @ http://localhost:3000/_next/static/chunks/node_modules_next_dist_1e8vcs8._.js:776
[ 1810764ms] [LOG] [Fast Refresh] done in 16ms @ http://localhost:3000/_next/static/chunks/node_modules_next_dist_1e8vcs8._.js:776
[ 1810826ms] [LOG] [Fast Refresh] done in 16ms @ http://localhost:3000/_next/static/chunks/node_modules_next_dist_1e8vcs8._.js:776
[ 1810887ms] [LOG] [Fast Refresh] done in 16ms @ http://localhost:3000/_next/static/chunks/node_modules_next_dist_1e8vcs8._.js:776
[ 1810949ms] [LOG] [Fast Refresh] done in 16ms @ http://localhost:3000/_next/static/chunks/node_modules_next_dist_1e8vcs8._.js:776
[ 1811010ms] [LOG] [Fast Refresh] done in 16ms @ http://localhost:3000/_next/static/chunks/node_modules_next_dist_1e8vcs8._.js:776
[ 1811072ms] [LOG] [Fast Refresh] done in 16ms @ http://localhost:3000/_next/static/chunks/node_modules_next_dist_1e8vcs8._.js:776
[ 1811135ms] [LOG] [Fast Refresh] done in 16ms @ http://localhost:3000/_next/static/chunks/node_modules_next_dist_1e8vcs8._.js:776
[ 1811198ms] [LOG] [Fast Refresh] done in 16ms @ http://localhost:3000/_next/static/chunks/node_modules_next_dist_1e8vcs8._.js:776
[ 1811260ms] [LOG] [Fast Refresh] done in 16ms @ http://localhost:3000/_next/static/chunks/node_modules_next_dist_1e8vcs8._.js:776
[ 1811324ms] [LOG] [Fast Refresh] done in 16ms @ http://localhost:3000/_next/static/chunks/node_modules_next_dist_1e8vcs8._.js:776
[ 1811385ms] [LOG] [Fast Refresh] done in 16ms @ http://localhost:3000/_next/static/chunks/node_modules_next_dist_1e8vcs8._.js:776
[ 1811447ms] [LOG] [Fast Refresh] done in 16ms @ http://localhost:3000/_next/static/chunks/node_modules_next_dist_1e8vcs8._.js:776
[ 1811511ms] [LOG] [Fast Refresh] done in 16ms @ http://localhost:3000/_next/static/chunks/node_modules_next_dist_1e8vcs8._.js:776
[ 1811574ms] [LOG] [Fast Refresh] done in 16ms @ http://localhost:3000/_next/static/chunks/node_modules_next_dist_1e8vcs8._.js:776
[ 1811636ms] [LOG] [Fast Refresh] done in 16ms @ http://localhost:3000/_next/static/chunks/node_modules_next_dist_1e8vcs8._.js:776
[ 1811699ms] [LOG] [Fast Refresh] done in 16ms @ http://localhost:3000/_next/static/chunks/node_modules_next_dist_1e8vcs8._.js:776
[ 1811764ms] [LOG] [Fast Refresh] done in 16ms @ http://localhost:3000/_next/static/chunks/node_modules_next_dist_1e8vcs8._.js:776
[ 1811823ms] [LOG] [Fast Refresh] done in 16ms @ http://localhost:3000/_next/static/chunks/node_modules_next_dist_1e8vcs8._.js:776
[ 1811887ms] [LOG] [Fast Refresh] done in 16ms @ http://localhost:3000/_next/static/chunks/node_modules_next_dist_1e8vcs8._.js:776
[ 1811965ms] [LOG] [Fast Refresh] done in 16ms @ http://localhost:3000/_next/static/chunks/node_modules_next_dist_1e8vcs8._.js:776
[ 1812027ms] [LOG] [Fast Refresh] done in 16ms @ http://localhost:3000/_next/static/chunks/node_modules_next_dist_1e8vcs8._.js:776
[ 1812089ms] [LOG] [Fast Refresh] done in 16ms @ http://localhost:3000/_next/static/chunks/node_modules_next_dist_1e8vcs8._.js:776
[ 1812150ms] [LOG] [Fast Refresh] done in 16ms @ http://localhost:3000/_next/static/chunks/node_modules_next_dist_1e8vcs8._.js:776
[ 1812214ms] [LOG] [Fast Refresh] done in 16ms @ http://localhost:3000/_next/static/chunks/node_modules_next_dist_1e8vcs8._.js:776
[ 1812276ms] [LOG] [Fast Refresh] done in 16ms @ http://localhost:3000/_next/static/chunks/node_modules_next_dist_1e8vcs8._.js:776
[ 1812370ms] [LOG] [Fast Refresh] done in 16ms @ http://localhost:3000/_next/static/chunks/node_modules_next_dist_1e8vcs8._.js:776
[ 1812433ms] [LOG] [Fast Refresh] done in 16ms @ http://localhost:3000/_next/static/chunks/node_modules_next_dist_1e8vcs8._.js:776
[ 1812496ms] [LOG] [Fast Refresh] done in 16ms @ http://localhost:3000/_next/static/chunks/node_modules_next_dist_1e8vcs8._.js:776
[ 1812560ms] [LOG] [Fast Refresh] done in 16ms @ http://localhost:3000/_next/static/chunks/node_modules_next_dist_1e8vcs8._.js:776
[ 1812622ms] [LOG] [Fast Refresh] done in 16ms @ http://localhost:3000/_next/static/chunks/node_modules_next_dist_1e8vcs8._.js:776
[ 1812682ms] [LOG] [Fast Refresh] done in 16ms @ http://localhost:3000/_next/static/chunks/node_modules_next_dist_1e8vcs8._.js:776
[ 1812745ms] [LOG] [Fast Refresh] done in 16ms @ http://localhost:3000/_next/static/chunks/node_modules_next_dist_1e8vcs8._.js:776
[ 1812807ms] [LOG] [Fast Refresh] done in 16ms @ http://localhost:3000/_next/static/chunks/node_modules_next_dist_1e8vcs8._.js:776
[ 1812869ms] [LOG] [Fast Refresh] done in 16ms @ http://localhost:3000/_next/static/chunks/node_modules_next_dist_1e8vcs8._.js:776
[ 1812931ms] [LOG] [Fast Refresh] done in 16ms @ http://localhost:3000/_next/static/chunks/node_modules_next_dist_1e8vcs8._.js:776
[ 1812998ms] [LOG] [Fast Refresh] done in 16ms @ http://localhost:3000/_next/static/chunks/node_modules_next_dist_1e8vcs8._.js:776
[ 1813087ms] [LOG] [Fast Refresh] done in 16ms @ http://localhost:3000/_next/static/chunks/node_modules_next_dist_1e8vcs8._.js:776
[ 1813151ms] [LOG] [Fast Refresh] done in 16ms @ http://localhost:3000/_next/static/chunks/node_modules_next_dist_1e8vcs8._.js:776
[ 1813214ms] [LOG] [Fast Refresh] done in 16ms @ http://localhost:3000/_next/static/chunks/node_modules_next_dist_1e8vcs8._.js:776
[ 1813276ms] [LOG] [Fast Refresh] done in 16ms @ http://localhost:3000/_next/static/chunks/node_modules_next_dist_1e8vcs8._.js:776
[ 1813343ms] [LOG] [Fast Refresh] done in 16ms @ http://localhost:3000/_next/static/chunks/node_modules_next_dist_1e8vcs8._.js:776
[ 1813455ms] [LOG] [Fast Refresh] done in 16ms @ http://localhost:3000/_next/static/chunks/node_modules_next_dist_1e8vcs8._.js:776
[ 1813534ms] [LOG] [Fast Refresh] done in 16ms @ http://localhost:3000/_next/static/chunks/node_modules_next_dist_1e8vcs8._.js:776
[ 1813605ms] [LOG] [Fast Refresh] done in 16ms @ http://localhost:3000/_next/static/chunks/node_modules_next_dist_1e8vcs8._.js:776
[ 1813666ms] [LOG] [Fast Refresh] done in 16ms @ http://localhost:3000/_next/static/chunks/node_modules_next_dist_1e8vcs8._.js:776
[ 1813727ms] [LOG] [Fast Refresh] done in 16ms @ http://localhost:3000/_next/static/chunks/node_modules_next_dist_1e8vcs8._.js:776
[ 1813790ms] [LOG] [Fast Refresh] done in 16ms @ http://localhost:3000/_next/static/chunks/node_modules_next_dist_1e8vcs8._.js:776
[ 1813852ms] [LOG] [Fast Refresh] done in 16ms @ http://localhost:3000/_next/static/chunks/node_modules_next_dist_1e8vcs8._.js:776
[ 1813916ms] [LOG] [Fast Refresh] done in 16ms @ http://localhost:3000/_next/static/chunks/node_modules_next_dist_1e8vcs8._.js:776
[ 1813978ms] [LOG] [Fast Refresh] done in 16ms @ http://localhost:3000/_next/static/chunks/node_modules_next_dist_1e8vcs8._.js:776
[ 1814040ms] [LOG] [Fast Refresh] done in 16ms @ http://localhost:3000/_next/static/chunks/node_modules_next_dist_1e8vcs8._.js:776
[ 1814105ms] [LOG] [Fast Refresh] done in 16ms @ http://localhost:3000/_next/static/chunks/node_modules_next_dist_1e8vcs8._.js:776
[ 1814171ms] [LOG] [Fast Refresh] done in 16ms @ http://localhost:3000/_next/static/chunks/node_modules_next_dist_1e8vcs8._.js:776
[ 1814227ms] [LOG] [Fast Refresh] done in 16ms @ http://localhost:3000/_next/static/chunks/node_modules_next_dist_1e8vcs8._.js:776
[ 1814288ms] [LOG] [Fast Refresh] done in 16ms @ http://localhost:3000/_next/static/chunks/node_modules_next_dist_1e8vcs8._.js:776
[ 1814342ms] [LOG] [Fast Refresh] done in 16ms @ http://localhost:3000/_next/static/chunks/node_modules_next_dist_1e8vcs8._.js:776
[ 1814412ms] [LOG] [Fast Refresh] done in 16ms @ http://localhost:3000/_next/static/chunks/node_modules_next_dist_1e8vcs8._.js:776
[ 1814475ms] [LOG] [Fast Refresh] done in 16ms @ http://localhost:3000/_next/static/chunks/node_modules_next_dist_1e8vcs8._.js:776
[ 1814538ms] [LOG] [Fast Refresh] done in 16ms @ http://localhost:3000/_next/static/chunks/node_modules_next_dist_1e8vcs8._.js:776
[ 1814600ms] [LOG] [Fast Refresh] done in 16ms @ http://localhost:3000/_next/static/chunks/node_modules_next_dist_1e8vcs8._.js:776
[ 1814664ms] [LOG] [Fast Refresh] done in 16ms @ http://localhost:3000/_next/static/chunks/node_modules_next_dist_1e8vcs8._.js:776
[ 1814727ms] [LOG] [Fast Refresh] done in 16ms @ http://localhost:3000/_next/static/chunks/node_modules_next_dist_1e8vcs8._.js:776
[ 1814790ms] [LOG] [Fast Refresh] done in 16ms @ http://localhost:3000/_next/static/chunks/node_modules_next_dist_1e8vcs8._.js:776
[ 1814852ms] [LOG] [Fast Refresh] done in 16ms @ http://localhost:3000/_next/static/chunks/node_modules_next_dist_1e8vcs8._.js:776
[ 1814916ms] [LOG] [Fast Refresh] done in 16ms @ http://localhost:3000/_next/static/chunks/node_modules_next_dist_1e8vcs8._.js:776
[ 1814977ms] [LOG] [Fast Refresh] done in 16ms @ http://localhost:3000/_next/static/chunks/node_modules_next_dist_1e8vcs8._.js:776
[ 1815039ms] [LOG] [Fast Refresh] done in 16ms @ http://localhost:3000/_next/static/chunks/node_modules_next_dist_1e8vcs8._.js:776
[ 1815102ms] [LOG] [Fast Refresh] done in 16ms @ http://localhost:3000/_next/static/chunks/node_modules_next_dist_1e8vcs8._.js:776
[ 1815167ms] [LOG] [Fast Refresh] done in 16ms @ http://localhost:3000/_next/static/chunks/node_modules_next_dist_1e8vcs8._.js:776
[ 1815232ms] [LOG] [Fast Refresh] done in 16ms @ http://localhost:3000/_next/static/chunks/node_modules_next_dist_1e8vcs8._.js:776
[ 1815291ms] [LOG] [Fast Refresh] done in 16ms @ http://localhost:3000/_next/static/chunks/node_modules_next_dist_1e8vcs8._.js:776
[ 1815354ms] [LOG] [Fast Refresh] done in 16ms @ http://localhost:3000/_next/static/chunks/node_modules_next_dist_1e8vcs8._.js:776
[ 1815416ms] [LOG] [Fast Refresh] done in 16ms @ http://localhost:3000/_next/static/chunks/node_modules_next_dist_1e8vcs8._.js:776
[ 1815485ms] [LOG] [Fast Refresh] done in 16ms @ http://localhost:3000/_next/static/chunks/node_modules_next_dist_1e8vcs8._.js:776
[ 1815540ms] [LOG] [Fast Refresh] done in 16ms @ http://localhost:3000/_next/static/chunks/node_modules_next_dist_1e8vcs8._.js:776
[ 1815602ms] [LOG] [Fast Refresh] done in 16ms @ http://localhost:3000/_next/static/chunks/node_modules_next_dist_1e8vcs8._.js:776
[ 1815665ms] [LOG] [Fast Refresh] done in 16ms @ http://localhost:3000/_next/static/chunks/node_modules_next_dist_1e8vcs8._.js:776
[ 1815740ms] [LOG] [Fast Refresh] done in 16ms @ http://localhost:3000/_next/static/chunks/node_modules_next_dist_1e8vcs8._.js:776
[ 1815922ms] [LOG] [Fast Refresh] done in 16ms @ http://localhost:3000/_next/static/chunks/node_modules_next_dist_1e8vcs8._.js:776
[ 1815999ms] [LOG] [Fast Refresh] done in 16ms @ http://localhost:3000/_next/static/chunks/node_modules_next_dist_1e8vcs8._.js:776
[ 1816070ms] [LOG] [Fast Refresh] done in 16ms @ http://localhost:3000/_next/static/chunks/node_modules_next_dist_1e8vcs8._.js:776
[ 1816133ms] [LOG] [Fast Refresh] done in 16ms @ http://localhost:3000/_next/static/chunks/node_modules_next_dist_1e8vcs8._.js:776
[ 1816198ms] [LOG] [Fast Refresh] done in 16ms @ http://localhost:3000/_next/static/chunks/node_modules_next_dist_1e8vcs8._.js:776
[ 1816260ms] [LOG] [Fast Refresh] done in 16ms @ http://localhost:3000/_next/static/chunks/node_modules_next_dist_1e8vcs8._.js:776
[ 1816322ms] [LOG] [Fast Refresh] done in 16ms @ http://localhost:3000/_next/static/chunks/node_modules_next_dist_1e8vcs8._.js:776
[ 1816384ms] [LOG] [Fast Refresh] done in 16ms @ http://localhost:3000/_next/static/chunks/node_modules_next_dist_1e8vcs8._.js:776
[ 1816447ms] [LOG] [Fast Refresh] done in 16ms @ http://localhost:3000/_next/static/chunks/node_modules_next_dist_1e8vcs8._.js:776
[ 1816508ms] [LOG] [Fast Refresh] done in 16ms @ http://localhost:3000/_next/static/chunks/node_modules_next_dist_1e8vcs8._.js:776
[ 1816575ms] [LOG] [Fast Refresh] done in 16ms @ http://localhost:3000/_next/static/chunks/node_modules_next_dist_1e8vcs8._.js:776
[ 1816702ms] [LOG] [Fast Refresh] done in 16ms @ http://localhost:3000/_next/static/chunks/node_modules_next_dist_1e8vcs8._.js:776
[ 1817100ms] [LOG] [Fast Refresh] done in 16ms @ http://localhost:3000/_next/static/chunks/node_modules_next_dist_1e8vcs8._.js:776
[ 1817164ms] [LOG] [Fast Refresh] done in 16ms @ http://localhost:3000/_next/static/chunks/node_modules_next_dist_1e8vcs8._.js:776
[ 1817223ms] [LOG] [Fast Refresh] done in 16ms @ http://localhost:3000/_next/static/chunks/node_modules_next_dist_1e8vcs8._.js:776
[ 1817333ms] [LOG] [Fast Refresh] done in 16ms @ http://localhost:3000/_next/static/chunks/node_modules_next_dist_1e8vcs8._.js:776
[ 1817396ms] [LOG] [Fast Refresh] done in 16ms @ http://localhost:3000/_next/static/chunks/node_modules_next_dist_1e8vcs8._.js:776
[ 1817457ms] [LOG] [Fast Refresh] done in 16ms @ http://localhost:3000/_next/static/chunks/node_modules_next_dist_1e8vcs8._.js:776
[ 1817520ms] [LOG] [Fast Refresh] done in 16ms @ http://localhost:3000/_next/static/chunks/node_modules_next_dist_1e8vcs8._.js:776
[ 1817584ms] [LOG] [Fast Refresh] done in 16ms @ http://localhost:3000/_next/static/chunks/node_modules_next_dist_1e8vcs8._.js:776
[ 1817644ms] [LOG] [Fast Refresh] done in 16ms @ http://localhost:3000/_next/static/chunks/node_modules_next_dist_1e8vcs8._.js:776
[ 1817706ms] [LOG] [Fast Refresh] done in 16ms @ http://localhost:3000/_next/static/chunks/node_modules_next_dist_1e8vcs8._.js:776
[ 1817768ms] [LOG] [Fast Refresh] done in 16ms @ http://localhost:3000/_next/static/chunks/node_modules_next_dist_1e8vcs8._.js:776
[ 1817831ms] [LOG] [Fast Refresh] done in 16ms @ http://localhost:3000/_next/static/chunks/node_modules_next_dist_1e8vcs8._.js:776
[ 1817893ms] [LOG] [Fast Refresh] done in 16ms @ http://localhost:3000/_next/static/chunks/node_modules_next_dist_1e8vcs8._.js:776
[ 1817956ms] [LOG] [Fast Refresh] done in 16ms @ http://localhost:3000/_next/static/chunks/node_modules_next_dist_1e8vcs8._.js:776
[ 1818019ms] [LOG] [Fast Refresh] done in 16ms @ http://localhost:3000/_next/static/chunks/node_modules_next_dist_1e8vcs8._.js:776
[ 1818082ms] [LOG] [Fast Refresh] done in 16ms @ http://localhost:3000/_next/static/chunks/node_modules_next_dist_1e8vcs8._.js:776
[ 1818142ms] [LOG] [Fast Refresh] done in 16ms @ http://localhost:3000/_next/static/chunks/node_modules_next_dist_1e8vcs8._.js:776
[ 1818204ms] [LOG] [Fast Refresh] done in 16ms @ http://localhost:3000/_next/static/chunks/node_modules_next_dist_1e8vcs8._.js:776
[ 1818267ms] [LOG] [Fast Refresh] done in 16ms @ http://localhost:3000/_next/static/chunks/node_modules_next_dist_1e8vcs8._.js:776
[ 1818330ms] [LOG] [Fast Refresh] done in 16ms @ http://localhost:3000/_next/static/chunks/node_modules_next_dist_1e8vcs8._.js:776
[ 1818393ms] [LOG] [Fast Refresh] done in 16ms @ http://localhost:3000/_next/static/chunks/node_modules_next_dist_1e8vcs8._.js:776
[ 1818457ms] [LOG] [Fast Refresh] done in 16ms @ http://localhost:3000/_next/static/chunks/node_modules_next_dist_1e8vcs8._.js:776
[ 1818518ms] [LOG] [Fast Refresh] done in 16ms @ http://localhost:3000/_next/static/chunks/node_modules_next_dist_1e8vcs8._.js:776
[ 1818580ms] [LOG] [Fast Refresh] done in 16ms @ http://localhost:3000/_next/static/chunks/node_modules_next_dist_1e8vcs8._.js:776
[ 1818642ms] [LOG] [Fast Refresh] done in 16ms @ http://localhost:3000/_next/static/chunks/node_modules_next_dist_1e8vcs8._.js:776
[ 1818706ms] [LOG] [Fast Refresh] done in 16ms @ http://localhost:3000/_next/static/chunks/node_modules_next_dist_1e8vcs8._.js:776
[ 1818769ms] [LOG] [Fast Refresh] done in 16ms @ http://localhost:3000/_next/static/chunks/node_modules_next_dist_1e8vcs8._.js:776
[ 1818833ms] [LOG] [Fast Refresh] done in 16ms @ http://localhost:3000/_next/static/chunks/node_modules_next_dist_1e8vcs8._.js:776
[ 1818894ms] [LOG] [Fast Refresh] done in 16ms @ http://localhost:3000/_next/static/chunks/node_modules_next_dist_1e8vcs8._.js:776
[ 1818956ms] [LOG] [Fast Refresh] done in 16ms @ http://localhost:3000/_next/static/chunks/node_modules_next_dist_1e8vcs8._.js:776
[ 1819019ms] [LOG] [Fast Refresh] done in 16ms @ http://localhost:3000/_next/static/chunks/node_modules_next_dist_1e8vcs8._.js:776
[ 1819082ms] [LOG] [Fast Refresh] done in 16ms @ http://localhost:3000/_next/static/chunks/node_modules_next_dist_1e8vcs8._.js:776
[ 1819144ms] [LOG] [Fast Refresh] done in 16ms @ http://localhost:3000/_next/static/chunks/node_modules_next_dist_1e8vcs8._.js:776
[ 1819207ms] [LOG] [Fast Refresh] done in 16ms @ http://localhost:3000/_next/static/chunks/node_modules_next_dist_1e8vcs8._.js:776
[ 1819268ms] [LOG] [Fast Refresh] done in 16ms @ http://localhost:3000/_next/static/chunks/node_modules_next_dist_1e8vcs8._.js:776
[ 1819332ms] [LOG] [Fast Refresh] done in 16ms @ http://localhost:3000/_next/static/chunks/node_modules_next_dist_1e8vcs8._.js:776
[ 1819394ms] [LOG] [Fast Refresh] done in 16ms @ http://localhost:3000/_next/static/chunks/node_modules_next_dist_1e8vcs8._.js:776
[ 1819456ms] [LOG] [Fast Refresh] done in 16ms @ http://localhost:3000/_next/static/chunks/node_modules_next_dist_1e8vcs8._.js:776
[ 1819518ms] [LOG] [Fast Refresh] done in 16ms @ http://localhost:3000/_next/static/chunks/node_modules_next_dist_1e8vcs8._.js:776
[ 1819580ms] [LOG] [Fast Refresh] done in 16ms @ http://localhost:3000/_next/static/chunks/node_modules_next_dist_1e8vcs8._.js:776
[ 1819644ms] [LOG] [Fast Refresh] done in 16ms @ http://localhost:3000/_next/static/chunks/node_modules_next_dist_1e8vcs8._.js:776
[ 1819705ms] [LOG] [Fast Refresh] done in 16ms @ http://localhost:3000/_next/static/chunks/node_modules_next_dist_1e8vcs8._.js:776
[ 1819768ms] [LOG] [Fast Refresh] done in 16ms @ http://localhost:3000/_next/static/chunks/node_modules_next_dist_1e8vcs8._.js:776
[ 1819832ms] [LOG] [Fast Refresh] done in 16ms @ http://localhost:3000/_next/static/chunks/node_modules_next_dist_1e8vcs8._.js:776
[ 1819893ms] [LOG] [Fast Refresh] done in 16ms @ http://localhost:3000/_next/static/chunks/node_modules_next_dist_1e8vcs8._.js:776
[ 1819955ms] [LOG] [Fast Refresh] done in 16ms @ http://localhost:3000/_next/static/chunks/node_modules_next_dist_1e8vcs8._.js:776
[ 1820018ms] [LOG] [Fast Refresh] done in 16ms @ http://localhost:3000/_next/static/chunks/node_modules_next_dist_1e8vcs8._.js:776
[ 1820082ms] [LOG] [Fast Refresh] done in 16ms @ http://localhost:3000/_next/static/chunks/node_modules_next_dist_1e8vcs8._.js:776
[ 1820142ms] [LOG] [Fast Refresh] done in 16ms @ http://localhost:3000/_next/static/chunks/node_modules_next_dist_1e8vcs8._.js:776
[ 1820205ms] [LOG] [Fast Refresh] done in 16ms @ http://localhost:3000/_next/static/chunks/node_modules_next_dist_1e8vcs8._.js:776
[ 1820268ms] [LOG] [Fast Refresh] done in 16ms @ http://localhost:3000/_next/static/chunks/node_modules_next_dist_1e8vcs8._.js:776
[ 1820332ms] [LOG] [Fast Refresh] done in 16ms @ http://localhost:3000/_next/static/chunks/node_modules_next_dist_1e8vcs8._.js:776
[ 1820393ms] [LOG] [Fast Refresh] done in 16ms @ http://localhost:3000/_next/static/chunks/node_modules_next_dist_1e8vcs8._.js:776
[ 1820456ms] [LOG] [Fast Refresh] done in 16ms @ http://localhost:3000/_next/static/chunks/node_modules_next_dist_1e8vcs8._.js:776
[ 1820518ms] [LOG] [Fast Refresh] done in 16ms @ http://localhost:3000/_next/static/chunks/node_modules_next_dist_1e8vcs8._.js:776
[ 1820580ms] [LOG] [Fast Refresh] done in 16ms @ http://localhost:3000/_next/static/chunks/node_modules_next_dist_1e8vcs8._.js:776
[ 1820642ms] [LOG] [Fast Refresh] done in 16ms @ http://localhost:3000/_next/static/chunks/node_modules_next_dist_1e8vcs8._.js:776
[ 1820705ms] [LOG] [Fast Refresh] done in 16ms @ http://localhost:3000/_next/static/chunks/node_modules_next_dist_1e8vcs8._.js:776
[ 1820767ms] [LOG] [Fast Refresh] done in 16ms @ http://localhost:3000/_next/static/chunks/node_modules_next_dist_1e8vcs8._.js:776
[ 1820831ms] [LOG] [Fast Refresh] done in 16ms @ http://localhost:3000/_next/static/chunks/node_modules_next_dist_1e8vcs8._.js:776
[ 1820892ms] [LOG] [Fast Refresh] done in 16ms @ http://localhost:3000/_next/static/chunks/node_modules_next_dist_1e8vcs8._.js:776
[ 1820952ms] [LOG] [Fast Refresh] done in 16ms @ http://localhost:3000/_next/static/chunks/node_modules_next_dist_1e8vcs8._.js:776
[ 1821015ms] [LOG] [Fast Refresh] done in 16ms @ http://localhost:3000/_next/static/chunks/node_modules_next_dist_1e8vcs8._.js:776
[ 1821077ms] [LOG] [Fast Refresh] done in 16ms @ http://localhost:3000/_next/static/chunks/node_modules_next_dist_1e8vcs8._.js:776
[ 1821141ms] [LOG] [Fast Refresh] done in 16ms @ http://localhost:3000/_next/static/chunks/node_modules_next_dist_1e8vcs8._.js:776
[ 1821204ms] [LOG] [Fast Refresh] done in 16ms @ http://localhost:3000/_next/static/chunks/node_modules_next_dist_1e8vcs8._.js:776
[ 1821267ms] [LOG] [Fast Refresh] done in 16ms @ http://localhost:3000/_next/static/chunks/node_modules_next_dist_1e8vcs8._.js:776
[ 1821331ms] [LOG] [Fast Refresh] done in 16ms @ http://localhost:3000/_next/static/chunks/node_modules_next_dist_1e8vcs8._.js:776
[ 1821392ms] [LOG] [Fast Refresh] done in 16ms @ http://localhost:3000/_next/static/chunks/node_modules_next_dist_1e8vcs8._.js:776
[ 1821454ms] [LOG] [Fast Refresh] done in 16ms @ http://localhost:3000/_next/static/chunks/node_modules_next_dist_1e8vcs8._.js:776
[ 1821517ms] [LOG] [Fast Refresh] done in 16ms @ http://localhost:3000/_next/static/chunks/node_modules_next_dist_1e8vcs8._.js:776
[ 1821580ms] [LOG] [Fast Refresh] done in 16ms @ http://localhost:3000/_next/static/chunks/node_modules_next_dist_1e8vcs8._.js:776
[ 1821643ms] [LOG] [Fast Refresh] done in 16ms @ http://localhost:3000/_next/static/chunks/node_modules_next_dist_1e8vcs8._.js:776
[ 1821704ms] [LOG] [Fast Refresh] done in 16ms @ http://localhost:3000/_next/static/chunks/node_modules_next_dist_1e8vcs8._.js:776
[ 1821767ms] [LOG] [Fast Refresh] done in 16ms @ http://localhost:3000/_next/static/chunks/node_modules_next_dist_1e8vcs8._.js:776
[ 1821830ms] [LOG] [Fast Refresh] done in 16ms @ http://localhost:3000/_next/static/chunks/node_modules_next_dist_1e8vcs8._.js:776
[ 1821893ms] [LOG] [Fast Refresh] done in 16ms @ http://localhost:3000/_next/static/chunks/node_modules_next_dist_1e8vcs8._.js:776
[ 1821955ms] [LOG] [Fast Refresh] done in 16ms @ http://localhost:3000/_next/static/chunks/node_modules_next_dist_1e8vcs8._.js:776
[ 1822019ms] [LOG] [Fast Refresh] done in 16ms @ http://localhost:3000/_next/static/chunks/node_modules_next_dist_1e8vcs8._.js:776
[ 1822083ms] [LOG] [Fast Refresh] done in 16ms @ http://localhost:3000/_next/static/chunks/node_modules_next_dist_1e8vcs8._.js:776
[ 1822144ms] [LOG] [Fast Refresh] done in 16ms @ http://localhost:3000/_next/static/chunks/node_modules_next_dist_1e8vcs8._.js:776
[ 1822206ms] [LOG] [Fast Refresh] done in 16ms @ http://localhost:3000/_next/static/chunks/node_modules_next_dist_1e8vcs8._.js:776
[ 1822269ms] [LOG] [Fast Refresh] done in 16ms @ http://localhost:3000/_next/static/chunks/node_modules_next_dist_1e8vcs8._.js:776
[ 1822330ms] [LOG] [Fast Refresh] done in 16ms @ http://localhost:3000/_next/static/chunks/node_modules_next_dist_1e8vcs8._.js:776
[ 1822393ms] [LOG] [Fast Refresh] done in 16ms @ http://localhost:3000/_next/static/chunks/node_modules_next_dist_1e8vcs8._.js:776
[ 1822456ms] [LOG] [Fast Refresh] done in 16ms @ http://localhost:3000/_next/static/chunks/node_modules_next_dist_1e8vcs8._.js:776
[ 1822519ms] [LOG] [Fast Refresh] done in 16ms @ http://localhost:3000/_next/static/chunks/node_modules_next_dist_1e8vcs8._.js:776
[ 1822582ms] [LOG] [Fast Refresh] done in 16ms @ http://localhost:3000/_next/static/chunks/node_modules_next_dist_1e8vcs8._.js:776
[ 1822643ms] [LOG] [Fast Refresh] done in 16ms @ http://localhost:3000/_next/static/chunks/node_modules_next_dist_1e8vcs8._.js:776
[ 1822705ms] [LOG] [Fast Refresh] done in 16ms @ http://localhost:3000/_next/static/chunks/node_modules_next_dist_1e8vcs8._.js:776
[ 1822768ms] [LOG] [Fast Refresh] done in 16ms @ http://localhost:3000/_next/static/chunks/node_modules_next_dist_1e8vcs8._.js:776
[ 1822832ms] [LOG] [Fast Refresh] done in 16ms @ http://localhost:3000/_next/static/chunks/node_modules_next_dist_1e8vcs8._.js:776
[ 1822893ms] [LOG] [Fast Refresh] done in 16ms @ http://localhost:3000/_next/static/chunks/node_modules_next_dist_1e8vcs8._.js:776
[ 1822955ms] [LOG] [Fast Refresh] done in 16ms @ http://localhost:3000/_next/static/chunks/node_modules_next_dist_1e8vcs8._.js:776
[ 1823018ms] [LOG] [Fast Refresh] done in 16ms @ http://localhost:3000/_next/static/chunks/node_modules_next_dist_1e8vcs8._.js:776
[ 1823083ms] [LOG] [Fast Refresh] done in 16ms @ http://localhost:3000/_next/static/chunks/node_modules_next_dist_1e8vcs8._.js:776
[ 1823144ms] [LOG] [Fast Refresh] done in 16ms @ http://localhost:3000/_next/static/chunks/node_modules_next_dist_1e8vcs8._.js:776
[ 1823207ms] [LOG] [Fast Refresh] done in 16ms @ http://localhost:3000/_next/static/chunks/node_modules_next_dist_1e8vcs8._.js:776
[ 1823270ms] [LOG] [Fast Refresh] done in 16ms @ http://localhost:3000/_next/static/chunks/node_modules_next_dist_1e8vcs8._.js:776
[ 1823333ms] [LOG] [Fast Refresh] done in 16ms @ http://localhost:3000/_next/static/chunks/node_modules_next_dist_1e8vcs8._.js:776
[ 1823398ms] [LOG] [Fast Refresh] done in 16ms @ http://localhost:3000/_next/static/chunks/node_modules_next_dist_1e8vcs8._.js:776
[ 1823459ms] [LOG] [Fast Refresh] done in 16ms @ http://localhost:3000/_next/static/chunks/node_modules_next_dist_1e8vcs8._.js:776
[ 1823522ms] [LOG] [Fast Refresh] done in 16ms @ http://localhost:3000/_next/static/chunks/node_modules_next_dist_1e8vcs8._.js:776
[ 1823585ms] [LOG] [Fast Refresh] done in 16ms @ http://localhost:3000/_next/static/chunks/node_modules_next_dist_1e8vcs8._.js:776
[ 1823646ms] [LOG] [Fast Refresh] done in 16ms @ http://localhost:3000/_next/static/chunks/node_modules_next_dist_1e8vcs8._.js:776
[ 1823709ms] [LOG] [Fast Refresh] done in 16ms @ http://localhost:3000/_next/static/chunks/node_modules_next_dist_1e8vcs8._.js:776
[ 1823772ms] [LOG] [Fast Refresh] done in 16ms @ http://localhost:3000/_next/static/chunks/node_modules_next_dist_1e8vcs8._.js:776
[ 1823834ms] [LOG] [Fast Refresh] done in 16ms @ http://localhost:3000/_next/static/chunks/node_modules_next_dist_1e8vcs8._.js:776
[ 1823898ms] [LOG] [Fast Refresh] done in 16ms @ http://localhost:3000/_next/static/chunks/node_modules_next_dist_1e8vcs8._.js:776
[ 1823960ms] [LOG] [Fast Refresh] done in 16ms @ http://localhost:3000/_next/static/chunks/node_modules_next_dist_1e8vcs8._.js:776
[ 1824021ms] [LOG] [Fast Refresh] done in 16ms @ http://localhost:3000/_next/static/chunks/node_modules_next_dist_1e8vcs8._.js:776
[ 1824083ms] [LOG] [Fast Refresh] done in 16ms @ http://localhost:3000/_next/static/chunks/node_modules_next_dist_1e8vcs8._.js:776
[ 1824146ms] [LOG] [Fast Refresh] done in 16ms @ http://localhost:3000/_next/static/chunks/node_modules_next_dist_1e8vcs8._.js:776
[ 1824210ms] [LOG] [Fast Refresh] done in 16ms @ http://localhost:3000/_next/static/chunks/node_modules_next_dist_1e8vcs8._.js:776
[ 1824272ms] [LOG] [Fast Refresh] done in 16ms @ http://localhost:3000/_next/static/chunks/node_modules_next_dist_1e8vcs8._.js:776
[ 1824334ms] [LOG] [Fast Refresh] done in 16ms @ http://localhost:3000/_next/static/chunks/node_modules_next_dist_1e8vcs8._.js:776
[ 1824397ms] [LOG] [Fast Refresh] done in 16ms @ http://localhost:3000/_next/static/chunks/node_modules_next_dist_1e8vcs8._.js:776
[ 1824460ms] [LOG] [Fast Refresh] done in 16ms @ http://localhost:3000/_next/static/chunks/node_modules_next_dist_1e8vcs8._.js:776
[ 1824522ms] [LOG] [Fast Refresh] done in 16ms @ http://localhost:3000/_next/static/chunks/node_modules_next_dist_1e8vcs8._.js:776
[ 1824583ms] [LOG] [Fast Refresh] done in 16ms @ http://localhost:3000/_next/static/chunks/node_modules_next_dist_1e8vcs8._.js:776
[ 1824660ms] [LOG] [Fast Refresh] done in 16ms @ http://localhost:3000/_next/static/chunks/node_modules_next_dist_1e8vcs8._.js:776
[ 1824755ms] [LOG] [Fast Refresh] done in 16ms @ http://localhost:3000/_next/static/chunks/node_modules_next_dist_1e8vcs8._.js:776
[ 1824816ms] [LOG] [Fast Refresh] done in 16ms @ http://localhost:3000/_next/static/chunks/node_modules_next_dist_1e8vcs8._.js:776
[ 1824881ms] [LOG] [Fast Refresh] done in 16ms @ http://localhost:3000/_next/static/chunks/node_modules_next_dist_1e8vcs8._.js:776
[ 1824943ms] [LOG] [Fast Refresh] done in 16ms @ http://localhost:3000/_next/static/chunks/node_modules_next_dist_1e8vcs8._.js:776
[ 1825005ms] [LOG] [Fast Refresh] done in 16ms @ http://localhost:3000/_next/static/chunks/node_modules_next_dist_1e8vcs8._.js:776
[ 1825068ms] [LOG] [Fast Refresh] done in 16ms @ http://localhost:3000/_next/static/chunks/node_modules_next_dist_1e8vcs8._.js:776
[ 1825133ms] [LOG] [Fast Refresh] done in 16ms @ http://localhost:3000/_next/static/chunks/node_modules_next_dist_1e8vcs8._.js:776
[ 1825193ms] [LOG] [Fast Refresh] done in 16ms @ http://localhost:3000/_next/static/chunks/node_modules_next_dist_1e8vcs8._.js:776
[ 1825258ms] [LOG] [Fast Refresh] done in 16ms @ http://localhost:3000/_next/static/chunks/node_modules_next_dist_1e8vcs8._.js:776
[ 1825319ms] [LOG] [Fast Refresh] done in 16ms @ http://localhost:3000/_next/static/chunks/node_modules_next_dist_1e8vcs8._.js:776
[ 1825383ms] [LOG] [Fast Refresh] done in 16ms @ http://localhost:3000/_next/static/chunks/node_modules_next_dist_1e8vcs8._.js:776
[ 1825444ms] [LOG] [Fast Refresh] done in 16ms @ http://localhost:3000/_next/static/chunks/node_modules_next_dist_1e8vcs8._.js:776
[ 1825507ms] [LOG] [Fast Refresh] done in 16ms @ http://localhost:3000/_next/static/chunks/node_modules_next_dist_1e8vcs8._.js:776
[ 1825569ms] [LOG] [Fast Refresh] done in 16ms @ http://localhost:3000/_next/static/chunks/node_modules_next_dist_1e8vcs8._.js:776
[ 1825632ms] [LOG] [Fast Refresh] done in 16ms @ http://localhost:3000/_next/static/chunks/node_modules_next_dist_1e8vcs8._.js:776
[ 1825694ms] [LOG] [Fast Refresh] done in 16ms @ http://localhost:3000/_next/static/chunks/node_modules_next_dist_1e8vcs8._.js:776
[ 1825756ms] [LOG] [Fast Refresh] done in 16ms @ http://localhost:3000/_next/static/chunks/node_modules_next_dist_1e8vcs8._.js:776
[ 1825820ms] [LOG] [Fast Refresh] done in 16ms @ http://localhost:3000/_next/static/chunks/node_modules_next_dist_1e8vcs8._.js:776
[ 1825881ms] [LOG] [Fast Refresh] done in 16ms @ http://localhost:3000/_next/static/chunks/node_modules_next_dist_1e8vcs8._.js:776
[ 1825944ms] [LOG] [Fast Refresh] done in 16ms @ http://localhost:3000/_next/static/chunks/node_modules_next_dist_1e8vcs8._.js:776
[ 1826006ms] [LOG] [Fast Refresh] done in 16ms @ http://localhost:3000/_next/static/chunks/node_modules_next_dist_1e8vcs8._.js:776
[ 1826068ms] [LOG] [Fast Refresh] done in 16ms @ http://localhost:3000/_next/static/chunks/node_modules_next_dist_1e8vcs8._.js:776
[ 1826131ms] [LOG] [Fast Refresh] done in 16ms @ http://localhost:3000/_next/static/chunks/node_modules_next_dist_1e8vcs8._.js:776
[ 1826192ms] [LOG] [Fast Refresh] done in 16ms @ http://localhost:3000/_next/static/chunks/node_modules_next_dist_1e8vcs8._.js:776
[ 1826255ms] [LOG] [Fast Refresh] done in 16ms @ http://localhost:3000/_next/static/chunks/node_modules_next_dist_1e8vcs8._.js:776
[ 1826318ms] [LOG] [Fast Refresh] done in 16ms @ http://localhost:3000/_next/static/chunks/node_modules_next_dist_1e8vcs8._.js:776
[ 1826381ms] [LOG] [Fast Refresh] done in 16ms @ http://localhost:3000/_next/static/chunks/node_modules_next_dist_1e8vcs8._.js:776
[ 1826442ms] [LOG] [Fast Refresh] done in 16ms @ http://localhost:3000/_next/static/chunks/node_modules_next_dist_1e8vcs8._.js:776
[ 1826506ms] [LOG] [Fast Refresh] done in 16ms @ http://localhost:3000/_next/static/chunks/node_modules_next_dist_1e8vcs8._.js:776
[ 1826567ms] [LOG] [Fast Refresh] done in 16ms @ http://localhost:3000/_next/static/chunks/node_modules_next_dist_1e8vcs8._.js:776
[ 1826630ms] [LOG] [Fast Refresh] done in 16ms @ http://localhost:3000/_next/static/chunks/node_modules_next_dist_1e8vcs8._.js:776
[ 1826691ms] [LOG] [Fast Refresh] done in 16ms @ http://localhost:3000/_next/static/chunks/node_modules_next_dist_1e8vcs8._.js:776
[ 1826753ms] [LOG] [Fast Refresh] done in 16ms @ http://localhost:3000/_next/static/chunks/node_modules_next_dist_1e8vcs8._.js:776
[ 1826815ms] [LOG] [Fast Refresh] done in 16ms @ http://localhost:3000/_next/static/chunks/node_modules_next_dist_1e8vcs8._.js:776
[ 1826877ms] [LOG] [Fast Refresh] done in 16ms @ http://localhost:3000/_next/static/chunks/node_modules_next_dist_1e8vcs8._.js:776
[ 1826956ms] [LOG] [Fast Refresh] done in 16ms @ http://localhost:3000/_next/static/chunks/node_modules_next_dist_1e8vcs8._.js:776
[ 1827020ms] [LOG] [Fast Refresh] done in 16ms @ http://localhost:3000/_next/static/chunks/node_modules_next_dist_1e8vcs8._.js:776
[ 1827083ms] [LOG] [Fast Refresh] done in 16ms @ http://localhost:3000/_next/static/chunks/node_modules_next_dist_1e8vcs8._.js:776
[ 1827147ms] [LOG] [Fast Refresh] done in 16ms @ http://localhost:3000/_next/static/chunks/node_modules_next_dist_1e8vcs8._.js:776
[ 1827208ms] [LOG] [Fast Refresh] done in 16ms @ http://localhost:3000/_next/static/chunks/node_modules_next_dist_1e8vcs8._.js:776
[ 1827271ms] [LOG] [Fast Refresh] done in 16ms @ http://localhost:3000/_next/static/chunks/node_modules_next_dist_1e8vcs8._.js:776
[ 1827333ms] [LOG] [Fast Refresh] done in 16ms @ http://localhost:3000/_next/static/chunks/node_modules_next_dist_1e8vcs8._.js:776
[ 1827394ms] [LOG] [Fast Refresh] done in 16ms @ http://localhost:3000/_next/static/chunks/node_modules_next_dist_1e8vcs8._.js:776
[ 1827457ms] [LOG] [Fast Refresh] done in 16ms @ http://localhost:3000/_next/static/chunks/node_modules_next_dist_1e8vcs8._.js:776
[ 1827520ms] [LOG] [Fast Refresh] done in 16ms @ http://localhost:3000/_next/static/chunks/node_modules_next_dist_1e8vcs8._.js:776
[ 1827582ms] [LOG] [Fast Refresh] done in 16ms @ http://localhost:3000/_next/static/chunks/node_modules_next_dist_1e8vcs8._.js:776
[ 1827644ms] [LOG] [Fast Refresh] done in 16ms @ http://localhost:3000/_next/static/chunks/node_modules_next_dist_1e8vcs8._.js:776
[ 1827707ms] [LOG] [Fast Refresh] done in 16ms @ http://localhost:3000/_next/static/chunks/node_modules_next_dist_1e8vcs8._.js:776
[ 1827770ms] [LOG] [Fast Refresh] done in 16ms @ http://localhost:3000/_next/static/chunks/node_modules_next_dist_1e8vcs8._.js:776
[ 1827833ms] [LOG] [Fast Refresh] done in 16ms @ http://localhost:3000/_next/static/chunks/node_modules_next_dist_1e8vcs8._.js:776
[ 1827895ms] [LOG] [Fast Refresh] done in 16ms @ http://localhost:3000/_next/static/chunks/node_modules_next_dist_1e8vcs8._.js:776
[ 1827958ms] [LOG] [Fast Refresh] done in 16ms @ http://localhost:3000/_next/static/chunks/node_modules_next_dist_1e8vcs8._.js:776
[ 1828098ms] [LOG] [Fast Refresh] done in 16ms @ http://localhost:3000/_next/static/chunks/node_modules_next_dist_1e8vcs8._.js:776
[ 1828160ms] [LOG] [Fast Refresh] done in 16ms @ http://localhost:3000/_next/static/chunks/node_modules_next_dist_1e8vcs8._.js:776
[ 1828222ms] [LOG] [Fast Refresh] done in 16ms @ http://localhost:3000/_next/static/chunks/node_modules_next_dist_1e8vcs8._.js:776
[ 1828286ms] [LOG] [Fast Refresh] done in 16ms @ http://localhost:3000/_next/static/chunks/node_modules_next_dist_1e8vcs8._.js:776
[ 1828350ms] [LOG] [Fast Refresh] done in 16ms @ http://localhost:3000/_next/static/chunks/node_modules_next_dist_1e8vcs8._.js:776
[ 1828411ms] [LOG] [Fast Refresh] done in 16ms @ http://localhost:3000/_next/static/chunks/node_modules_next_dist_1e8vcs8._.js:776
[ 1828473ms] [LOG] [Fast Refresh] done in 16ms @ http://localhost:3000/_next/static/chunks/node_modules_next_dist_1e8vcs8._.js:776
[ 1828536ms] [LOG] [Fast Refresh] done in 16ms @ http://localhost:3000/_next/static/chunks/node_modules_next_dist_1e8vcs8._.js:776
[ 1828615ms] [LOG] [Fast Refresh] done in 16ms @ http://localhost:3000/_next/static/chunks/node_modules_next_dist_1e8vcs8._.js:776
[ 1828679ms] [LOG] [Fast Refresh] done in 16ms @ http://localhost:3000/_next/static/chunks/node_modules_next_dist_1e8vcs8._.js:776
[ 1828742ms] [LOG] [Fast Refresh] done in 16ms @ http://localhost:3000/_next/static/chunks/node_modules_next_dist_1e8vcs8._.js:776
[ 1828805ms] [LOG] [Fast Refresh] done in 16ms @ http://localhost:3000/_next/static/chunks/node_modules_next_dist_1e8vcs8._.js:776
[ 1828866ms] [LOG] [Fast Refresh] done in 16ms @ http://localhost:3000/_next/static/chunks/node_modules_next_dist_1e8vcs8._.js:776
[ 1828928ms] [LOG] [Fast Refresh] done in 16ms @ http://localhost:3000/_next/static/chunks/node_modules_next_dist_1e8vcs8._.js:776
[ 1828990ms] [LOG] [Fast Refresh] done in 16ms @ http://localhost:3000/_next/static/chunks/node_modules_next_dist_1e8vcs8._.js:776
[ 1829052ms] [LOG] [Fast Refresh] done in 16ms @ http://localhost:3000/_next/static/chunks/node_modules_next_dist_1e8vcs8._.js:776
[ 1829113ms] [LOG] [Fast Refresh] done in 16ms @ http://localhost:3000/_next/static/chunks/node_modules_next_dist_1e8vcs8._.js:776
[ 1829176ms] [LOG] [Fast Refresh] done in 16ms @ http://localhost:3000/_next/static/chunks/node_modules_next_dist_1e8vcs8._.js:776
[ 1829238ms] [LOG] [Fast Refresh] done in 16ms @ http://localhost:3000/_next/static/chunks/node_modules_next_dist_1e8vcs8._.js:776
[ 1829302ms] [LOG] [Fast Refresh] done in 16ms @ http://localhost:3000/_next/static/chunks/node_modules_next_dist_1e8vcs8._.js:776
[ 1829365ms] [LOG] [Fast Refresh] done in 16ms @ http://localhost:3000/_next/static/chunks/node_modules_next_dist_1e8vcs8._.js:776
[ 1829427ms] [LOG] [Fast Refresh] done in 16ms @ http://localhost:3000/_next/static/chunks/node_modules_next_dist_1e8vcs8._.js:776
[ 1829490ms] [LOG] [Fast Refresh] done in 16ms @ http://localhost:3000/_next/static/chunks/node_modules_next_dist_1e8vcs8._.js:776
[ 1829552ms] [LOG] [Fast Refresh] done in 16ms @ http://localhost:3000/_next/static/chunks/node_modules_next_dist_1e8vcs8._.js:776
[ 1829615ms] [LOG] [Fast Refresh] done in 16ms @ http://localhost:3000/_next/static/chunks/node_modules_next_dist_1e8vcs8._.js:776
[ 1829678ms] [LOG] [Fast Refresh] done in 16ms @ http://localhost:3000/_next/static/chunks/node_modules_next_dist_1e8vcs8._.js:776
[ 1829741ms] [LOG] [Fast Refresh] done in 16ms @ http://localhost:3000/_next/static/chunks/node_modules_next_dist_1e8vcs8._.js:776
[ 1829805ms] [LOG] [Fast Refresh] done in 16ms @ http://localhost:3000/_next/static/chunks/node_modules_next_dist_1e8vcs8._.js:776
[ 1829867ms] [LOG] [Fast Refresh] done in 16ms @ http://localhost:3000/_next/static/chunks/node_modules_next_dist_1e8vcs8._.js:776
[ 1829930ms] [LOG] [Fast Refresh] done in 16ms @ http://localhost:3000/_next/static/chunks/node_modules_next_dist_1e8vcs8._.js:776
[ 1829990ms] [LOG] [Fast Refresh] done in 16ms @ http://localhost:3000/_next/static/chunks/node_modules_next_dist_1e8vcs8._.js:776
[ 1830052ms] [LOG] [Fast Refresh] done in 16ms @ http://localhost:3000/_next/static/chunks/node_modules_next_dist_1e8vcs8._.js:776
[ 1830115ms] [LOG] [Fast Refresh] done in 16ms @ http://localhost:3000/_next/static/chunks/node_modules_next_dist_1e8vcs8._.js:776
[ 1830178ms] [LOG] [Fast Refresh] done in 16ms @ http://localhost:3000/_next/static/chunks/node_modules_next_dist_1e8vcs8._.js:776
[ 1830240ms] [LOG] [Fast Refresh] done in 16ms @ http://localhost:3000/_next/static/chunks/node_modules_next_dist_1e8vcs8._.js:776
[ 1830303ms] [LOG] [Fast Refresh] done in 16ms @ http://localhost:3000/_next/static/chunks/node_modules_next_dist_1e8vcs8._.js:776
[ 1830366ms] [LOG] [Fast Refresh] done in 16ms @ http://localhost:3000/_next/static/chunks/node_modules_next_dist_1e8vcs8._.js:776
[ 1830429ms] [LOG] [Fast Refresh] done in 16ms @ http://localhost:3000/_next/static/chunks/node_modules_next_dist_1e8vcs8._.js:776
[ 1830491ms] [LOG] [Fast Refresh] done in 16ms @ http://localhost:3000/_next/static/chunks/node_modules_next_dist_1e8vcs8._.js:776
[ 1830553ms] [LOG] [Fast Refresh] done in 16ms @ http://localhost:3000/_next/static/chunks/node_modules_next_dist_1e8vcs8._.js:776
[ 1830616ms] [LOG] [Fast Refresh] done in 16ms @ http://localhost:3000/_next/static/chunks/node_modules_next_dist_1e8vcs8._.js:776
[ 1830681ms] [LOG] [Fast Refresh] done in 16ms @ http://localhost:3000/_next/static/chunks/node_modules_next_dist_1e8vcs8._.js:776
[ 1830741ms] [LOG] [Fast Refresh] done in 16ms @ http://localhost:3000/_next/static/chunks/node_modules_next_dist_1e8vcs8._.js:776
[ 1830802ms] [LOG] [Fast Refresh] done in 16ms @ http://localhost:3000/_next/static/chunks/node_modules_next_dist_1e8vcs8._.js:776
[ 1830866ms] [LOG] [Fast Refresh] done in 16ms @ http://localhost:3000/_next/static/chunks/node_modules_next_dist_1e8vcs8._.js:776
[ 1830929ms] [LOG] [Fast Refresh] done in 16ms @ http://localhost:3000/_next/static/chunks/node_modules_next_dist_1e8vcs8._.js:776
[ 1830992ms] [LOG] [Fast Refresh] done in 16ms @ http://localhost:3000/_next/static/chunks/node_modules_next_dist_1e8vcs8._.js:776
[ 1831054ms] [LOG] [Fast Refresh] done in 16ms @ http://localhost:3000/_next/static/chunks/node_modules_next_dist_1e8vcs8._.js:776
[ 1831117ms] [LOG] [Fast Refresh] done in 16ms @ http://localhost:3000/_next/static/chunks/node_modules_next_dist_1e8vcs8._.js:776
[ 1831181ms] [LOG] [Fast Refresh] done in 16ms @ http://localhost:3000/_next/static/chunks/node_modules_next_dist_1e8vcs8._.js:776
[ 1831243ms] [LOG] [Fast Refresh] done in 16ms @ http://localhost:3000/_next/static/chunks/node_modules_next_dist_1e8vcs8._.js:776
[ 1831306ms] [LOG] [Fast Refresh] done in 16ms @ http://localhost:3000/_next/static/chunks/node_modules_next_dist_1e8vcs8._.js:776
[ 1831369ms] [LOG] [Fast Refresh] done in 16ms @ http://localhost:3000/_next/static/chunks/node_modules_next_dist_1e8vcs8._.js:776
[ 1831432ms] [LOG] [Fast Refresh] done in 16ms @ http://localhost:3000/_next/static/chunks/node_modules_next_dist_1e8vcs8._.js:776
[ 1831494ms] [LOG] [Fast Refresh] done in 16ms @ http://localhost:3000/_next/static/chunks/node_modules_next_dist_1e8vcs8._.js:776
[ 1831557ms] [LOG] [Fast Refresh] done in 16ms @ http://localhost:3000/_next/static/chunks/node_modules_next_dist_1e8vcs8._.js:776
[ 1831619ms] [LOG] [Fast Refresh] done in 16ms @ http://localhost:3000/_next/static/chunks/node_modules_next_dist_1e8vcs8._.js:776
[ 1831707ms] [LOG] [Fast Refresh] done in 16ms @ http://localhost:3000/_next/static/chunks/node_modules_next_dist_1e8vcs8._.js:776
[ 1831758ms] [LOG] [Fast Refresh] done in 16ms @ http://localhost:3000/_next/static/chunks/node_modules_next_dist_1e8vcs8._.js:776
[ 1831820ms] [LOG] [Fast Refresh] done in 16ms @ http://localhost:3000/_next/static/chunks/node_modules_next_dist_1e8vcs8._.js:776
[ 1831883ms] [LOG] [Fast Refresh] done in 16ms @ http://localhost:3000/_next/static/chunks/node_modules_next_dist_1e8vcs8._.js:776
[ 1831947ms] [LOG] [Fast Refresh] done in 16ms @ http://localhost:3000/_next/static/chunks/node_modules_next_dist_1e8vcs8._.js:776
[ 1832009ms] [LOG] [Fast Refresh] done in 16ms @ http://localhost:3000/_next/static/chunks/node_modules_next_dist_1e8vcs8._.js:776
[ 1832072ms] [LOG] [Fast Refresh] done in 16ms @ http://localhost:3000/_next/static/chunks/node_modules_next_dist_1e8vcs8._.js:776
[ 1832135ms] [LOG] [Fast Refresh] done in 16ms @ http://localhost:3000/_next/static/chunks/node_modules_next_dist_1e8vcs8._.js:776
[ 1832199ms] [LOG] [Fast Refresh] done in 16ms @ http://localhost:3000/_next/static/chunks/node_modules_next_dist_1e8vcs8._.js:776
[ 1832259ms] [LOG] [Fast Refresh] done in 16ms @ http://localhost:3000/_next/static/chunks/node_modules_next_dist_1e8vcs8._.js:776
[ 1832322ms] [LOG] [Fast Refresh] done in 16ms @ http://localhost:3000/_next/static/chunks/node_modules_next_dist_1e8vcs8._.js:776
[ 1832384ms] [LOG] [Fast Refresh] done in 16ms @ http://localhost:3000/_next/static/chunks/node_modules_next_dist_1e8vcs8._.js:776
[ 1832445ms] [LOG] [Fast Refresh] done in 16ms @ http://localhost:3000/_next/static/chunks/node_modules_next_dist_1e8vcs8._.js:776
[ 1832509ms] [LOG] [Fast Refresh] done in 16ms @ http://localhost:3000/_next/static/chunks/node_modules_next_dist_1e8vcs8._.js:776
[ 1832571ms] [LOG] [Fast Refresh] done in 16ms @ http://localhost:3000/_next/static/chunks/node_modules_next_dist_1e8vcs8._.js:776
[ 1832634ms] [LOG] [Fast Refresh] done in 16ms @ http://localhost:3000/_next/static/chunks/node_modules_next_dist_1e8vcs8._.js:776
[ 1832698ms] [LOG] [Fast Refresh] done in 16ms @ http://localhost:3000/_next/static/chunks/node_modules_next_dist_1e8vcs8._.js:776
[ 1832760ms] [LOG] [Fast Refresh] done in 16ms @ http://localhost:3000/_next/static/chunks/node_modules_next_dist_1e8vcs8._.js:776
[ 1832823ms] [LOG] [Fast Refresh] done in 16ms @ http://localhost:3000/_next/static/chunks/node_modules_next_dist_1e8vcs8._.js:776
[ 1832886ms] [LOG] [Fast Refresh] done in 16ms @ http://localhost:3000/_next/static/chunks/node_modules_next_dist_1e8vcs8._.js:776
[ 1832949ms] [LOG] [Fast Refresh] done in 16ms @ http://localhost:3000/_next/static/chunks/node_modules_next_dist_1e8vcs8._.js:776
[ 1833012ms] [LOG] [Fast Refresh] done in 16ms @ http://localhost:3000/_next/static/chunks/node_modules_next_dist_1e8vcs8._.js:776
[ 1833075ms] [LOG] [Fast Refresh] done in 16ms @ http://localhost:3000/_next/static/chunks/node_modules_next_dist_1e8vcs8._.js:776
[ 1833137ms] [LOG] [Fast Refresh] done in 16ms @ http://localhost:3000/_next/static/chunks/node_modules_next_dist_1e8vcs8._.js:776
[ 1833200ms] [LOG] [Fast Refresh] done in 16ms @ http://localhost:3000/_next/static/chunks/node_modules_next_dist_1e8vcs8._.js:776
[ 1833261ms] [LOG] [Fast Refresh] done in 16ms @ http://localhost:3000/_next/static/chunks/node_modules_next_dist_1e8vcs8._.js:776
[ 1833325ms] [LOG] [Fast Refresh] done in 16ms @ http://localhost:3000/_next/static/chunks/node_modules_next_dist_1e8vcs8._.js:776
[ 1833388ms] [LOG] [Fast Refresh] done in 16ms @ http://localhost:3000/_next/static/chunks/node_modules_next_dist_1e8vcs8._.js:776
[ 1833450ms] [LOG] [Fast Refresh] done in 16ms @ http://localhost:3000/_next/static/chunks/node_modules_next_dist_1e8vcs8._.js:776
[ 1833514ms] [LOG] [Fast Refresh] done in 16ms @ http://localhost:3000/_next/static/chunks/node_modules_next_dist_1e8vcs8._.js:776
[ 1833577ms] [LOG] [Fast Refresh] done in 16ms @ http://localhost:3000/_next/static/chunks/node_modules_next_dist_1e8vcs8._.js:776
[ 1833639ms] [LOG] [Fast Refresh] done in 16ms @ http://localhost:3000/_next/static/chunks/node_modules_next_dist_1e8vcs8._.js:776
[ 1833703ms] [LOG] [Fast Refresh] done in 16ms @ http://localhost:3000/_next/static/chunks/node_modules_next_dist_1e8vcs8._.js:776
[ 1833766ms] [LOG] [Fast Refresh] done in 16ms @ http://localhost:3000/_next/static/chunks/node_modules_next_dist_1e8vcs8._.js:776
[ 1833830ms] [LOG] [Fast Refresh] done in 16ms @ http://localhost:3000/_next/static/chunks/node_modules_next_dist_1e8vcs8._.js:776
[ 1833891ms] [LOG] [Fast Refresh] done in 16ms @ http://localhost:3000/_next/static/chunks/node_modules_next_dist_1e8vcs8._.js:776
[ 1833955ms] [LOG] [Fast Refresh] done in 16ms @ http://localhost:3000/_next/static/chunks/node_modules_next_dist_1e8vcs8._.js:776
[ 1834016ms] [LOG] [Fast Refresh] done in 16ms @ http://localhost:3000/_next/static/chunks/node_modules_next_dist_1e8vcs8._.js:776
[ 1834078ms] [LOG] [Fast Refresh] done in 16ms @ http://localhost:3000/_next/static/chunks/node_modules_next_dist_1e8vcs8._.js:776
[ 1834140ms] [LOG] [Fast Refresh] done in 16ms @ http://localhost:3000/_next/static/chunks/node_modules_next_dist_1e8vcs8._.js:776
[ 1834204ms] [LOG] [Fast Refresh] done in 16ms @ http://localhost:3000/_next/static/chunks/node_modules_next_dist_1e8vcs8._.js:776
[ 1834265ms] [LOG] [Fast Refresh] done in 16ms @ http://localhost:3000/_next/static/chunks/node_modules_next_dist_1e8vcs8._.js:776
[ 1834329ms] [LOG] [Fast Refresh] done in 16ms @ http://localhost:3000/_next/static/chunks/node_modules_next_dist_1e8vcs8._.js:776
[ 1834391ms] [LOG] [Fast Refresh] done in 16ms @ http://localhost:3000/_next/static/chunks/node_modules_next_dist_1e8vcs8._.js:776
[ 1834454ms] [LOG] [Fast Refresh] done in 16ms @ http://localhost:3000/_next/static/chunks/node_modules_next_dist_1e8vcs8._.js:776
[ 1834517ms] [LOG] [Fast Refresh] done in 16ms @ http://localhost:3000/_next/static/chunks/node_modules_next_dist_1e8vcs8._.js:776
[ 1834580ms] [LOG] [Fast Refresh] done in 16ms @ http://localhost:3000/_next/static/chunks/node_modules_next_dist_1e8vcs8._.js:776
[ 1834642ms] [LOG] [Fast Refresh] done in 16ms @ http://localhost:3000/_next/static/chunks/node_modules_next_dist_1e8vcs8._.js:776
[ 1834704ms] [LOG] [Fast Refresh] done in 16ms @ http://localhost:3000/_next/static/chunks/node_modules_next_dist_1e8vcs8._.js:776
[ 1834765ms] [LOG] [Fast Refresh] done in 16ms @ http://localhost:3000/_next/static/chunks/node_modules_next_dist_1e8vcs8._.js:776
[ 1834828ms] [LOG] [Fast Refresh] done in 16ms @ http://localhost:3000/_next/static/chunks/node_modules_next_dist_1e8vcs8._.js:776
[ 1834890ms] [LOG] [Fast Refresh] done in 16ms @ http://localhost:3000/_next/static/chunks/node_modules_next_dist_1e8vcs8._.js:776
[ 1834953ms] [LOG] [Fast Refresh] done in 16ms @ http://localhost:3000/_next/static/chunks/node_modules_next_dist_1e8vcs8._.js:776
[ 1835015ms] [LOG] [Fast Refresh] done in 16ms @ http://localhost:3000/_next/static/chunks/node_modules_next_dist_1e8vcs8._.js:776
[ 1835076ms] [LOG] [Fast Refresh] done in 16ms @ http://localhost:3000/_next/static/chunks/node_modules_next_dist_1e8vcs8._.js:776
[ 1835139ms] [LOG] [Fast Refresh] done in 16ms @ http://localhost:3000/_next/static/chunks/node_modules_next_dist_1e8vcs8._.js:776
[ 1835202ms] [LOG] [Fast Refresh] done in 16ms @ http://localhost:3000/_next/static/chunks/node_modules_next_dist_1e8vcs8._.js:776
[ 1835265ms] [LOG] [Fast Refresh] done in 16ms @ http://localhost:3000/_next/static/chunks/node_modules_next_dist_1e8vcs8._.js:776
[ 1835328ms] [LOG] [Fast Refresh] done in 16ms @ http://localhost:3000/_next/static/chunks/node_modules_next_dist_1e8vcs8._.js:776
[ 1835389ms] [LOG] [Fast Refresh] done in 16ms @ http://localhost:3000/_next/static/chunks/node_modules_next_dist_1e8vcs8._.js:776
[ 1835451ms] [LOG] [Fast Refresh] done in 16ms @ http://localhost:3000/_next/static/chunks/node_modules_next_dist_1e8vcs8._.js:776
[ 1835515ms] [LOG] [Fast Refresh] done in 16ms @ http://localhost:3000/_next/static/chunks/node_modules_next_dist_1e8vcs8._.js:776
[ 1835578ms] [LOG] [Fast Refresh] done in 16ms @ http://localhost:3000/_next/static/chunks/node_modules_next_dist_1e8vcs8._.js:776
[ 1835640ms] [LOG] [Fast Refresh] done in 16ms @ http://localhost:3000/_next/static/chunks/node_modules_next_dist_1e8vcs8._.js:776
[ 1835703ms] [LOG] [Fast Refresh] done in 16ms @ http://localhost:3000/_next/static/chunks/node_modules_next_dist_1e8vcs8._.js:776
[ 1835767ms] [LOG] [Fast Refresh] done in 16ms @ http://localhost:3000/_next/static/chunks/node_modules_next_dist_1e8vcs8._.js:776
[ 1835828ms] [LOG] [Fast Refresh] done in 16ms @ http://localhost:3000/_next/static/chunks/node_modules_next_dist_1e8vcs8._.js:776
[ 1835890ms] [LOG] [Fast Refresh] done in 16ms @ http://localhost:3000/_next/static/chunks/node_modules_next_dist_1e8vcs8._.js:776
[ 1835952ms] [LOG] [Fast Refresh] done in 16ms @ http://localhost:3000/_next/static/chunks/node_modules_next_dist_1e8vcs8._.js:776
[ 1836014ms] [LOG] [Fast Refresh] done in 16ms @ http://localhost:3000/_next/static/chunks/node_modules_next_dist_1e8vcs8._.js:776
[ 1836077ms] [LOG] [Fast Refresh] done in 16ms @ http://localhost:3000/_next/static/chunks/node_modules_next_dist_1e8vcs8._.js:776
[ 1836138ms] [LOG] [Fast Refresh] done in 16ms @ http://localhost:3000/_next/static/chunks/node_modules_next_dist_1e8vcs8._.js:776
[ 1836201ms] [LOG] [Fast Refresh] done in 16ms @ http://localhost:3000/_next/static/chunks/node_modules_next_dist_1e8vcs8._.js:776
[ 1836264ms] [LOG] [Fast Refresh] done in 16ms @ http://localhost:3000/_next/static/chunks/node_modules_next_dist_1e8vcs8._.js:776
[ 1836327ms] [LOG] [Fast Refresh] done in 16ms @ http://localhost:3000/_next/static/chunks/node_modules_next_dist_1e8vcs8._.js:776
[ 1836389ms] [LOG] [Fast Refresh] done in 16ms @ http://localhost:3000/_next/static/chunks/node_modules_next_dist_1e8vcs8._.js:776
[ 1836450ms] [LOG] [Fast Refresh] done in 16ms @ http://localhost:3000/_next/static/chunks/node_modules_next_dist_1e8vcs8._.js:776
[ 1836514ms] [LOG] [Fast Refresh] done in 16ms @ http://localhost:3000/_next/static/chunks/node_modules_next_dist_1e8vcs8._.js:776
[ 1836576ms] [LOG] [Fast Refresh] done in 16ms @ http://localhost:3000/_next/static/chunks/node_modules_next_dist_1e8vcs8._.js:776
[ 1836639ms] [LOG] [Fast Refresh] done in 16ms @ http://localhost:3000/_next/static/chunks/node_modules_next_dist_1e8vcs8._.js:776
[ 1836700ms] [LOG] [Fast Refresh] done in 16ms @ http://localhost:3000/_next/static/chunks/node_modules_next_dist_1e8vcs8._.js:776
[ 1836762ms] [LOG] [Fast Refresh] done in 16ms @ http://localhost:3000/_next/static/chunks/node_modules_next_dist_1e8vcs8._.js:776
[ 1836825ms] [LOG] [Fast Refresh] done in 16ms @ http://localhost:3000/_next/static/chunks/node_modules_next_dist_1e8vcs8._.js:776
[ 1836887ms] [LOG] [Fast Refresh] done in 16ms @ http://localhost:3000/_next/static/chunks/node_modules_next_dist_1e8vcs8._.js:776
[ 1836950ms] [LOG] [Fast Refresh] done in 16ms @ http://localhost:3000/_next/static/chunks/node_modules_next_dist_1e8vcs8._.js:776
[ 1837013ms] [LOG] [Fast Refresh] done in 16ms @ http://localhost:3000/_next/static/chunks/node_modules_next_dist_1e8vcs8._.js:776
[ 1837075ms] [LOG] [Fast Refresh] done in 16ms @ http://localhost:3000/_next/static/chunks/node_modules_next_dist_1e8vcs8._.js:776
[ 1837137ms] [LOG] [Fast Refresh] done in 16ms @ http://localhost:3000/_next/static/chunks/node_modules_next_dist_1e8vcs8._.js:776
[ 1837200ms] [LOG] [Fast Refresh] done in 16ms @ http://localhost:3000/_next/static/chunks/node_modules_next_dist_1e8vcs8._.js:776
[ 1837262ms] [LOG] [Fast Refresh] done in 16ms @ http://localhost:3000/_next/static/chunks/node_modules_next_dist_1e8vcs8._.js:776
[ 1837324ms] [LOG] [Fast Refresh] done in 16ms @ http://localhost:3000/_next/static/chunks/node_modules_next_dist_1e8vcs8._.js:776
[ 1837386ms] [LOG] [Fast Refresh] done in 16ms @ http://localhost:3000/_next/static/chunks/node_modules_next_dist_1e8vcs8._.js:776
[ 1837450ms] [LOG] [Fast Refresh] done in 16ms @ http://localhost:3000/_next/static/chunks/node_modules_next_dist_1e8vcs8._.js:776
[ 1837511ms] [LOG] [Fast Refresh] done in 16ms @ http://localhost:3000/_next/static/chunks/node_modules_next_dist_1e8vcs8._.js:776
[ 1837574ms] [LOG] [Fast Refresh] done in 16ms @ http://localhost:3000/_next/static/chunks/node_modules_next_dist_1e8vcs8._.js:776
[ 1837636ms] [LOG] [Fast Refresh] done in 16ms @ http://localhost:3000/_next/static/chunks/node_modules_next_dist_1e8vcs8._.js:776
[ 1837699ms] [LOG] [Fast Refresh] done in 16ms @ http://localhost:3000/_next/static/chunks/node_modules_next_dist_1e8vcs8._.js:776
[ 1837761ms] [LOG] [Fast Refresh] done in 16ms @ http://localhost:3000/_next/static/chunks/node_modules_next_dist_1e8vcs8._.js:776
[ 1837824ms] [LOG] [Fast Refresh] done in 16ms @ http://localhost:3000/_next/static/chunks/node_modules_next_dist_1e8vcs8._.js:776
[ 1837887ms] [LOG] [Fast Refresh] done in 16ms @ http://localhost:3000/_next/static/chunks/node_modules_next_dist_1e8vcs8._.js:776
[ 1837949ms] [LOG] [Fast Refresh] done in 16ms @ http://localhost:3000/_next/static/chunks/node_modules_next_dist_1e8vcs8._.js:776
[ 1838011ms] [LOG] [Fast Refresh] done in 16ms @ http://localhost:3000/_next/static/chunks/node_modules_next_dist_1e8vcs8._.js:776
[ 1838073ms] [LOG] [Fast Refresh] done in 16ms @ http://localhost:3000/_next/static/chunks/node_modules_next_dist_1e8vcs8._.js:776
[ 1838135ms] [LOG] [Fast Refresh] done in 16ms @ http://localhost:3000/_next/static/chunks/node_modules_next_dist_1e8vcs8._.js:776
[ 1838198ms] [LOG] [Fast Refresh] done in 16ms @ http://localhost:3000/_next/static/chunks/node_modules_next_dist_1e8vcs8._.js:776
[ 1838260ms] [LOG] [Fast Refresh] done in 16ms @ http://localhost:3000/_next/static/chunks/node_modules_next_dist_1e8vcs8._.js:776
[ 1838322ms] [LOG] [Fast Refresh] done in 16ms @ http://localhost:3000/_next/static/chunks/node_modules_next_dist_1e8vcs8._.js:776
[ 1838383ms] [LOG] [Fast Refresh] done in 16ms @ http://localhost:3000/_next/static/chunks/node_modules_next_dist_1e8vcs8._.js:776
[ 1838447ms] [LOG] [Fast Refresh] done in 16ms @ http://localhost:3000/_next/static/chunks/node_modules_next_dist_1e8vcs8._.js:776
[ 1838510ms] [LOG] [Fast Refresh] done in 16ms @ http://localhost:3000/_next/static/chunks/node_modules_next_dist_1e8vcs8._.js:776
[ 1838572ms] [LOG] [Fast Refresh] done in 16ms @ http://localhost:3000/_next/static/chunks/node_modules_next_dist_1e8vcs8._.js:776
[ 1838635ms] [LOG] [Fast Refresh] done in 16ms @ http://localhost:3000/_next/static/chunks/node_modules_next_dist_1e8vcs8._.js:776
[ 1838698ms] [LOG] [Fast Refresh] done in 16ms @ http://localhost:3000/_next/static/chunks/node_modules_next_dist_1e8vcs8._.js:776
[ 1838761ms] [LOG] [Fast Refresh] done in 16ms @ http://localhost:3000/_next/static/chunks/node_modules_next_dist_1e8vcs8._.js:776
[ 1838823ms] [LOG] [Fast Refresh] done in 16ms @ http://localhost:3000/_next/static/chunks/node_modules_next_dist_1e8vcs8._.js:776
[ 1838884ms] [LOG] [Fast Refresh] done in 16ms @ http://localhost:3000/_next/static/chunks/node_modules_next_dist_1e8vcs8._.js:776
[ 1838948ms] [LOG] [Fast Refresh] done in 16ms @ http://localhost:3000/_next/static/chunks/node_modules_next_dist_1e8vcs8._.js:776
[ 1839010ms] [LOG] [Fast Refresh] done in 16ms @ http://localhost:3000/_next/static/chunks/node_modules_next_dist_1e8vcs8._.js:776
[ 1839073ms] [LOG] [Fast Refresh] done in 16ms @ http://localhost:3000/_next/static/chunks/node_modules_next_dist_1e8vcs8._.js:776
[ 1839136ms] [LOG] [Fast Refresh] done in 16ms @ http://localhost:3000/_next/static/chunks/node_modules_next_dist_1e8vcs8._.js:776
[ 1839262ms] [LOG] [Fast Refresh] done in 16ms @ http://localhost:3000/_next/static/chunks/node_modules_next_dist_1e8vcs8._.js:776
[ 1839325ms] [LOG] [Fast Refresh] done in 16ms @ http://localhost:3000/_next/static/chunks/node_modules_next_dist_1e8vcs8._.js:776
[ 1839387ms] [LOG] [Fast Refresh] done in 16ms @ http://localhost:3000/_next/static/chunks/node_modules_next_dist_1e8vcs8._.js:776
[ 1839450ms] [LOG] [Fast Refresh] done in 16ms @ http://localhost:3000/_next/static/chunks/node_modules_next_dist_1e8vcs8._.js:776
[ 1839513ms] [LOG] [Fast Refresh] done in 16ms @ http://localhost:3000/_next/static/chunks/node_modules_next_dist_1e8vcs8._.js:776
[ 1839576ms] [LOG] [Fast Refresh] done in 16ms @ http://localhost:3000/_next/static/chunks/node_modules_next_dist_1e8vcs8._.js:776
[ 1839637ms] [LOG] [Fast Refresh] done in 16ms @ http://localhost:3000/_next/static/chunks/node_modules_next_dist_1e8vcs8._.js:776
[ 1839700ms] [LOG] [Fast Refresh] done in 16ms @ http://localhost:3000/_next/static/chunks/node_modules_next_dist_1e8vcs8._.js:776
[ 1839764ms] [LOG] [Fast Refresh] done in 16ms @ http://localhost:3000/_next/static/chunks/node_modules_next_dist_1e8vcs8._.js:776
[ 1839826ms] [LOG] [Fast Refresh] done in 16ms @ http://localhost:3000/_next/static/chunks/node_modules_next_dist_1e8vcs8._.js:776
[ 1839889ms] [LOG] [Fast Refresh] done in 16ms @ http://localhost:3000/_next/static/chunks/node_modules_next_dist_1e8vcs8._.js:776
[ 1839952ms] [LOG] [Fast Refresh] done in 16ms @ http://localhost:3000/_next/static/chunks/node_modules_next_dist_1e8vcs8._.js:776
[ 1840015ms] [LOG] [Fast Refresh] done in 16ms @ http://localhost:3000/_next/static/chunks/node_modules_next_dist_1e8vcs8._.js:776
[ 1840077ms] [LOG] [Fast Refresh] done in 16ms @ http://localhost:3000/_next/static/chunks/node_modules_next_dist_1e8vcs8._.js:776
[ 1840140ms] [LOG] [Fast Refresh] done in 16ms @ http://localhost:3000/_next/static/chunks/node_modules_next_dist_1e8vcs8._.js:776
[ 1840203ms] [LOG] [Fast Refresh] done in 16ms @ http://localhost:3000/_next/static/chunks/node_modules_next_dist_1e8vcs8._.js:776
[ 1840267ms] [LOG] [Fast Refresh] done in 16ms @ http://localhost:3000/_next/static/chunks/node_modules_next_dist_1e8vcs8._.js:776
[ 1840330ms] [LOG] [Fast Refresh] done in 16ms @ http://localhost:3000/_next/static/chunks/node_modules_next_dist_1e8vcs8._.js:776
[ 1840391ms] [LOG] [Fast Refresh] done in 16ms @ http://localhost:3000/_next/static/chunks/node_modules_next_dist_1e8vcs8._.js:776
[ 1840454ms] [LOG] [Fast Refresh] done in 16ms @ http://localhost:3000/_next/static/chunks/node_modules_next_dist_1e8vcs8._.js:776
[ 1840516ms] [LOG] [Fast Refresh] done in 16ms @ http://localhost:3000/_next/static/chunks/node_modules_next_dist_1e8vcs8._.js:776
[ 1840577ms] [LOG] [Fast Refresh] done in 16ms @ http://localhost:3000/_next/static/chunks/node_modules_next_dist_1e8vcs8._.js:776
[ 1840640ms] [LOG] [Fast Refresh] done in 16ms @ http://localhost:3000/_next/static/chunks/node_modules_next_dist_1e8vcs8._.js:776
[ 1840701ms] [LOG] [Fast Refresh] done in 16ms @ http://localhost:3000/_next/static/chunks/node_modules_next_dist_1e8vcs8._.js:776
[ 1840764ms] [LOG] [Fast Refresh] done in 16ms @ http://localhost:3000/_next/static/chunks/node_modules_next_dist_1e8vcs8._.js:776
[ 1840827ms] [LOG] [Fast Refresh] done in 16ms @ http://localhost:3000/_next/static/chunks/node_modules_next_dist_1e8vcs8._.js:776
[ 1840890ms] [LOG] [Fast Refresh] done in 16ms @ http://localhost:3000/_next/static/chunks/node_modules_next_dist_1e8vcs8._.js:776
[ 1840953ms] [LOG] [Fast Refresh] done in 16ms @ http://localhost:3000/_next/static/chunks/node_modules_next_dist_1e8vcs8._.js:776
[ 1841014ms] [LOG] [Fast Refresh] done in 16ms @ http://localhost:3000/_next/static/chunks/node_modules_next_dist_1e8vcs8._.js:776
[ 1841076ms] [LOG] [Fast Refresh] done in 16ms @ http://localhost:3000/_next/static/chunks/node_modules_next_dist_1e8vcs8._.js:776
[ 1841140ms] [LOG] [Fast Refresh] done in 16ms @ http://localhost:3000/_next/static/chunks/node_modules_next_dist_1e8vcs8._.js:776
[ 1841204ms] [LOG] [Fast Refresh] done in 16ms @ http://localhost:3000/_next/static/chunks/node_modules_next_dist_1e8vcs8._.js:776
[ 1841267ms] [LOG] [Fast Refresh] done in 16ms @ http://localhost:3000/_next/static/chunks/node_modules_next_dist_1e8vcs8._.js:776
[ 1841329ms] [LOG] [Fast Refresh] done in 16ms @ http://localhost:3000/_next/static/chunks/node_modules_next_dist_1e8vcs8._.js:776
[ 1841392ms] [LOG] [Fast Refresh] done in 16ms @ http://localhost:3000/_next/static/chunks/node_modules_next_dist_1e8vcs8._.js:776
[ 1841455ms] [LOG] [Fast Refresh] done in 16ms @ http://localhost:3000/_next/static/chunks/node_modules_next_dist_1e8vcs8._.js:776
[ 1841519ms] [LOG] [Fast Refresh] done in 16ms @ http://localhost:3000/_next/static/chunks/node_modules_next_dist_1e8vcs8._.js:776
[ 1841581ms] [LOG] [Fast Refresh] done in 16ms @ http://localhost:3000/_next/static/chunks/node_modules_next_dist_1e8vcs8._.js:776
[ 1841645ms] [LOG] [Fast Refresh] done in 16ms @ http://localhost:3000/_next/static/chunks/node_modules_next_dist_1e8vcs8._.js:776
[ 1841707ms] [LOG] [Fast Refresh] done in 16ms @ http://localhost:3000/_next/static/chunks/node_modules_next_dist_1e8vcs8._.js:776
[ 1841802ms] [LOG] [Fast Refresh] done in 16ms @ http://localhost:3000/_next/static/chunks/node_modules_next_dist_1e8vcs8._.js:776
[ 1841864ms] [LOG] [Fast Refresh] done in 16ms @ http://localhost:3000/_next/static/chunks/node_modules_next_dist_1e8vcs8._.js:776
[ 1841927ms] [LOG] [Fast Refresh] done in 16ms @ http://localhost:3000/_next/static/chunks/node_modules_next_dist_1e8vcs8._.js:776
[ 1841990ms] [LOG] [Fast Refresh] done in 16ms @ http://localhost:3000/_next/static/chunks/node_modules_next_dist_1e8vcs8._.js:776
[ 1842053ms] [LOG] [Fast Refresh] done in 16ms @ http://localhost:3000/_next/static/chunks/node_modules_next_dist_1e8vcs8._.js:776
[ 1842116ms] [LOG] [Fast Refresh] done in 16ms @ http://localhost:3000/_next/static/chunks/node_modules_next_dist_1e8vcs8._.js:776
[ 1842177ms] [LOG] [Fast Refresh] done in 16ms @ http://localhost:3000/_next/static/chunks/node_modules_next_dist_1e8vcs8._.js:776
[ 1842239ms] [LOG] [Fast Refresh] done in 16ms @ http://localhost:3000/_next/static/chunks/node_modules_next_dist_1e8vcs8._.js:776
[ 1842302ms] [LOG] [Fast Refresh] done in 16ms @ http://localhost:3000/_next/static/chunks/node_modules_next_dist_1e8vcs8._.js:776
[ 1842364ms] [LOG] [Fast Refresh] done in 16ms @ http://localhost:3000/_next/static/chunks/node_modules_next_dist_1e8vcs8._.js:776
[ 1842426ms] [LOG] [Fast Refresh] done in 16ms @ http://localhost:3000/_next/static/chunks/node_modules_next_dist_1e8vcs8._.js:776
[ 1842490ms] [LOG] [Fast Refresh] done in 16ms @ http://localhost:3000/_next/static/chunks/node_modules_next_dist_1e8vcs8._.js:776
[ 1842553ms] [LOG] [Fast Refresh] done in 16ms @ http://localhost:3000/_next/static/chunks/node_modules_next_dist_1e8vcs8._.js:776
[ 1842616ms] [LOG] [Fast Refresh] done in 16ms @ http://localhost:3000/_next/static/chunks/node_modules_next_dist_1e8vcs8._.js:776
[ 1842678ms] [LOG] [Fast Refresh] done in 16ms @ http://localhost:3000/_next/static/chunks/node_modules_next_dist_1e8vcs8._.js:776
[ 1842742ms] [LOG] [Fast Refresh] done in 16ms @ http://localhost:3000/_next/static/chunks/node_modules_next_dist_1e8vcs8._.js:776
[ 1842804ms] [LOG] [Fast Refresh] done in 16ms @ http://localhost:3000/_next/static/chunks/node_modules_next_dist_1e8vcs8._.js:776
[ 1842867ms] [LOG] [Fast Refresh] done in 16ms @ http://localhost:3000/_next/static/chunks/node_modules_next_dist_1e8vcs8._.js:776
[ 1842929ms] [LOG] [Fast Refresh] done in 16ms @ http://localhost:3000/_next/static/chunks/node_modules_next_dist_1e8vcs8._.js:776
[ 1842993ms] [LOG] [Fast Refresh] done in 16ms @ http://localhost:3000/_next/static/chunks/node_modules_next_dist_1e8vcs8._.js:776
[ 1843056ms] [LOG] [Fast Refresh] done in 16ms @ http://localhost:3000/_next/static/chunks/node_modules_next_dist_1e8vcs8._.js:776
[ 1843117ms] [LOG] [Fast Refresh] done in 16ms @ http://localhost:3000/_next/static/chunks/node_modules_next_dist_1e8vcs8._.js:776
[ 1843181ms] [LOG] [Fast Refresh] done in 16ms @ http://localhost:3000/_next/static/chunks/node_modules_next_dist_1e8vcs8._.js:776
[ 1843243ms] [LOG] [Fast Refresh] done in 16ms @ http://localhost:3000/_next/static/chunks/node_modules_next_dist_1e8vcs8._.js:776
[ 1843305ms] [LOG] [Fast Refresh] done in 16ms @ http://localhost:3000/_next/static/chunks/node_modules_next_dist_1e8vcs8._.js:776
[ 1843366ms] [LOG] [Fast Refresh] done in 16ms @ http://localhost:3000/_next/static/chunks/node_modules_next_dist_1e8vcs8._.js:776
[ 1843431ms] [LOG] [Fast Refresh] done in 16ms @ http://localhost:3000/_next/static/chunks/node_modules_next_dist_1e8vcs8._.js:776
[ 1843492ms] [LOG] [Fast Refresh] done in 16ms @ http://localhost:3000/_next/static/chunks/node_modules_next_dist_1e8vcs8._.js:776
[ 1843554ms] [LOG] [Fast Refresh] done in 16ms @ http://localhost:3000/_next/static/chunks/node_modules_next_dist_1e8vcs8._.js:776
[ 1843616ms] [LOG] [Fast Refresh] done in 16ms @ http://localhost:3000/_next/static/chunks/node_modules_next_dist_1e8vcs8._.js:776
[ 1843678ms] [LOG] [Fast Refresh] done in 16ms @ http://localhost:3000/_next/static/chunks/node_modules_next_dist_1e8vcs8._.js:776
[ 1843740ms] [LOG] [Fast Refresh] done in 16ms @ http://localhost:3000/_next/static/chunks/node_modules_next_dist_1e8vcs8._.js:776
[ 1843804ms] [LOG] [Fast Refresh] done in 16ms @ http://localhost:3000/_next/static/chunks/node_modules_next_dist_1e8vcs8._.js:776
[ 1843867ms] [LOG] [Fast Refresh] done in 16ms @ http://localhost:3000/_next/static/chunks/node_modules_next_dist_1e8vcs8._.js:776
[ 1843929ms] [LOG] [Fast Refresh] done in 16ms @ http://localhost:3000/_next/static/chunks/node_modules_next_dist_1e8vcs8._.js:776
[ 1843991ms] [LOG] [Fast Refresh] done in 16ms @ http://localhost:3000/_next/static/chunks/node_modules_next_dist_1e8vcs8._.js:776
[ 1844054ms] [LOG] [Fast Refresh] done in 16ms @ http://localhost:3000/_next/static/chunks/node_modules_next_dist_1e8vcs8._.js:776
[ 1844116ms] [LOG] [Fast Refresh] done in 16ms @ http://localhost:3000/_next/static/chunks/node_modules_next_dist_1e8vcs8._.js:776
[ 1844178ms] [LOG] [Fast Refresh] done in 16ms @ http://localhost:3000/_next/static/chunks/node_modules_next_dist_1e8vcs8._.js:776
[ 1844240ms] [LOG] [Fast Refresh] done in 16ms @ http://localhost:3000/_next/static/chunks/node_modules_next_dist_1e8vcs8._.js:776
[ 1844304ms] [LOG] [Fast Refresh] done in 16ms @ http://localhost:3000/_next/static/chunks/node_modules_next_dist_1e8vcs8._.js:776
[ 1844366ms] [LOG] [Fast Refresh] done in 16ms @ http://localhost:3000/_next/static/chunks/node_modules_next_dist_1e8vcs8._.js:776
[ 1844428ms] [LOG] [Fast Refresh] done in 16ms @ http://localhost:3000/_next/static/chunks/node_modules_next_dist_1e8vcs8._.js:776
[ 1844491ms] [LOG] [Fast Refresh] done in 16ms @ http://localhost:3000/_next/static/chunks/node_modules_next_dist_1e8vcs8._.js:776
[ 1844553ms] [LOG] [Fast Refresh] done in 16ms @ http://localhost:3000/_next/static/chunks/node_modules_next_dist_1e8vcs8._.js:776
[ 1844615ms] [LOG] [Fast Refresh] done in 16ms @ http://localhost:3000/_next/static/chunks/node_modules_next_dist_1e8vcs8._.js:776
[ 1844678ms] [LOG] [Fast Refresh] done in 16ms @ http://localhost:3000/_next/static/chunks/node_modules_next_dist_1e8vcs8._.js:776
[ 1844740ms] [LOG] [Fast Refresh] done in 16ms @ http://localhost:3000/_next/static/chunks/node_modules_next_dist_1e8vcs8._.js:776
[ 1844803ms] [LOG] [Fast Refresh] done in 16ms @ http://localhost:3000/_next/static/chunks/node_modules_next_dist_1e8vcs8._.js:776
[ 1844866ms] [LOG] [Fast Refresh] done in 16ms @ http://localhost:3000/_next/static/chunks/node_modules_next_dist_1e8vcs8._.js:776
[ 1844928ms] [LOG] [Fast Refresh] done in 16ms @ http://localhost:3000/_next/static/chunks/node_modules_next_dist_1e8vcs8._.js:776
[ 1844992ms] [LOG] [Fast Refresh] done in 16ms @ http://localhost:3000/_next/static/chunks/node_modules_next_dist_1e8vcs8._.js:776
